Workbook

Sheet Take-off
B1: 1900
B2: Take-off distance Beech 1900C | G2: Version
B3: Interpoleringsverktyg för startsträcka från OM-B. | G3: 46290
B4: RWY: | C4: Custom airport
C5: =IFERROR(__xludf.dummyfunction("SUBSTITUTE(IMPORTDATA(""https://aviationweather.gov/api/data/metar?ids="" & LEFT(C4, 4) & ""&format=raw""), ""METAR "", """")"),"ESKM 051820Z AUTO 23007KT 110V280 9999 NCD 15/11 Q0994") -> ESKM 051820Z AUTO 23007KT 110V280 9999 NCD 15/11 Q0994
B6: Wind: | C6: =IFERROR(__xludf.dummyfunction("IF(E6<>"""", E6, IF($G$8, E6, IFERROR(IF(REGEXMATCH(C5, ""\bVRB""), ""000"", VALUE(REGEXEXTRACT(C5, ""\b(\d{3})\d{2,3}(?:G\d{2,3})?(?:KT|MPS)\b""))), ""-"")))"),230) -> 230 | D6: ° | F6: =IF(C24<0, "Tailwind", "") -> Tailwind
B7: Windspeed | C7: =IFERROR(__xludf.dummyfunction("IF(E7<>"""", E7, IF($G$8, E7, IFERROR(VALUE(REGEXEXTRACT(C5, ""\b(?:\d{3}|VRB)(\d{2,3})(?:G\d{2,3})?(?:KT|MPS)\b"")), ""-"")))"),7) -> 7 | D7: kt
B8: Outside air temperature: | C8: =IFERROR(__xludf.dummyfunction("IF(E8<>"""", E8, IF($G$8, E8, IFERROR(VALUE(SUBSTITUTE(REGEXEXTRACT(C5, ""\b(M?\d{2})\/(?:M?\d{2})\b""), ""M"", ""-"")), ""-"")))"),15) -> 15 | D8: °C | F8: Remove manual MET | G8: =FALSE() -> FALSE
B9: QNH | C9: =IFERROR(__xludf.dummyfunction("IF(E9<>"""", E9, IF($G$8, E9, IFERROR(VALUE(REGEXEXTRACT(C5, ""\bQ(\d{4})\b"")), ""-"")))"),994) -> 994 | D9: Hpa
B10: Runway Condition Code | C10: 5 | E10: MANUAL MET -> | F10: REFRESH METAR | G10: =FALSE() -> FALSE
B11: Runway contaminant | C11: Dry snow | I11: BORT
B12: Contaminant depth | C12: 3 | D12: mm | E12: Max: | F12: =VLOOKUP(C11,'Dropdown lists'!B34:G40,5,FALSE()) -> mm
B13: Engine Anti-ice | C13: OFF | E13: Technique | F13: Rolling take off | I13: Engine anti-ice can be disregarded (OFF in calculation) whenever 3300 lbs/ft take-off power can be obtained
B14: Take off mass: | C14: 15800 | D14: Lbs | E14: MTOW=16600 lbs
B15: Airport data (Exapandable)
B16: Treshold elevation: | C16: {=_xlfn.XLOOKUP($C$4, 'Airport data'!$A$5:$A1006, 'Airport data'!$B$5:$B1006)} -> 200 | D16: ft
B17: Runway Slope: | C17: {=_xlfn.XLOOKUP($C$4, 'Airport data'!$A$5:$A1006, 'Airport data'!$G$5:$G1006)} -> 0 | D17: % | F17: + = upphill
B18: RWY Heading: | C18: {=_xlfn.XLOOKUP( $C$4, 'Airport data'!$A$5:$A1006, 'Airport data'!$H$5:$H1006)} -> 120 | D18: °
B19: ASDA: | C19: {=_xlfn.XLOOKUP( $C$4, 'Airport data'!$A$5:$A1006, 'Airport data'!$E$5:$E1006)-10} -> 1990 | D19: m | F19: Req gradient: | G19: {=_xlfn.XLOOKUP( $C$4, 'Airport data'!$A$5:$A1006, 'Airport data'!$I$5:$I1006)} -> 3.3
B20: TORA: | C20: {=_xlfn.XLOOKUP( $C$4, 'Airport data'!$A$5:$A1006, 'Airport data'!$C$5:$C1006)-10} -> 1990 | D20: m
B21: TODA: | C21: {=_xlfn.XLOOKUP( $C$4, 'Airport data'!$A$5:$A1006, 'Airport data'!$D$5:$D1006)-10} -> 1990 | D21: m | E21: TOR | F21: =C35*1.15 -> 1064.8359
B22: LDA: | C22: {=_xlfn.XLOOKUP( $C$4, 'Airport data'!$A$5:$A1006, 'Airport data'!$F$5:$F1006)} -> 2000 | D22: m
B23: Calculated data
B24: Head/Tail wind | C24: ='TAKE OFF Performance FLAPS UP'!D36 -> -2.394141 | D24: Kt | E24: Take-off Distance Factor | F24: {=_xlfn.XLOOKUP('Take-off'!$C$10,'Dropdown lists'!$B$4:$B$9,'Dropdown lists'!$D$4:$D$9)} -> 1.07
B25: Crosswind | C25: =ABS('TAKE OFF Performance FLAPS UP'!C41*C7) -> 6.5778483 | D25: Kt | E25: Limit | F25: {=_xlfn.XLOOKUP(C10, 'Dropdown lists'!$B$4:$B$10, 'Dropdown lists'!$E$4:$E$10)} -> 25
B26: FLAPS: | C26: UP | D26: TAKE-OFF | E26: APP | G26: FULL
B27: Dry Runway (Expandable) | I27: Kommer inte att användas med take-off faktorer - Då är RWYCC 6 samma sak
B28: Ground Roll [m] | C28: ='TAKE OFF Performance FLAPS UP'!E29 -> 865.36848 | D28: ='TAKE OFF Performance FLAPS TAKE'!E29 -> 843.64506 | E28: ='TAKE OFF Performance FLAPS APPR'!E29 -> 824.16979
B29: Take off distance [m] | C29: =MAX('TAKE OFF Performance FLAPS UP'!E30:E32) -> 1842.1269 | D29: =MAX('TAKE OFF Performance FLAPS TAKE'!E30:E32) -> 1711.2732 | E29: =MAX('TAKE OFF Performance FLAPS APPR'!E30:E32) -> 1780.1208
B30: Accelerade & STOP [m] | C30: ='TAKE OFF Performance FLAPS UP'!E33 -> 1580.0603 | D30: ='TAKE OFF Performance FLAPS TAKE'!E33 -> 1441.3942 | E30: ='TAKE OFF Performance FLAPS APPR'!E33 -> 1344.4176
B31: V1 [kts] | C31: ='TAKE OFF Performance FLAPS UP'!E$22 -> 110.6 | D31: ='TAKE OFF Performance FLAPS TAKE'!E$22 -> 106.5 | E31: ='TAKE OFF Performance FLAPS APPR'!E22 -> 103.5
B32: VR [kts] | C32: ='TAKE OFF Performance FLAPS UP'!E$22 -> 110.6 | D32: ='TAKE OFF Performance FLAPS TAKE'!E$22 -> 106.5 | E32: ='TAKE OFF Performance FLAPS APPR'!E22 -> 103.5
B33: V2 [kts] | C33: ='TAKE OFF Performance FLAPS UP'!I22 -> 118 | D33: ='TAKE OFF Performance FLAPS TAKE'!I22 -> 113.8 | E33: ='TAKE OFF Performance FLAPS APPR'!I22 -> 111.6
B34: Selected contaminant
B35: Ground Roll [m] | C35: ='TAKE OFF Performance FLAPS UP'!E29*F24 -> 925.94428 | D35: ='TAKE OFF Performance FLAPS TAKE'!E29*F24 -> 902.70022 | E35: ='TAKE OFF Performance FLAPS APPR'!E29*F24 -> 881.86168
B36: Take off distance [m] | C36: =MAX('TAKE OFF Performance FLAPS UP'!E30:E32)*F24 -> 1971.0758 | D36: =MAX('TAKE OFF Performance FLAPS TAKE'!E30:E32)*F24 -> 1831.0623 | E36: =MAX('TAKE OFF Performance FLAPS APPR'!E30:E32)*F24 -> 1904.7292
B37: Accelerade & STOP [m] | C37: ='TAKE OFF Performance FLAPS UP'!E33*F24 -> 1690.6645 | D37: ='TAKE OFF Performance FLAPS TAKE'!E33*F24 -> 1542.2918 | E37: ='TAKE OFF Performance FLAPS APPR'!E33*F24 -> 1438.5269
B38: V1 [kts] | C38: ='TAKE OFF Performance FLAPS UP'!E$22 -> 110.6 | D38: ='TAKE OFF Performance FLAPS TAKE'!E$22 -> 106.5 | E38: ='TAKE OFF Performance FLAPS APPR'!E22 -> 103.5
B39: VR [kts] | C39: ='TAKE OFF Performance FLAPS UP'!E$22 -> 110.6 | D39: ='TAKE OFF Performance FLAPS TAKE'!E$22 -> 106.5 | E39: ='TAKE OFF Performance FLAPS APPR'!E22 -> 103.5
B40: V2 [kts] | C40: ='TAKE OFF Performance FLAPS UP'!I22 -> 118 | D40: ='TAKE OFF Performance FLAPS TAKE'!I$22 -> 113.8 | E40: ='TAKE OFF Performance FLAPS APPR'!I22 -> 111.6
B41: Climb
B42: Net Gradient OEI wings level [%] | C42: =IF( C24>0, 'NET GRADIENT OF CLIMB'!C56*(125/(125-50%*ABS(C24))), 'NET GRADIENT OF CLIMB'!C56*(125/(125+150%*ABS(C24))) ) -> 3.6328809 | D42: =IF( C24>0, 'NET GRADIENT OF CLIMB'!P56*(125/(125-50%*ABS(C24))), 'NET GRADIENT OF CLIMB'!P56*(125/(125+150%* ABS(C24))) ) -> 3.2805046 | E42: =IF( C24>0, 'NET GRADIENT OF CLIMB'!AC56*(125/(125-50%* ABS(C24))), 'NET GRADIENT OF CLIMB'!AC56*(125/(125+150%* ABS(C24))) ) -> 2.3471666 | I42: Standard Procedure Design Gradient (PDG): 3,3%
B43: Gradient includes wind, 150% & 50%
B44: Emergency Return
B45: VREF [kts] | C45: ='LDG Performance'!K21 -> 128 | G45: ='LDG Performance'!I21 -> 112.14286
B46: Landing Distance [m] | C46: =('LDG Performance'!D90/3.28)*'LDG Performance'!C55 -> 2355.7683 | G46: ='LDG Performance'!C54 -> 1556.0319
C56: Flaps UP | D56: Flaps TAKE-OFF | E56: Flaps APPROACH
B57: Limiting runway | C57: =#REF! -> #REF! | D57: =#REF! -> #REF! | E57: =#REF! -> #REF!
B58: =_xludf.concat("TOFL ",B34) -> #NAME? | C58: =C36 -> 1971.0758 | D58: =D36 -> 1831.0623 | E58: =E36 -> 1904.7292
B68: Escape Route planning
B69: Minimum cloud base: | C69: =_xlfn.XLOOKUP( $C$4, 'Airport data'!$A$5:$A1006, 'Airport data'!$K$5:$K1006) -> 666 | D69: ft
B70: Escape Route: | C70: =_xlfn.XLOOKUP( $C$4, 'Airport data'!$A$5:$A1006, 'Airport data'!$L$5:$L1006) -> Kör mot OY gör en racetrack entry och stig på QDR 090 till MSA.

Sheet Landing
B2: Landning distance Beech 1900C | G2: Version
B3: Interpoleringsverktyg för landningsträcka | G3: 46001
B4: RWY | C4: Custom airport
C5: =IFERROR(__xludf.dummyfunction("SUBSTITUTE(IMPORTDATA(""https://aviationweather.gov/api/data/metar?ids="" & LEFT(C4, 4) & ""&format=raw""), ""METAR "", """")"),"ESKM 051820Z AUTO 23007KT 110V280 9999 NCD 15/11 Q0994") -> ESKM 051820Z AUTO 23007KT 110V280 9999 NCD 15/11 Q0994
B6: Wind: | C6: =IFERROR(__xludf.dummyfunction("IF(E6<>"""", E6, IF($G$8, E6, IFERROR(IF(REGEXMATCH(C5, ""\bVRB""), ""000"", VALUE(REGEXEXTRACT(C5, ""\b(\d{3})\d{2,3}(?:G\d{2,3})?(?:KT|MPS)\b""))), ""-"")))"),230) -> 230 | D6: ° | F6: =IF(C21<0, "Tailwind", "") -> Tailwind
C7: =IFERROR(__xludf.dummyfunction("IF(E7<>"""", E7, IF($G$8, E7, IFERROR(VALUE(REGEXEXTRACT(C5, ""\b(?:\d{3}|VRB)(\d{2,3})(?:G\d{2,3})?(?:KT|MPS)\b"")), ""-"")))"),7) -> 7 | D7: kt
B8: Outside air temperature: | C8: =IFERROR(__xludf.dummyfunction("IF(E8<>"""", E8, IF($G$8, E8, IFERROR(VALUE(SUBSTITUTE(REGEXEXTRACT(C5, ""\b(M?\d{2})\/(?:M?\d{2})\b""), ""M"", ""-"")), ""-"")))"),15) -> 15 | D8: °C | F8: Remove manual MET | G8: =FALSE() -> FALSE
B9: QNH | C9: =IFERROR(__xludf.dummyfunction("IF(E9<>"""", E9, IF($G$8, E9, IFERROR(VALUE(REGEXEXTRACT(C5, ""\bQ(\d{4})\b"")), ""-"")))"),994) -> 994 | D9: Hpa
B10: Runway Condition Code | C10: 5 | E10: MANUAL MET -> | F10: REFRESH METAR | G10: =FALSE() -> FALSE
B11: Landing mass: | C11: 15500 | D11: Lbs
B12: Max landing weight | C12: 16100 | D12: Lbs
B14: Airport data (Exapandable) | C14: =IF(C11>C12, "Overweight landning","")
B15: Elevation: | C15: {=_xlfn.XLOOKUP($C$4,'Airport data'!$A$5:$A1003,'Airport data'!$B$5:$B1003)} -> 200 | D15: ft
B16: Runway Slope: | C16: {=_xlfn.XLOOKUP($C$4,'Airport data'!$A$5:$A1003,'Airport data'!$G$5:$G1003)} -> 0 | D16: % | F16: + = upphill
B17: RWY Heading: | C17: {=_xlfn.XLOOKUP($C$4,'Airport data'!$A$5:$A1003,'Airport data'!$H$5:$H1003)} -> 120 | D17: °
B18: LDA: | C18: {=_xlfn.XLOOKUP($C$4,'Airport data'!$A$5:$A1003,'Airport data'!$F$5:$F1003)} -> 2000 | D18: m
B19: Calculated data
B20: Landing Distance Factor | C20: {=_xlfn.XLOOKUP(C10,'Dropdown lists'!$B$4:$B$9,'Dropdown lists'!$C$4:$C$9)} -> 1.82
B21: Head/Tail wind | C21: ='LDG Performance'!D32 -> -2.394141 | D21: Kt
B22: Crosswind | C22: =ABS('LDG Performance'!C37*C7) -> 6.5778483 | D22: Kt | F22: Limit | G22: {=_xlfn.XLOOKUP(C10,'Dropdown lists'!$B$4:$B$9,'Dropdown lists'!$E$4:$E$9)} -> 25
B24: FLAPS: | C24: UP | D24: TAKE-OFF | F24: APP | G24: FULL
B25: Landing Distance
B26: VREF [kts] | C26: ='LDG Performance'!M21 -> 127 | G26: ='LDG Performance'!E21 -> 111.28571
B27: Landing Distance factored [m] | C27: =('LDG Performance'!B90/3.28)*Landing!C20 -> 2331.5264 | G27: ='Landing distance data'!C104*C20 -> 1537.3843
B28: Flap Up based on AFM graph
C29: =IF(ISBLANK(C10), "Dry & Unfactored *1,67", "" )
B30: Missed approach
B31: OEI Climb Gradient [%] | C31: =IF( C21>0, 'OEI CLIMB GRADIENT'!P47*(125/(125+50%*C21)), 'OEI CLIMB GRADIENT'!P47*(125/(125-150%*C21)) ) -> 3.3900791 | D31: Gradient includes wind, 150% & 50%
C35: Flaps UP | D35: Flaps FULL
B36: LDA | C36: =Landing!$C$18 -> 2000 | D36: =Landing!$C$18 -> 2000
B37: Landing distance | C37: =C27 -> 2331.5264 | D37: =G27 -> 1537.3843

Sheet Airport data
A1: Airport | B1: Runway Threshold Elevation: | C1: TORA | D1: TODA | E1: ASDA | F1: LDA: | G1: RWY Slope: | H1: RWY HDG | I1: Minimum departure climb gradient, obstacles | J1: Uppdaterad | K1: ESCAPE ROUTE INFO
K2: Min cloud base | L2: Routing
B4: [ft] | C4: [m] | D4: [m] | E4: [m] | F4: [m] | G4: [%] | H4: [°] | I4: [%] | J4: [Date] | K4: [ft] | L4: [Text]
A5: No airport selected | B5: - | D5: - | E5: - | F5: - | G5: - | H5: - | J5: -
A6: Custom airport | B6: 200 | C6: 2000 | D6: 2000 | E6: 2000 | F6: 2000 | G6: 0 | H6: 120 | I6: 3.3 | K6: 666 | L6: Kör mot OY gör en racetrack entry och stig på QDR 090 till MSA. | N6: ÄNDRA ljusgröna RADER VID BEHOV

Sheet Dropdown lists
B1: Factors | E1: X-wind
C2: LDF | D2: Takeoff Faktor
B3: RWCC | C3: Faktor | E3: Limit
B4: 1 | C4: 2.22 | D4: 1.59 | E4: 4
B5: 2 | C5: 2.12 | D5: 1.41 | E5: 9
B6: 3 | C6: 1.97 | D6: 1.22 | E6: 14
B7: 4 | C7: 1.92 | D7: 1.14 | E7: 20
B8: 5 | C8: 1.82 | D8: 1.07 | E8: 25
B9: 6 | C9: 1.67 | D9: 1 | E9: 25
E10: 25
B12: FLAPS
B19: Runway take off
B27: Engine anti-ice
B30: ON
B31: OFF
B33: Runway contaminant | E33: Faktor | F33: Måttenhet | G33: Max
B34: Wet Runway | E34: 0 | G34: N/A
B35: Compacted snow | E35: 0 | G35: N/A
B36: Dry snow | E36: 0.005 | F36: mm | G36: N/A
B37: Wet snow | E37: 0.01 | F37: mm | G37: 50
B38: Slush | E38: 0.02 | F38: mm | G38: 25
B39: Standing water | E39: 0.02 | F39: mm | G39: 25
B40: No contaminant | E40: 0 | G40: N/A
B44: Technique
B47: Static T/O power
B48: Rolling take off

Sheet LDG Performance
A1: LANDING PERFORMANCE (Normal)
H2: EMG RETURN | I2: EMG RETURN | J2: FLAPS UP | K2: EMG RETURN | L2: FLAPS UP | M2: Normal
A3: Landing Mass | D3: Speeds | H3: Speeds | J3: Speeds | L3: Speeds
D4: Vref | H4: Vref | J4: Vref | L4: Vref
A5: 12000 | D5: 101 | H5: 101 | J5: 116 | L5: 116
A6: 12000 | D6: 101 | H6: 101 | J6: 116 | L6: 116
A7: 14000 | D7: 107 | H7: 107 | J7: 122 | L7: 122
A8: 16100 | D8: 113 | H8: 113 | J8: 129 | L8: 129
A9: 16600 | D9: 115 | H9: 115 | J9: 130 | L9: 130
A11: Table size Landing distance
B12: Rows: | C12: =MATCH(MAX(A5:A9),A5:A9,0) -> 5
B13: Columns: | C13: =MATCH(MAX(D5),D5,0) -> 1
D15: x_n: | E15: =D4 -> Vref | I15: =H4 -> Vref | K15: =J4 -> Vref | M15: =L4 -> Vref
D16: y_n: | E16: =Landing!C11 -> 15500 | I16: ='Take-off'!C14 -> 15800 | K16: ='Take-off'!C14 -> 15800 | M16: =Landing!C11 -> 15500
D17: n1: | E17: {=INDEX($A$5:$A$9,MATCH(E16,$A$5:$A$9,1))} -> 14000 | I17: {=INDEX($A$5:$A$9,MATCH(I16,$A$5:$A$9,1))} -> 14000 | K17: {=INDEX($A$5:$A$9,MATCH(K16,$A$5:$A$9,1))} -> 14000 | M17: {=INDEX($A$5:$A$9,MATCH(M16,$A$5:$A$9,1))} -> 14000
D18: n2: | E18: {=INDEX($A$5:$A$9,IF(MATCH(E16,$A$5:$A$9,1)<$C$12,MATCH(E16,$A$5:$A$9,1)+1,MATCH(E16,$A$5:$A$9,1)))} -> 16100 | I18: {=INDEX($A$5:$A$9,IF(MATCH(I16,$A$5:$A$9,1)<$C$12,MATCH(I16,$A$5:$A$9,1)+1,MATCH(I16,$A$5:$A$9,1)))} -> 16100 | K18: {=INDEX($A$5:$A$9,IF(MATCH(K16,$A$5:$A$9,1)<$C$12,MATCH(K16,$A$5:$A$9,1)+1,MATCH(K16,$A$5:$A$9,1)))} -> 16100 | M18: {=INDEX($A$5:$A$9,IF(MATCH(M16,$A$5:$A$9,1)<$C$12,MATCH(M16,$A$5:$A$9,1)+1,MATCH(M16,$A$5:$A$9,1)))} -> 16100
D19: y1_n1: | E19: {=INDEX(D5:D9,MATCH(E16,$A$5:$A$9,1),MATCH(E15,D4,1))} -> 107 | I19: {=INDEX(H5:H9,MATCH(I16,$A$5:$A$9,1),MATCH(I15,H4,1))} -> 107 | K19: {=INDEX(J5:J9,MATCH(K16,$A$5:$A$9,1),MATCH(K15,J4,1))} -> 122 | M19: {=INDEX(L5:L9,MATCH(M16,$A$5:$A$9,1),MATCH(M15,L4,1))} -> 122
D20: y1_n2: | E20: {=INDEX(D5:D9,IF(MATCH(E16,$A$5:$A$9,1)<$C$12,MATCH(E16,$A$5:$A$9,1)+1,MATCH(E16,$A$5:$A$9,1)),MATCH(E15,D4,1))} -> 113 | I20: {=INDEX(H5:H9,IF(MATCH(I16,$A$5:$A$9,1)<$C$12,MATCH(I16,$A$5:$A$9,1)+1,MATCH(I16,$A$5:$A$9,1)),MATCH(I15,H4,1))} -> 113 | K20: {=INDEX(J5:J9,IF(MATCH(K16,$A$5:$A$9,1)<$C$12,MATCH(K16,$A$5:$A$9,1)+1,MATCH(K16,$A$5:$A$9,1)),MATCH(K15,J4,1))} -> 129 | M20: {=INDEX(L5:L9,IF(MATCH(M16,$A$5:$A$9,1)<$C$12,MATCH(M16,$A$5:$A$9,1)+1,MATCH(M16,$A$5:$A$9,1)),MATCH(M15,L4,1))} -> 129
D21: Vref: | E21: =IFERROR(E19+(E16-E17)*(E20-E19)/(E18-E17),E19) -> 111.28571 | I21: =IFERROR(I19+(I16-I17)*(I20-I19)/(I18-I17),I19) -> 112.14286 | K21: =IFERROR(K19+(K16-K17)*(K20-K19)/(K18-K17),K19) -> 128 | M21: =IFERROR(M19+(M16-M17)*(M20-M19)/(M18-M17),M19) -> 127
B29: Windcalc
B31: WCA | C31: Factor | D31: H/T wind
B32: =IF(ABS(Landing!C17-Landing!C6)>270,360-ABS(Landing!C17-Landing!C6),Landing!C17-Landing!C6) -> -110 | C32: =IF(ABS(B32)>90,ABS(COS(B32*PI()/180))*(-1),ABS(COS(B32*PI()/180))) -> -0.34202014 | D32: =IF( ISBLANK(Landing!C6), Landing!C7*-1, Landing!C7*C32) -> -2.394141
B37: Crosswind factor | C37: =IF(ABS(B32)>90,ABS(SIN(B32*PI()/180))*(-1),ABS(SIN(B32*PI()/180))) -> -0.93969262
A48: Emergency Return
B53: Unfactorised | C53: Factorised
B54: ='Landing distance data'!K104 -> 854.96258 | C54: =B54*C55 -> 1556.0319
B55: Landing Distance Factor: | C55: =IF( ISBLANK('Take-off'!C10),MIN('Dropdown lists'!C4:C10), VLOOKUP('Take-off'!C10,'Dropdown lists'!B4:C10,2)) -> 1.82
A66: LANDING PERFORMANCE (UP)
A68: Landing Distance Flaps LAND [feet] | B68: Landing distance | D68: EMG RETURN
B69: UP | D69: EMG RETURN
A70: 1000 | B70: 1650
A71: 1500 | B71: 2400
A72: 2000 | B72: 3120
A73: 2500 | B73: 3850
A74: 3000 | B74: 4500
A75: 3500 | B75: 5200
A76: 4000 | B76: 5800
A77: 4500 | B77: 6500
A78: 5000 | B78: 99999
A80: Table size Landing distance
B81: Rows: | C81: =MATCH(MAX(A70:A78),A70:A78,0) -> 9
B82: Columns: | C82: =MATCH(MAX(B70),B70,0) -> 1
A84: x_n: | B84: =B69 -> UP | D84: =D69 -> EMG RETURN
A85: y_n: | B85: ='Landing distance data'!C104*3.28 -> 2770.6706 | D85: ='Landing distance data'!K104*3.28 -> 2804.2773
A86: n1: | B86: {=INDEX(A70:A78,MATCH(B85,A70:A78,1))} -> 2500 | D86: {=INDEX($A$70:$A$78,MATCH(D85,$A$70:$A$78,1))} -> 2500
A87: n2: | B87: {=INDEX(A70:A78,IF(MATCH(B85,A70:A78,1)<C81,MATCH(B85,A70:A78,1)+1,MATCH(B85,A70:A78,1)))} -> 3000 | D87: {=INDEX($A$70:$A$78,IF(MATCH(D85,$A$70:$A$78,1)<$C$81,MATCH(D85,$A$70:$A$78,1)+1,MATCH(D85,$A$70:$A$78,1)))} -> 3000
A88: y1_n1: | B88: {=INDEX(B70:B78,MATCH(B85,A70:A78,1),MATCH(B84,B69,1))} -> 3850 | D88: {=INDEX(B70:B78,MATCH(D85,$A$70:$A$78,1),MATCH(D84,D69,1))} -> 3850
A89: y1_n2: | B89: {=INDEX(B70:B78,IF(MATCH(B85,A70:A78,1)<C81,MATCH(B85,A70:A78,1)+1,MATCH(B85,A70:A78,1)),MATCH(B84,B69,1))} -> 4500 | D89: {=INDEX(B70:B78,IF(MATCH(D85,$A$70:$A$78,1)<$C$81,MATCH(D85,$A$70:$A$78,1)+1,MATCH(D85,$A$70:$A$78,1)),MATCH(D84,D69,1))} -> 4500
A90: T/O Distance: | B90: =IFERROR(B88+(B85-B86)*(B89-B88)/(B87-B86),B88) -> 4201.8717 | D90: =IFERROR(D88+(D85-D86)*(D89-D88)/(D87-D86),D88) -> 4245.5604

Sheet TAKE OFF Performance FLAPS UP
A1: Take off PERFORMANCE (FLAPS UP)
A2: UP
A3: Landing Mass | D3: Speeds | H3: Speeds
D4: V1/R | H4: V2
A5: 12000 | D5: 107 | H5: 118
A6: 13000 | D6: =((D7-D5)/($A7-$A5))*($A6-$A5)+D5 -> 107 | H6: =((H7-H5)/($A7-$A5))*($A6-$A5)+H5 -> 118
A7: 14000 | D7: 107 | H7: 118
A8: 15000 | D8: =((D9-D7)/($A9-$A7))*($A8-$A7)+D7 -> 109 | H8: =((H9-H7)/($A9-$A7))*($A8-$A7)+H7 -> 118
A9: 16000 | D9: 111 | H9: 118
A10: 16600 | D10: 112 | H10: 120
D12: Table size Vref | H12: V2
D13: Rows: | E13: =MATCH(MAX($A5:$A10),$A5:$A10,0) -> 6 | I13: =MATCH(MAX($A5:$A10),$A5:$A10,0) -> 6
D14: Columns: | E14: =MATCH(MAX(D5),D5,0) -> 1 | I14: =MATCH(MAX(H5),H5,0) -> 1
D16: x_n: | E16: =D4 -> V1/R | I16: =H4 -> V2
D17: y_n: | E17: ='Take-off'!$C$14 -> 15800 | I17: ='Take-off'!$C$14 -> 15800
D18: n1: | E18: {=INDEX($A5:$A10,MATCH(E17,$A5:$A10,1))} -> 15000 | I18: {=INDEX($A5:$A10,MATCH(I17,$A5:$A10,1))} -> 15000
D19: n2: | E19: {=INDEX($A5:$A10,IF(MATCH(E17,$A5:$A10,1)<E13,MATCH(E17,$A5:$A10,1)+1,MATCH(E17,$A5:$A10,1)))} -> 16000 | I19: {=INDEX($A5:$A10,IF(MATCH(I17,$A5:$A10,1)<I13,MATCH(I17,$A5:$A10,1)+1,MATCH(I17,$A5:$A10,1)))} -> 16000
D20: y1_n1: | E20: {=INDEX(D5:D10,MATCH(E17,$A5:$A10,1),MATCH(E16,D4,1))} -> 109 | I20: {=INDEX(H5:H10,MATCH(I17,$A5:$A10,1),MATCH(I16,H4,1))} -> 118
D21: y1_n2: | E21: {=INDEX(D5:D10,IF(MATCH(E17,$A5:$A10,1)<E13,MATCH(E17,$A5:$A10,1)+1,MATCH(E17,$A5:$A10,1)),MATCH(E16,D4,1))} -> 111 | I21: {=INDEX(H5:H10,IF(MATCH(I17,$A5:$A10,1)<I13,MATCH(I17,$A5:$A10,1)+1,MATCH(I17,$A5:$A10,1)),MATCH(I16,H4,1))} -> 118
D22: Vref: | E22: =IFERROR(E20+(E17-E18)*(E21-E20)/(E19-E18),E20) -> 110.6 | I22: =IFERROR(I20+(I17-I18)*(I21-I20)/(I19-I18),I20) -> 118
A26: Landing distance required calculations
B28: Flat | C28: Teknik | D28: Slope | E28: Unfactored | F28: Factored
A29: Ground Roll | B29: ='Takeoff distance (2)'!C75/3.28 -> 712.92946 | C29: =IF('Take-off'!$F$13='Dropdown lists'!$B$48, 500/3.28, 0) -> 152.43902 | D29: =IF('Take-off'!$C$17>0, ((+'Take-off'!$C$17*5)%*SUM(B29:C29)),0 ) -> 0 | E29: =SUM(B29:D29) -> 865.36848 | F29: {=_xlfn.XLOOKUP('Take-off'!$C$10,'Dropdown lists'!$B$4:$B$9,'Dropdown lists'!$D$4:$D$9)*E29} -> 925.94428
A30: Take off distance | B30: ='Takeoff distance (2)'!C94/3.28 -> 1084.6381 | C30: =IF('Take-off'!$F$13='Dropdown lists'!$B$48, 500/3.28, 0) -> 152.43902 | D30: =IF('Take-off'!$C$17>0, ((+'Take-off'!$C$17*5)%*SUM(B30:C30)),0 ) -> 0 | E30: =SUM(B30:D30)*115% -> 1422.6387 | F30: {=_xlfn.XLOOKUP('Take-off'!$C$10,'Dropdown lists'!$B$4:$B$9,'Dropdown lists'!$D$4:$D$9)*E30} -> 1522.2234
A31: Accelerate GO DRY | B31: ='Accelerate and GO (2)'!C75/3.28 -> 1689.6879 | C31: =IF('Take-off'!$F$13='Dropdown lists'!$B$48, 500/3.28, 0) -> 152.43902 | D31: =IF('Take-off'!$C$17>0, ((+'Take-off'!$C$17*5)%*SUM(B31:C31)),0 ) -> 0 | E31: =SUM(B31:D31) -> 1842.1269 | F31: {=_xlfn.XLOOKUP('Take-off'!$C$10,'Dropdown lists'!$B$4:$B$9,'Dropdown lists'!$D$4:$D$9)*E31} -> 1971.0758
A32: Accelerate GO WET/CONT | B32: =B31 -> 1689.6879 | C32: =IF('Take-off'!$F$13='Dropdown lists'!$B$48, 500/3.28, 0) -> 152.43902 | D32: =IF('Take-off'!$C$17>0, ((+'Take-off'!$C$17*5)%*SUM(B32:C32)),0 ) -> 0 | E32: =SUM(B32:D32) -> 1842.1269 | F32: {=_xlfn.XLOOKUP('Take-off'!$C$10,'Dropdown lists'!$B$4:$B$9,'Dropdown lists'!$D$4:$D$9)*E32} -> 1971.0758
A33: Accelerate stop | B33: ='Accelerate and stop2'!C76/3.28 -> 1427.6213 | C33: =IF('Take-off'!$F$13='Dropdown lists'!$B$48, 500/3.28, 0) -> 152.43902 | D33: =IF('Take-off'!$C$17>0, ((+'Take-off'!$C$17*5)%*SUM(B33:C33)),0 ) -> 0 | E33: =SUM(B33:D33) -> 1580.0603 | F33: {=_xlfn.XLOOKUP('Take-off'!$C$10,'Dropdown lists'!$B$4:$B$9,'Dropdown lists'!$D$4:$D$9)*E33} -> 1690.6645
B35: WCA | C35: Factor | D35: H/T wind
B36: =IF(ABS('Take-off'!C18-'Take-off'!C6)>270,360-ABS('Take-off'!C18-'Take-off'!C6),'Take-off'!C18-'Take-off'!C6) -> -110 | C36: =IF(ABS(B36)>90,ABS(COS(B36*PI()/180))*(-1),ABS(COS(B36*PI()/180))) -> -0.34202014 | D36: =IF( ISBLANK('Take-off'!C6), 'Take-off'!C7*-1, 'Take-off'!C7*C36) -> -2.394141
A37: TDR | B37: Unfactorised | C37: Factorised
B41: Crosswind factor | C41: =IF(ABS(B36)>90,ABS(SIN(B36*PI()/180))*(-1),ABS(SIN(B36*PI()/180))) -> -0.93969262

Sheet TAKE OFF Performance FLAPS TAKE
A1: TAKE OFF PERFORMANCE (FLAPS TAKE-OFF)
A2: TAKE-OFF | N2: Contaminated runway | X2: Contaminated forts
A3: Mass | D3: Speeds | H3: Speeds | N3: Wet runway | S3: Compacted snow | X3: Dry snow | Y3: Wet snow | Z3: Slush | AA3: Standing water
D4: V1/R | H4: V2 | N4: TOFL | O4: V1 | P4: VR | Q4: V2 | S4: TOFL | T4: V1 | U4: VR | V4: V2 | X4: TOFL | Y4: TOFL | Z4: TOFL | AA4: TOFL | AB4: V1 | AC4: VR | AD4: V2
A5: 12000 | D5: 102 | H5: 112 | N5: ='Takeoff distance contaminated'!AQ103 -> 5190.8147 | O5: ='Takeoff distance contaminated'!AQ141 -> 102 | P5: ='Takeoff distance contaminated'!AQ177 -> 102 | Q5: ='Takeoff distance contaminated'!AQ213 -> 105 | S5: ='Takeoff distance contaminated'!AQ297 -> 8195.403 | T5: ='Takeoff distance contaminated'!AQ399 -> 111.38306 | U5: ='Takeoff distance contaminated'!AQ438 -> 9999 | V5: ='Takeoff distance contaminated'!AQ474 -> 9999 | X5: ='Takeoff distance contamined 2'!AQ127 -> 5707.6744 | Y5: ='Takeoff distance contamined 2'!AQ215 -> 5788.9526 | Z5: ='Takeoff distance contamined 2'!AQ304 -> 5786.4234 | AA5: ='Takeoff distance contamined 2'!AQ374 -> 5792.563 | AB5: ='Takeoff distance contamined 2'!AQ409 -> 102 | AC5: ='Takeoff distance contamined 2'!AQ409 -> 102 | AD5: ='Takeoff distance contamined 2'!AQ444 -> 105
A6: 13000 | D6: =((D7-D5)/($A7-$A5))*($A6-$A5)+D5 -> 102 | H6: =((H7-H5)/($A7-$A5))*($A6-$A5)+H5 -> 112 | N6: ='Takeoff distance contaminated'!AI103 -> 5277.2903 | O6: ='Takeoff distance contaminated'!AI141 -> 102 | P6: ='Takeoff distance contaminated'!AI177 -> 102.77 | Q6: ='Takeoff distance contaminated'!AI213 -> 105 | S6: ='Takeoff distance contaminated'!AI297 -> 8195.403 | T6: ='Takeoff distance contaminated'!AI399 -> 111.38306 | U6: ='Takeoff distance contaminated'!AI438 -> 9999 | V6: ='Takeoff distance contaminated'!AI474 -> 9999 | X6: ='Takeoff distance contamined 2'!AI127 -> 5808.4569 | Y6: ='Takeoff distance contamined 2'!AI215 -> 5889.6907 | Z6: ='Takeoff distance contamined 2'!AI304 -> 5892.4635 | AA6: ='Takeoff distance contamined 2'!AI374 -> 5897.4508 | AB6: ='Takeoff distance contamined 2'!AI409 -> 102.77 | AC6: ='Takeoff distance contamined 2'!AI409 -> 102.77 | AD6: ='Takeoff distance contamined 2'!AI444 -> 105
A7: 14000 | D7: 102 | H7: 112 | N7: ='Takeoff distance contaminated'!AA103 -> 5373.235 | O7: ='Takeoff distance contaminated'!AA141 -> 102 | P7: ='Takeoff distance contaminated'!AA177 -> 106 | Q7: ='Takeoff distance contaminated'!AA213 -> 108 | S7: ='Takeoff distance contaminated'!AA297 -> 8195.403 | T7: ='Takeoff distance contaminated'!AA399 -> 111.38306 | U7: ='Takeoff distance contaminated'!AA438 -> 9999 | V7: ='Takeoff distance contaminated'!AA474 -> 9999 | X7: ='Takeoff distance contamined 2'!AA127 -> 6287.8634 | Y7: ='Takeoff distance contamined 2'!AA215 -> 6366.4101 | Z7: ='Takeoff distance contamined 2'!AA304 -> 6398.5487 | AA7: ='Takeoff distance contamined 2'!AA374 -> 6331.7911 | AB7: ='Takeoff distance contamined 2'!AA409 -> 106 | AC7: ='Takeoff distance contamined 2'!AA409 -> 106 | AD7: ='Takeoff distance contamined 2'!AA444 -> 108
A8: 15000 | D8: =((D9-D7)/($A9-$A7))*($A8-$A7)+D7 -> 104.5 | H8: =((H9-H7)/($A9-$A7))*($A8-$A7)+H7 -> 113 | N8: ='Takeoff distance contaminated'!S103 -> 5689.7409 | O8: ='Takeoff distance contaminated'!S141 -> 104 | P8: ='Takeoff distance contaminated'!S177 -> 109 | Q8: ='Takeoff distance contaminated'!S213 -> 111 | S8: ='Takeoff distance contaminated'!S297 -> 8195.403 | T8: ='Takeoff distance contaminated'!S399 -> 111.38306 | U8: ='Takeoff distance contaminated'!S438 -> 9999 | V8: ='Takeoff distance contaminated'!S474 -> 9999 | X8: ='Takeoff distance contamined 2'!S127 -> 6811.6949 | Y8: ='Takeoff distance contamined 2'!S215 -> 6895.4473 | Z8: ='Takeoff distance contamined 2'!S304 -> 6959.2219 | AA8: ='Takeoff distance contamined 2'!S374 -> 6950.047 | AB8: ='Takeoff distance contamined 2'!S409 -> 109 | AC8: ='Takeoff distance contamined 2'!S409 -> 109 | AD8: ='Takeoff distance contamined 2'!S444 -> 111
A9: 16000 | D9: 107 | H9: 114 | N9: ='Takeoff distance contaminated'!K103 -> 6118.2072 | O9: ='Takeoff distance contaminated'!K141 -> 107 | P9: ='Takeoff distance contaminated'!K177 -> 113 | Q9: ='Takeoff distance contaminated'!K213 -> 114 | S9: ='Takeoff distance contaminated'!K297 -> 8195.403 | T9: ='Takeoff distance contaminated'!K399 -> 111.38306 | U9: ='Takeoff distance contaminated'!K438 -> 9999 | V9: ='Takeoff distance contaminated'!K474 -> 9999 | X9: ='Takeoff distance contamined 2'!K127 -> 7402.9582 | Y9: ='Takeoff distance contamined 2'!K215 -> 7268.8125 | Z9: ='Takeoff distance contamined 2'!K304 -> 7582.6616 | AA9: ='Takeoff distance contamined 2'!K374 -> 7591.631 | AB9: ='Takeoff distance contamined 2'!K409 -> 113 | AC9: ='Takeoff distance contamined 2'!K409 -> 113 | AD9: ='Takeoff distance contamined 2'!K444 -> 114
A10: 16600 | D10: 108 | H10: 115 | N10: ='Takeoff distance contaminated'!C103 -> 6409.0672 | O10: ='Takeoff distance contaminated'!C141 -> 108.77 | P10: ='Takeoff distance contaminated'!C177 -> 114.77 | Q10: ='Takeoff distance contaminated'!C213 -> 115 | S10: ='Takeoff distance contaminated'!C297 -> 8195.403 | T10: ='Takeoff distance contaminated'!C399 -> 111.38306 | U10: ='Takeoff distance contaminated'!C438 -> 9999 | V10: ='Takeoff distance contaminated'!C474 -> 9999 | X10: ='Takeoff distance contamined 2'!C127 -> 7785.7437 | Y10: ='Takeoff distance contamined 2'!C215 -> 7819.8269 | Z10: ='Takeoff distance contamined 2'!C304 -> 7957.1143 | AA10: ='Takeoff distance contamined 2'!C374 -> 7978.233 | AB10: ='Takeoff distance contamined 2'!C409 -> 114.77 | AC10: ='Takeoff distance contamined 2'!C409 -> 114.77 | AD10: ='Takeoff distance contamined 2'!C444 -> 115
D12: Table size Vref | H12: V2
D13: Rows: | E13: =MATCH(MAX($A5:$A10),$A5:$A10,0) -> 6 | I13: =MATCH(MAX($A5:$A10),$A5:$A10,0) -> 6 | N13: =MATCH(MAX($A5:$A10),$A5:$A10,0) -> 6 | O13: =MATCH(MAX($A5:$A10),$A5:$A10,0) -> 6 | P13: =MATCH(MAX($A5:$A10),$A5:$A10,0) -> 6 | Q13: =MATCH(MAX($A5:$A10),$A5:$A10,0) -> 6 | S13: =MATCH(MAX($A5:$A10),$A5:$A10,0) -> 6 | T13: =MATCH(MAX($A5:$A10),$A5:$A10,0) -> 6 | U13: =MATCH(MAX($A5:$A10),$A5:$A10,0) -> 6 | V13: =MATCH(MAX($A5:$A10),$A5:$A10,0) -> 6 | X13: =MATCH(MAX($A5:$A10),$A5:$A10,0) -> 6 | Y13: =MATCH(MAX($A5:$A10),$A5:$A10,0) -> 6 | Z13: =MATCH(MAX($A5:$A10),$A5:$A10,0) -> 6 | AA13: =MATCH(MAX($A5:$A10),$A5:$A10,0) -> 6 | AB13: =MATCH(MAX($A5:$A10),$A5:$A10,0) -> 6 | AC13: =MATCH(MAX($A5:$A10),$A5:$A10,0) -> 6 | AD13: =MATCH(MAX($A5:$A10),$A5:$A10,0) -> 6
D14: Columns: | E14: =MATCH(MAX(D5),D5,0) -> 1 | I14: =MATCH(MAX(H5),H5,0) -> 1 | N14: =MATCH(MAX(N5),N5,0) -> 1 | O14: =MATCH(MAX(O5),O5,0) -> 1 | P14: =MATCH(MAX(P5),P5,0) -> 1 | Q14: =MATCH(MAX(Q5),Q5,0) -> 1 | S14: =MATCH(MAX(S5),S5,0) -> 1 | T14: =MATCH(MAX(T5),T5,0) -> 1 | U14: =MATCH(MAX(U5),U5,0) -> 1 | V14: =MATCH(MAX(V5),V5,0) -> 1 | X14: =MATCH(MAX(X5),X5,0) -> 1 | Y14: =MATCH(MAX(Y5),Y5,0) -> 1 | Z14: =MATCH(MAX(Z5),Z5,0) -> 1 | AA14: =MATCH(MAX(AA5),AA5,0) -> 1 | AB14: =MATCH(MAX(AB5),AB5,0) -> 1 | AC14: =MATCH(MAX(AC5),AC5,0) -> 1 | AD14: =MATCH(MAX(AD5),AD5,0) -> 1
D16: x_n: | E16: =D4 -> V1/R | I16: =H4 -> V2 | N16: =N4 -> TOFL | O16: =O4 -> V1 | P16: =P4 -> VR | Q16: =Q4 -> V2 | S16: =S4 -> TOFL | T16: =T4 -> V1 | U16: =U4 -> VR | V16: =V4 -> V2 | X16: =X4 -> TOFL | Y16: =Y4 -> TOFL | Z16: =Z4 -> TOFL | AA16: =AA4 -> TOFL | AB16: =AB4 -> V1 | AC16: =AC4 -> VR | AD16: =AD4 -> V2
D17: y_n: | E17: ='Take-off'!$C$14 -> 15800 | I17: ='Take-off'!$C$14 -> 15800 | N17: ='Take-off'!$C$14 -> 15800 | O17: ='Take-off'!$C$14 -> 15800 | P17: ='Take-off'!$C$14 -> 15800 | Q17: ='Take-off'!$C$14 -> 15800 | S17: ='Take-off'!$C$14 -> 15800 | T17: ='Take-off'!$C$14 -> 15800 | U17: ='Take-off'!$C$14 -> 15800 | V17: ='Take-off'!$C$14 -> 15800 | X17: ='Take-off'!$C$14 -> 15800 | Y17: ='Take-off'!$C$14 -> 15800 | Z17: ='Take-off'!$C$14 -> 15800 | AA17: ='Take-off'!$C$14 -> 15800 | AB17: ='Take-off'!$C$14 -> 15800 | AC17: ='Take-off'!$C$14 -> 15800 | AD17: ='Take-off'!$C$14 -> 15800
D18: n1: | E18: {=INDEX($A5:$A10,MATCH(E17,$A5:$A10,1))} -> 15000 | I18: {=INDEX($A5:$A10,MATCH(I17,$A5:$A10,1))} -> 15000 | N18: =INDEX($A5:$A10,MATCH(N17,$A5:$A10,1)) -> 15000 | O18: =INDEX($A5:$A10,MATCH(O17,$A5:$A10,1)) -> 15000 | P18: =INDEX($A5:$A10,MATCH(P17,$A5:$A10,1)) -> 15000 | Q18: =INDEX($A5:$A10,MATCH(Q17,$A5:$A10,1)) -> 15000 | S18: =INDEX($A5:$A10,MATCH(S17,$A5:$A10,1)) -> 15000 | T18: =INDEX($A5:$A10,MATCH(T17,$A5:$A10,1)) -> 15000 | U18: =INDEX($A5:$A10,MATCH(U17,$A5:$A10,1)) -> 15000 | V18: =INDEX($A5:$A10,MATCH(V17,$A5:$A10,1)) -> 15000 | X18: =INDEX($A5:$A10,MATCH(X17,$A5:$A10,1)) -> 15000 | Y18: =INDEX($A5:$A10,MATCH(Y17,$A5:$A10,1)) -> 15000 | Z18: =INDEX($A5:$A10,MATCH(Z17,$A5:$A10,1)) -> 15000 | AA18: =INDEX($A5:$A10,MATCH(AA17,$A5:$A10,1)) -> 15000 | AB18: =INDEX($A5:$A10,MATCH(AB17,$A5:$A10,1)) -> 15000 | AC18: =INDEX($A5:$A10,MATCH(AC17,$A5:$A10,1)) -> 15000 | AD18: =INDEX($A5:$A10,MATCH(AD17,$A5:$A10,1)) -> 15000
D19: n2: | E19: {=INDEX($A5:$A10,IF(MATCH(E17,$A5:$A10,1)<E13,MATCH(E17,$A5:$A10,1)+1,MATCH(E17,$A5:$A10,1)))} -> 16000 | I19: {=INDEX($A5:$A10,IF(MATCH(I17,$A5:$A10,1)<I13,MATCH(I17,$A5:$A10,1)+1,MATCH(I17,$A5:$A10,1)))} -> 16000 | N19: =INDEX($A5:$A10,IF(MATCH(N17,$A5:$A10,1)<N13,MATCH(N17,$A5:$A10,1)+1,MATCH(N17,$A5:$A10,1))) -> 16000 | O19: =INDEX($A5:$A10,IF(MATCH(O17,$A5:$A10,1)<O13,MATCH(O17,$A5:$A10,1)+1,MATCH(O17,$A5:$A10,1))) -> 16000 | P19: =INDEX($A5:$A10,IF(MATCH(P17,$A5:$A10,1)<P13,MATCH(P17,$A5:$A10,1)+1,MATCH(P17,$A5:$A10,1))) -> 16000 | Q19: =INDEX($A5:$A10,IF(MATCH(Q17,$A5:$A10,1)<Q13,MATCH(Q17,$A5:$A10,1)+1,MATCH(Q17,$A5:$A10,1))) -> 16000 | S19: =INDEX($A5:$A10,IF(MATCH(S17,$A5:$A10,1)<S13,MATCH(S17,$A5:$A10,1)+1,MATCH(S17,$A5:$A10,1))) -> 16000 | T19: =INDEX($A5:$A10,IF(MATCH(T17,$A5:$A10,1)<T13,MATCH(T17,$A5:$A10,1)+1,MATCH(T17,$A5:$A10,1))) -> 16000 | U19: =INDEX($A5:$A10,IF(MATCH(U17,$A5:$A10,1)<U13,MATCH(U17,$A5:$A10,1)+1,MATCH(U17,$A5:$A10,1))) -> 16000 | V19: =INDEX($A5:$A10,IF(MATCH(V17,$A5:$A10,1)<V13,MATCH(V17,$A5:$A10,1)+1,MATCH(V17,$A5:$A10,1))) -> 16000 | X19: =INDEX($A5:$A10,IF(MATCH(X17,$A5:$A10,1)<X13,MATCH(X17,$A5:$A10,1)+1,MATCH(X17,$A5:$A10,1))) -> 16000 | Y19: =INDEX($A5:$A10,IF(MATCH(Y17,$A5:$A10,1)<Y13,MATCH(Y17,$A5:$A10,1)+1,MATCH(Y17,$A5:$A10,1))) -> 16000 | Z19: =INDEX($A5:$A10,IF(MATCH(Z17,$A5:$A10,1)<Z13,MATCH(Z17,$A5:$A10,1)+1,MATCH(Z17,$A5:$A10,1))) -> 16000 | AA19: =INDEX($A5:$A10,IF(MATCH(AA17,$A5:$A10,1)<AA13,MATCH(AA17,$A5:$A10,1)+1,MATCH(AA17,$A5:$A10,1))) -> 16000 | AB19: =INDEX($A5:$A10,IF(MATCH(AB17,$A5:$A10,1)<AB13,MATCH(AB17,$A5:$A10,1)+1,MATCH(AB17,$A5:$A10,1))) -> 16000 | AC19: =INDEX($A5:$A10,IF(MATCH(AC17,$A5:$A10,1)<AC13,MATCH(AC17,$A5:$A10,1)+1,MATCH(AC17,$A5:$A10,1))) -> 16000 | AD19: =INDEX($A5:$A10,IF(MATCH(AD17,$A5:$A10,1)<AD13,MATCH(AD17,$A5:$A10,1)+1,MATCH(AD17,$A5:$A10,1))) -> 16000
D20: y1_n1: | E20: {=INDEX(D5:D10,MATCH(E17,$A5:$A10,1),MATCH(E16,D4,1))} -> 104.5 | I20: {=INDEX(H5:H10,MATCH(I17,$A5:$A10,1),MATCH(I16,H4,1))} -> 113 | N20: =INDEX(N5:N10,MATCH(N17,$A5:$A10,1),MATCH(N16,N4,1)) -> 5689.7409 | O20: =INDEX(O5:O10,MATCH(O17,$A5:$A10,1),MATCH(O16,O4,1)) -> 104 | P20: =INDEX(P5:P10,MATCH(P17,$A5:$A10,1),MATCH(P16,P4,1)) -> 109 | Q20: =INDEX(Q5:Q10,MATCH(Q17,$A5:$A10,1),MATCH(Q16,Q4,1)) -> 111 | S20: =INDEX(S5:S10,MATCH(S17,$A5:$A10,1),MATCH(S16,S4,1)) -> 8195.403 | T20: =INDEX(T5:T10,MATCH(T17,$A5:$A10,1),MATCH(T16,T4,1)) -> 111.38306 | U20: =INDEX(U5:U10,MATCH(U17,$A5:$A10,1),MATCH(U16,U4,1)) -> 9999 | V20: =INDEX(V5:V10,MATCH(V17,$A5:$A10,1),MATCH(V16,V4,1)) -> 9999 | X20: =INDEX(X5:X10,MATCH(X17,$A5:$A10,1),MATCH(X16,X4,1)) -> 6811.6949 | Y20: =INDEX(Y5:Y10,MATCH(Y17,$A5:$A10,1),MATCH(Y16,Y4,1)) -> 6895.4473 | Z20: =INDEX(Z5:Z10,MATCH(Z17,$A5:$A10,1),MATCH(Z16,Z4,1)) -> 6959.2219 | AA20: =INDEX(AA5:AA10,MATCH(AA17,$A5:$A10,1),MATCH(AA16,AA4,1)) -> 6950.047 | AB20: =INDEX(AB5:AB10,MATCH(AB17,$A5:$A10,1),MATCH(AB16,AB4,1)) -> 109 | AC20: =INDEX(AC5:AC10,MATCH(AC17,$A5:$A10,1),MATCH(AC16,AC4,1)) -> 109 | AD20: =INDEX(AD5:AD10,MATCH(AD17,$A5:$A10,1),MATCH(AD16,AD4,1)) -> 111
D21: y1_n2: | E21: {=INDEX(D5:D10,IF(MATCH(E17,$A5:$A10,1)<E13,MATCH(E17,$A5:$A10,1)+1,MATCH(E17,$A5:$A10,1)),MATCH(E16,D4,1))} -> 107 | I21: {=INDEX(H5:H10,IF(MATCH(I17,$A5:$A10,1)<I13,MATCH(I17,$A5:$A10,1)+1,MATCH(I17,$A5:$A10,1)),MATCH(I16,H4,1))} -> 114 | N21: =INDEX(N5:N10,IF(MATCH(N17,$A5:$A10,1)<N13,MATCH(N17,$A5:$A10,1)+1,MATCH(N17,$A5:$A10,1)),MATCH(N16,N4,1)) -> 6118.2072 | O21: =INDEX(O5:O10,IF(MATCH(O17,$A5:$A10,1)<O13,MATCH(O17,$A5:$A10,1)+1,MATCH(O17,$A5:$A10,1)),MATCH(O16,O4,1)) -> 107 | P21: =INDEX(P5:P10,IF(MATCH(P17,$A5:$A10,1)<P13,MATCH(P17,$A5:$A10,1)+1,MATCH(P17,$A5:$A10,1)),MATCH(P16,P4,1)) -> 113 | Q21: =INDEX(Q5:Q10,IF(MATCH(Q17,$A5:$A10,1)<Q13,MATCH(Q17,$A5:$A10,1)+1,MATCH(Q17,$A5:$A10,1)),MATCH(Q16,Q4,1)) -> 114 | S21: =INDEX(S5:S10,IF(MATCH(S17,$A5:$A10,1)<S13,MATCH(S17,$A5:$A10,1)+1,MATCH(S17,$A5:$A10,1)),MATCH(S16,S4,1)) -> 8195.403 | T21: =INDEX(T5:T10,IF(MATCH(T17,$A5:$A10,1)<T13,MATCH(T17,$A5:$A10,1)+1,MATCH(T17,$A5:$A10,1)),MATCH(T16,T4,1)) -> 111.38306 | U21: =INDEX(U5:U10,IF(MATCH(U17,$A5:$A10,1)<U13,MATCH(U17,$A5:$A10,1)+1,MATCH(U17,$A5:$A10,1)),MATCH(U16,U4,1)) -> 9999 | V21: =INDEX(V5:V10,IF(MATCH(V17,$A5:$A10,1)<V13,MATCH(V17,$A5:$A10,1)+1,MATCH(V17,$A5:$A10,1)),MATCH(V16,V4,1)) -> 9999 | X21: =INDEX(X5:X10,IF(MATCH(X17,$A5:$A10,1)<X13,MATCH(X17,$A5:$A10,1)+1,MATCH(X17,$A5:$A10,1)),MATCH(X16,X4,1)) -> 7402.9582 | Y21: =INDEX(Y5:Y10,IF(MATCH(Y17,$A5:$A10,1)<Y13,MATCH(Y17,$A5:$A10,1)+1,MATCH(Y17,$A5:$A10,1)),MATCH(Y16,Y4,1)) -> 7268.8125 | Z21: =INDEX(Z5:Z10,IF(MATCH(Z17,$A5:$A10,1)<Z13,MATCH(Z17,$A5:$A10,1)+1,MATCH(Z17,$A5:$A10,1)),MATCH(Z16,Z4,1)) -> 7582.6616 | AA21: =INDEX(AA5:AA10,IF(MATCH(AA17,$A5:$A10,1)<AA13,MATCH(AA17,$A5:$A10,1)+1,MATCH(AA17,$A5:$A10,1)),MATCH(AA16,AA4,1)) -> 7591.631 | AB21: =INDEX(AB5:AB10,IF(MATCH(AB17,$A5:$A10,1)<AB13,MATCH(AB17,$A5:$A10,1)+1,MATCH(AB17,$A5:$A10,1)),MATCH(AB16,AB4,1)) -> 113 | AC21: =INDEX(AC5:AC10,IF(MATCH(AC17,$A5:$A10,1)<AC13,MATCH(AC17,$A5:$A10,1)+1,MATCH(AC17,$A5:$A10,1)),MATCH(AC16,AC4,1)) -> 113 | AD21: =INDEX(AD5:AD10,IF(MATCH(AD17,$A5:$A10,1)<AD13,MATCH(AD17,$A5:$A10,1)+1,MATCH(AD17,$A5:$A10,1)),MATCH(AD16,AD4,1)) -> 114
D22: Vref: | E22: =IFERROR(E20+(E17-E18)*(E21-E20)/(E19-E18),E20) -> 106.5 | I22: =IFERROR(I20+(I17-I18)*(I21-I20)/(I19-I18),I20) -> 113.8 | N22: =IFERROR(N20+(N17-N18)*(N21-N20)/(N19-N18),N20) -> 6032.5139 | O22: =IFERROR(O20+(O17-O18)*(O21-O20)/(O19-O18),O20) -> 106.4 | P22: =IFERROR(P20+(P17-P18)*(P21-P20)/(P19-P18),P20) -> 112.2 | Q22: =IFERROR(Q20+(Q17-Q18)*(Q21-Q20)/(Q19-Q18),Q20) -> 113.4 | S22: =IFERROR(S20+(S17-S18)*(S21-S20)/(S19-S18),S20) -> 8195.403 | T22: =IFERROR(T20+(T17-T18)*(T21-T20)/(T19-T18),T20) -> 111.38306 | U22: =IFERROR(U20+(U17-U18)*(U21-U20)/(U19-U18),U20) -> 9999 | V22: =IFERROR(V20+(V17-V18)*(V21-V20)/(V19-V18),V20) -> 9999 | X22: =IFERROR(X20+(X17-X18)*(X21-X20)/(X19-X18),X20) -> 7284.7056 | Y22: =IFERROR(Y20+(Y17-Y18)*(Y21-Y20)/(Y19-Y18),Y20) -> 7194.1395 | Z22: =IFERROR(Z20+(Z17-Z18)*(Z21-Z20)/(Z19-Z18),Z20) -> 7457.9737 | AA22: =IFERROR(AA20+(AA17-AA18)*(AA21-AA20)/(AA19-AA18),AA20) -> 7463.3142 | AB22: =IFERROR(AB20+(AB17-AB18)*(AB21-AB20)/(AB19-AB18),AB20) -> 112.2 | AC22: =IFERROR(AC20+(AC17-AC18)*(AC21-AC20)/(AC19-AC18),AC20) -> 112.2 | AD22: =IFERROR(AD20+(AD17-AD18)*(AD21-AD20)/(AD19-AD18),AD20) -> 113.4
M23: Fot->Meter | N23: =N22/3.28 -> 1839.1811 | S23: =S22/3.28 -> 2498.5985 | W23: Fot->Meter+corr för anti-skid | X23: =(X22/3.28)*105% -> 2331.9942 | Y23: =(Y22/3.28)*104% -> 2281.0686 | Z23: =(Z22+150)/3.28 -> 2319.5042 | AA23: =(AA22+100)/3.28 -> 2305.8885
N25: Korr för V1<=VR | O25: =IF(P22<O22,P22,O22) -> 106.4 | S25: Korr för V1<=VR | T25: =IF(U22<T22,U22,T22) -> 111.38306 | AA25: Korr för V1<=VR | AB25: =IF(AC22<AB22,AC22,AB22) -> 112.2
A26: Landing distance required calculations
B28: Flat | C28: Technique | D28: Slope | E28: Unfactored | F28: Factored
A29: Ground Roll | B29: ='Takeoff distance (2)'!P75/3.28 -> 691.20604 | C29: =IF('Take-off'!$F$13='Dropdown lists'!$B$48, 500/3.28, 0) -> 152.43902 | D29: =IF('Take-off'!$C$17>0, ((+'Take-off'!$C$17*5)%*SUM(B29:C29)),0 ) -> 0 | E29: =SUM(B29:D29) -> 843.64506 | F29: {=_xlfn.XLOOKUP('Take-off'!$C$10,'Dropdown lists'!$B$4:$B$9,'Dropdown lists'!$D$4:$D$9)*E29} -> 902.70022
A30: Take off distance | B30: ='Takeoff distance (2)'!P94/3.28 -> 1052.053 | C30: =IF('Take-off'!$F$13='Dropdown lists'!$B$48, 500/3.28, 0) -> 152.43902 | D30: =IF('Take-off'!$C$17>0, ((+'Take-off'!$C$17*5)%*SUM(B30:C30)),0 ) -> 0 | E30: =SUM(B30:D30)*115% -> 1385.1658 | F30: {=_xlfn.XLOOKUP('Take-off'!$C$10,'Dropdown lists'!$B$4:$B$9,'Dropdown lists'!$D$4:$D$9)*E30} -> 1482.1274
A31: Accelerate GO DRY | B31: ='Accelerate and GO (2)'!P75/3.28 -> 1558.8342 | C31: =IF('Take-off'!$F$13='Dropdown lists'!$B$48, 500/3.28, 0) -> 152.43902 | D31: =IF('Take-off'!$C$17>0, ((+'Take-off'!$C$17*5)%*SUM(B31:C31)),0 ) -> 0 | E31: =SUM(B31:D31) -> 1711.2732 | F31: {=_xlfn.XLOOKUP('Take-off'!$C$10,'Dropdown lists'!$B$4:$B$9,'Dropdown lists'!$D$4:$D$9)*E31} -> 1831.0623
A32: Accelerate GO WET/CONT | B32: =B31 -> 1558.8342 | C32: =IF('Take-off'!$F$13='Dropdown lists'!$B$48, 500/3.28, 0) -> 152.43902 | D32: =IF('Take-off'!$C$17>0, ((+'Take-off'!$C$17*5)%*SUM(B32:C32)),0 ) -> 0 | E32: =SUM(B32:D32) -> 1711.2732 | F32: {=_xlfn.XLOOKUP('Take-off'!$C$10,'Dropdown lists'!$B$4:$B$9,'Dropdown lists'!$D$4:$D$9)*E32} -> 1831.0623
A33: Accelerate stop distance | B33: ='Accelerate and stop2'!P76/3.28 -> 1288.9552 | C33: =IF('Take-off'!$F$13='Dropdown lists'!$B$48, 500/3.28, 0) -> 152.43902 | D33: =IF('Take-off'!$C$17>0, ((+'Take-off'!$C$17*5)%*SUM(B33:C33)),0 ) -> 0 | E33: =SUM(B33:D33) -> 1441.3942 | F33: {=_xlfn.XLOOKUP('Take-off'!$C$10,'Dropdown lists'!$B$4:$B$9,'Dropdown lists'!$D$4:$D$9)*E33} -> 1542.2918
B34: WCA | C34: Factor | D34: H/T wind
B35: =IF(ABS('Take-off'!C18-'Take-off'!C6)>270,360-ABS('Take-off'!C18-'Take-off'!C6),'Take-off'!C18-'Take-off'!C6) -> -110 | C35: =IF(ABS(B35)>90,ABS(COS(B35*PI()/180))*(-1),ABS(COS(B35*PI()/180))) -> -0.34202014 | D35: =IF( ISBLANK('Take-off'!C6), 'Take-off'!C7*-1, 'Take-off'!C7*C35) -> -2.394141
B36: Unfactorised | C36: Factorised
B40: Crosswind factor | C40: =IF(ABS(B35)>90,ABS(SIN(B35*PI()/180))*(-1),ABS(SIN(B35*PI()/180))) -> -0.93969262

Sheet TAKE OFF Performance FLAPS APPR
A1: TAKE OFF PERFORMANCE (FLAPS APPROACH)
A2: TAKE-OFF
A3: Mass | D3: Speeds | H3: Speeds
D4: V1/R | H4: V2
A5: 12000 | D5: 99 | H5: 108
A6: 13000 | D6: =((D7-D5)/($A7-$A5))*($A6-$A5)+D5 -> 99 | H6: =((H7-H5)/($A7-$A5))*($A6-$A5)+H5 -> 108
A7: 14000 | D7: 99 | H7: 108
A8: 15000 | D8: =((D9-D7)/($A9-$A7))*($A8-$A7)+D7 -> 101.5 | H8: =((H9-H7)/($A9-$A7))*($A8-$A7)+H7 -> 110
A9: 16000 | D9: 104 | H9: 112
A10: 16600 | D10: 105 | H10: 114
D12: Table size Vref | H12: V2
D13: Rows: | E13: =MATCH(MAX($A5:$A10),$A5:$A10,0) -> 6 | I13: =MATCH(MAX($A5:$A10),$A5:$A10,0) -> 6
D14: Columns: | E14: =MATCH(MAX(D5),D5,0) -> 1 | I14: =MATCH(MAX(H5),H5,0) -> 1
D16: x_n: | E16: =D4 -> V1/R | I16: =H4 -> V2
D17: y_n: | E17: ='Take-off'!$C$14 -> 15800 | I17: ='Take-off'!$C$14 -> 15800
D18: n1: | E18: {=INDEX($A5:$A10,MATCH(E17,$A5:$A10,1))} -> 15000 | I18: {=INDEX($A5:$A10,MATCH(I17,$A5:$A10,1))} -> 15000
D19: n2: | E19: {=INDEX($A5:$A10,IF(MATCH(E17,$A5:$A10,1)<E13,MATCH(E17,$A5:$A10,1)+1,MATCH(E17,$A5:$A10,1)))} -> 16000 | I19: {=INDEX($A5:$A10,IF(MATCH(I17,$A5:$A10,1)<I13,MATCH(I17,$A5:$A10,1)+1,MATCH(I17,$A5:$A10,1)))} -> 16000
D20: y1_n1: | E20: {=INDEX(D5:D10,MATCH(E17,$A5:$A10,1),MATCH(E16,D4,1))} -> 101.5 | I20: {=INDEX(H5:H10,MATCH(I17,$A5:$A10,1),MATCH(I16,H4,1))} -> 110
D21: y1_n2: | E21: {=INDEX(D5:D10,IF(MATCH(E17,$A5:$A10,1)<E13,MATCH(E17,$A5:$A10,1)+1,MATCH(E17,$A5:$A10,1)),MATCH(E16,D4,1))} -> 104 | I21: {=INDEX(H5:H10,IF(MATCH(I17,$A5:$A10,1)<I13,MATCH(I17,$A5:$A10,1)+1,MATCH(I17,$A5:$A10,1)),MATCH(I16,H4,1))} -> 112
D22: Vref: | E22: =IFERROR(E20+(E17-E18)*(E21-E20)/(E19-E18),E20) -> 103.5 | I22: =IFERROR(I20+(I17-I18)*(I21-I20)/(I19-I18),I20) -> 111.6
A26: Landing distance required calculations
B28: Flat | C28: Technique | D28: Slope | E28: Unfactored | F28: Factored
A29: Ground Roll | B29: ='Takeoff distance (2)'!AC75/3.28 -> 671.73077 | C29: =IF('Take-off'!$F$13='Dropdown lists'!$B$48, 500/3.28, 0) -> 152.43902 | D29: =IF('Take-off'!$C$17>0, ((+'Take-off'!$C$17*5)%*SUM(B29:C29)),0 ) -> 0 | E29: =SUM(B29:D29) -> 824.16979 | F29: {=_xlfn.XLOOKUP('Take-off'!$C$10,'Dropdown lists'!$B$4:$B$9,'Dropdown lists'!$D$4:$D$9)*E29} -> 881.86168
A30: Take off distance | B30: ='Takeoff distance (2)'!AC94/3.28 -> 1007.5962 | C30: =IF('Take-off'!$F$13='Dropdown lists'!$B$48, 500/3.28, 0) -> 152.43902 | D30: =IF('Take-off'!$C$17>0, ((+'Take-off'!$C$17*5)%*SUM(B30:C30)),0 ) -> 0 | E30: =SUM(B30:D30)*115% -> 1334.0405 | F30: {=_xlfn.XLOOKUP('Take-off'!$C$10,'Dropdown lists'!$B$4:$B$9,'Dropdown lists'!$D$4:$D$9)*E30} -> 1427.4233
A31: Accelerate GO DRY | B31: ='Accelerate and GO (2)'!AD75/3.28 -> 1627.6818 | C31: =IF('Take-off'!$F$13='Dropdown lists'!$B$48, 500/3.28, 0) -> 152.43902 | D31: =IF('Take-off'!$C$17>0, ((+'Take-off'!$C$17*5)%*SUM(B31:C31)),0 ) -> 0 | E31: =SUM(B31:D31) -> 1780.1208 | F31: {=_xlfn.XLOOKUP('Take-off'!$C$10,'Dropdown lists'!$B$4:$B$9,'Dropdown lists'!$D$4:$D$9)*E31} -> 1904.7292
A32: Accelerate GO WET/CONT | B32: =B31 -> 1627.6818 | C32: =IF('Take-off'!$F$13='Dropdown lists'!$B$48, 500/3.28, 0) -> 152.43902 | D32: =IF('Take-off'!$C$17>0, ((+'Take-off'!$C$17*5)%*SUM(B32:C32)),0 ) -> 0 | E32: =SUM(B32:D32) -> 1780.1208 | F32: {=_xlfn.XLOOKUP('Take-off'!$C$10,'Dropdown lists'!$B$4:$B$9,'Dropdown lists'!$D$4:$D$9)*E32} -> 1904.7292
A33: Accelerate STOP distance | B33: ='Accelerate and stop2'!AC76/3.28 -> 1191.9786 | C33: =IF('Take-off'!$F$13='Dropdown lists'!$B$48, 500/3.28, 0) -> 152.43902 | D33: =IF('Take-off'!$C$17>0, ((+'Take-off'!$C$17*5)%*SUM(B33:C33)),0 ) -> 0 | E33: =SUM(B33:D33) -> 1344.4176 | F33: {=_xlfn.XLOOKUP('Take-off'!$C$10,'Dropdown lists'!$B$4:$B$9,'Dropdown lists'!$D$4:$D$9)*E33} -> 1438.5269
B35: WCA | C35: Factor | D35: H/T wind
B36: =IF(ABS('Take-off'!C18-'Take-off'!C6)>270,360-ABS('Take-off'!C18-'Take-off'!C6),'Take-off'!C18-'Take-off'!C6) -> -110 | C36: =IF(ABS(B36)>90,ABS(COS(B36*PI()/180))*(-1),ABS(COS(B36*PI()/180))) -> -0.34202014 | D36: =IF( ISBLANK('Take-off'!C6), 'Take-off'!C7*-1, 'Take-off'!C7*C36) -> -2.394141
B41: Crosswind factor | C41: =IF(ABS(B36)>90,ABS(SIN(B36*PI()/180))*(-1),ABS(SIN(B36*PI()/180))) -> -0.93969262
A42: GRadient adjustments

Sheet Landing distance data
B1: Pressure Alt | C1: x_n: | D1: =IF(Landing!$C$9="",Landing!$C$15,MAX(0,Landing!$C$15+30*(1013-Landing!$C$9))) -> 770 | F1: EMG Return | G1: =IF('Take-off'!$C$9="",'Take-off'!$C$16,MAX(0,'Take-off'!$C$16+30*(1013-'Take-off'!$C$9))) -> 770
B2: Temp in calc | C2: y_n: | D2: =Landing!C8 -> 15 | G2: =MAX( IF('Take-off'!C13='Dropdown lists'!B30, 'Take-off'!$C$8+5, 'Take-off'!$C$8),0) -> 15
I5: EMG RETURN
C6: NORMAL
A8: Landing
B10: Density Altitude
B11: -500 | C11: 0 | D11: 1000 | E11: 2000 | F11: 3000 | G11: 3500
A12: -40 | B12: 1450 | C12: 1450 | D12: 1450 | E12: 1450 | F12: 1500 | G12: 99999
A13: -30 | B13: 1450 | C13: 1450 | D13: 1450 | E13: 1450 | F13: 1500 | G13: 99999
A14: -20 | B14: 1450 | C14: 1450 | D14: 1450 | E14: 1500 | F14: 1550 | G14: 99999
A15: -10 | B15: 1475 | C15: 1475 | D15: 1525 | E15: 1575 | F15: 1630 | G15: 99999
A16: 0 | B16: 1500 | C16: 1500 | D16: 1550 | E16: 1630 | F16: 1700 | G16: 99999
A17: 10 | B17: 1575 | C17: 1575 | D17: 1630 | E17: 1700 | F17: 1750 | G17: 99999
A18: 20 | B18: 1630 | C18: 1630 | D18: 1700 | E18: 1750 | F18: 1800 | G18: 99999
A19: 30 | B19: 1685 | C19: 1685 | D19: 1750 | E19: 1800 | F19: 1850 | G19: 99999
A20: 40 | B20: 1740 | C20: 1740 | D20: 1800 | E20: 1860 | F20: 1950 | G20: 99999
A21: 35 | B21: 99999 | C21: 99999 | D21: 99999 | E21: 99999 | F21: 99999 | G21: 99999
B23: x_n: | C23: =D1 -> 770 | D23: Table size | J23: x_n: | K23: =G1 -> 770 | L23: Table size
B24: x1_n: | C24: {=INDEX($B11:$G11,MATCH(C23,$B11:$G11,1))} -> 0 | D24: Rows: | E24: =MATCH(MAX($A12:$A21),$A12:$A21,1) -> 9 | J24: x1_n: | K24: {=INDEX($B11:$G11,MATCH(K23,$B11:$G11,1))} -> 0 | L24: Rows: | M24: =MATCH(MAX($A12:$A21),$A12:$A21,1) -> 9
B25: x2_n: | C25: {=INDEX($B11:$G11,IF(MATCH(C23,$B11:$G11,1)<E25,MATCH(C23,$B11:$G11,1)+1,MATCH(C23,$B11:$G11,1)))} -> 1000 | D25: Columns: | E25: =MATCH(MAX($B11:$G11),$B11:$G11,0) -> 6 | J25: x2_n: | K25: {=INDEX($B11:$G11,IF(MATCH(K23,$B11:$G11,1)<M25,MATCH(K23,$B11:$G11,1)+1,MATCH(K23,$B11:$G11,1)))} -> 1000 | L25: Columns: | M25: =MATCH(MAX($B11:$G11),$B11:$G11,0) -> 6
B26: y_n: | C26: =D2 -> 15 | J26: y_n: | K26: =G2 -> 15
B27: n1: | C27: {=INDEX($A12:$A21,MATCH(C26,$A12:$A21,1))} -> 10 | J27: n1: | K27: {=INDEX($A12:$A21,MATCH(K26,$A12:$A21,1))} -> 10
B28: n2: | C28: {=INDEX($A12:$A21,IF(MATCH(C26,$A12:$A21,1)<E24,MATCH(C26,$A12:$A21,1)+1,MATCH(C26,$A12:$A21,1)))} -> 20 | J28: n2: | K28: {=INDEX($A12:$A21,IF(MATCH(K26,$A12:$A21,1)<M24,MATCH(K26,$A12:$A21,1)+1,MATCH(K26,$A12:$A21,1)))} -> 20
B29: y1_n1: | C29: {=INDEX($B12:$G21,MATCH(C26,$A12:$A21,1),MATCH(C23,$B11:$G11,1))} -> 1575 | J29: y1_n1: | K29: {=INDEX($B12:$G21,MATCH(K26,$A12:$A21,1),MATCH(K23,$B11:$G11,1))} -> 1575
B30: y2_n1: | C30: {=INDEX($B12:$G21,MATCH(C26,$A12:$A21,1),IF(MATCH(C23,$B11:$G11,1)<E25,MATCH(C23,$B11:$G11,1)+1,MATCH(C26,$A12:$A21,1)))} -> 1630 | J30: y2_n1: | K30: {=INDEX($B12:$G21,MATCH(K26,$A12:$A21,1),IF(MATCH(K23,$B11:$G11,1)<M25,MATCH(K23,$B11:$G11,1)+1,MATCH(K26,$A12:$A21,1)))} -> 1630
B31: y1_n2: | C31: {=INDEX($B12:$G21,IF(MATCH(C26,$A12:$A21,1)<E24,MATCH(C26,$A12:$A21,1)+1,MATCH(C26,$A12:$A21,1)),MATCH(C23,$B11:$G11,1))} -> 1630 | J31: y1_n2: | K31: {=INDEX($B12:$G21,IF(MATCH(K26,$A12:$A21,1)<M24,MATCH(K26,$A12:$A21,1)+1,MATCH(K26,$A12:$A21,1)),MATCH(K23,$B11:$G11,1))} -> 1630
B32: y2_n2: | C32: {=INDEX($B12:$G21,IF(MATCH(C26,$A12:$A21,1)<E24,MATCH(C26,$A12:$A21,1)+1,MATCH(C26,$A12:$A21,1)),IF(MATCH(C23,$B11:$G11,1)<E25,MATCH(C23,$B11:$G11,1)+1,MATCH(C23,$B11:$G11,1)))} -> 1700 | J32: y2_n2: | K32: {=INDEX($B12:$G21,IF(MATCH(K26,$A12:$A21,1)<M24,MATCH(K26,$A12:$A21,1)+1,MATCH(K26,$A12:$A21,1)),IF(MATCH(K23,$B11:$G11,1)<M25,MATCH(K23,$B11:$G11,1)+1,MATCH(K23,$B11:$G11,1)))} -> 1700
B33: y_n1: | C33: =IFERROR(C29+(C23-C24)*(C30-C29)/(C25-C24),C29) -> 1617.35 | J33: y_n1: | K33: =IFERROR(K29+(K23-K24)*(K30-K29)/(K25-K24),K29) -> 1617.35
B34: y_n2: | C34: =IFERROR(C31+(C23-C24)*(C32-C31)/(C25-C24),C31) -> 1683.9 | J34: y_n2: | K34: =IFERROR(K31+(K23-K24)*(K32-K31)/(K25-K24),K31) -> 1683.9
B35: Distance | C35: =IFERROR(C33+(C26-C27)*(C34-C33)/(C28-C27),C33) -> 1650.625 | J35: Distance | K35: =IFERROR(K33+(K26-K27)*(K34-K33)/(K28-K27),K33) -> 1650.625
B37: Vikt
B38: 1400 | C38: 1650 | D38: 1900 | E38: 10500
A39: 10000 | B39: 870 | C39: 1030 | D39: 1170 | E39: 99999
A40: 11000 | B40: 975 | C40: 1130 | D40: 1300 | E40: 99999
A41: 12000 | B41: 1050 | C41: 1250 | D41: 1400 | E41: 99999
A42: 13000 | B42: 1100 | C42: 1330 | D42: 1515 | E42: 99999
A43: 14000 | B43: 1200 | C43: 1450 | D43: 1630 | E43: 99999
A44: 15000 | B44: 1300 | C44: 1540 | D44: 1750 | E44: 99999
A45: 16000 | B45: 1400 | C45: 1650 | D45: 1900 | E45: 99999
A46: 16600 | B46: 1450 | C46: 1700 | D46: 1970 | E46: 99999
B48: x_n: | C48: =C35 -> 1650.625 | D48: Table size | J48: x_n: | K48: =K35 -> 1650.625 | L48: Table size
B49: x1_n: | C49: {=INDEX($B38:$E38,MATCH(C48,$B38:$E38,1))} -> 1650 | D49: Rows: | E49: =MATCH(MAX($A39:$A46),$A39:$A46,1) -> 8 | J49: x1_n: | K49: {=INDEX($B38:$E38,MATCH(K48,$B38:$E38,1))} -> 1650 | L49: Rows: | M49: =MATCH(MAX($A39:$A46),$A39:$A46,1) -> 8
B50: x2_n: | C50: {=INDEX($B38:$E38,IF(MATCH(C48,$B38:$E38,1)<E50,MATCH(C48,$B38:$E38,1)+1,MATCH(C48,$B38:$E38,1)))} -> 1900 | D50: Columns: | E50: =MATCH(MAX($B38:$E38),$B38:$E38,0) -> 4 | J50: x2_n: | K50: {=INDEX($B38:$E38,IF(MATCH(K48,$B38:$E38,1)<M50,MATCH(K48,$B38:$E38,1)+1,MATCH(K48,$B38:$E38,1)))} -> 1900 | L50: Columns: | M50: =MATCH(MAX($B38:$E38),$B38:$E38,0) -> 4
B51: y_n: | C51: =Landing!C11 -> 15500 | J51: y_n: | K51: ='Take-off'!C14 -> 15800
B52: n1: | C52: {=INDEX($A39:$A46,MATCH(C51,$A39:$A46,1))} -> 15000 | J52: n1: | K52: {=INDEX($A39:$A46,MATCH(K51,$A39:$A46,1))} -> 15000
B53: n2: | C53: {=INDEX($A39:$A46,IF(MATCH(C51,$A39:$A46,1)<E49,MATCH(C51,$A39:$A46,1)+1,MATCH(C51,$A39:$A46,1)))} -> 16000 | J53: n2: | K53: {=INDEX($A39:$A46,IF(MATCH(K51,$A39:$A46,1)<M49,MATCH(K51,$A39:$A46,1)+1,MATCH(K51,$A39:$A46,1)))} -> 16000
B54: y1_n1: | C54: {=INDEX($B39:$E46,MATCH(C51,$A39:$A46,1),MATCH(C48,$B38:$E38,1))} -> 1540 | J54: y1_n1: | K54: {=INDEX($B39:$E46,MATCH(K51,$A39:$A46,1),MATCH(K48,$B38:$E38,1))} -> 1540
B55: y2_n1: | C55: {=INDEX($B39:$E46,MATCH(C51,$A39:$A46,1),IF(MATCH(C48,$B38:$E38,1)<E50,MATCH(C48,$B38:$E38,1)+1,MATCH(C51,$A39:$A46,1)))} -> 1750 | J55: y2_n1: | K55: {=INDEX($B39:$E46,MATCH(K51,$A39:$A46,1),IF(MATCH(K48,$B38:$E38,1)<M50,MATCH(K48,$B38:$E38,1)+1,MATCH(K51,$A39:$A46,1)))} -> 1750
B56: y1_n2: | C56: {=INDEX($B39:$E46,IF(MATCH(C51,$A39:$A46,1)<E49,MATCH(C51,$A39:$A46,1)+1,MATCH(C51,$A39:$A46,1)),MATCH(C48,$B38:$E38,1))} -> 1650 | J56: y1_n2: | K56: {=INDEX($B39:$E46,IF(MATCH(K51,$A39:$A46,1)<M49,MATCH(K51,$A39:$A46,1)+1,MATCH(K51,$A39:$A46,1)),MATCH(K48,$B38:$E38,1))} -> 1650
B57: y2_n2: | C57: {=INDEX($B39:$E46,IF(MATCH(C51,$A39:$A46,1)<E49,MATCH(C51,$A39:$A46,1)+1,MATCH(C51,$A39:$A46,1)),IF(MATCH(C48,$B38:$E38,1)<E50,MATCH(C48,$B38:$E38,1)+1,MATCH(C48,$B38:$E38,1)))} -> 1900 | J57: y2_n2: | K57: {=INDEX($B39:$E46,IF(MATCH(K51,$A39:$A46,1)<M49,MATCH(K51,$A39:$A46,1)+1,MATCH(K51,$A39:$A46,1)),IF(MATCH(K48,$B38:$E38,1)<M50,MATCH(K48,$B38:$E38,1)+1,MATCH(K48,$B38:$E38,1)))} -> 1900
B58: y_n1: | C58: =IFERROR(C54+(C48-C49)*(C55-C54)/(C50-C49),C54) -> 1540.525 | J58: y_n1: | K58: =IFERROR(K54+(K48-K49)*(K55-K54)/(K50-K49),K54) -> 1540.525
B59: y_n2: | C59: =IFERROR(C56+(C48-C49)*(C57-C56)/(C50-C49),C56) -> 1650.625 | J59: y_n2: | K59: =IFERROR(K56+(K48-K49)*(K57-K56)/(K50-K49),K56) -> 1650.625
B60: Distance | C60: =IFERROR(C58+(C51-C52)*(C59-C58)/(C53-C52),C58) -> 1595.575 | J60: Distance | K60: =IFERROR(K58+(K51-K52)*(K59-K58)/(K53-K52),K58) -> 1628.605
B63: Vind
A64: Kt | B64: 850 | C64: 1300 | D64: 1700 | E64: 2100 | F64: 2500
A65: -10 | B65: 1250 | C65: 1700 | D65: 2200 | E65: 2700 | F65: 99999
A66: 0 | B66: 850 | C66: 1300 | D66: 1700 | E66: 2100 | F66: 99999
A67: 30 | B67: 550 | C67: 950 | D67: 1290 | E67: 1650 | F67: 99999
B69: x_n: | C69: =C60 -> 1595.575 | D69: Table size | J69: x_n: | K69: =K60 -> 1628.605 | L69: Table size
B70: x1_n: | C70: {=INDEX($B64:$F64,MATCH(C69,$B64:$F64,1))} -> 1300 | D70: Rows: | E70: =MATCH(MAX($A65:$A67),$A65:$A67,1) -> 3 | J70: x1_n: | K70: {=INDEX($B64:$F64,MATCH(K69,$B64:$F64,1))} -> 1300 | L70: Rows: | M70: =MATCH(MAX($A65:$A67),$A65:$A67,1) -> 3
B71: x2_n: | C71: {=INDEX($B64:$F64,IF(MATCH(C69,$B64:$F64,1)<E71,MATCH(C69,$B64:$F64,1)+1,MATCH(C69,$B64:$F64,1)))} -> 1700 | D71: Columns: | E71: =MATCH(MAX($B64:$F64),$B64:$F64,0) -> 5 | J71: x2_n: | K71: {=INDEX($B64:$F64,IF(MATCH(K69,$B64:$F64,1)<M71,MATCH(K69,$B64:$F64,1)+1,MATCH(K69,$B64:$F64,1)))} -> 1700 | L71: Columns: | M71: =MATCH(MAX($B64:$F64),$B64:$F64,0) -> 5
B72: y_n: | C72: =Landing!C21 -> -2.394141 | J72: y_n: | K72: ='Take-off'!$C$24 -> -2.394141
B73: n1: | C73: {=INDEX($A65:$A67,MATCH(C72,$A65:$A67,1))} -> -10 | J73: n1: | K73: {=INDEX($A65:$A67,MATCH(K72,$A65:$A67,1))} -> -10
B74: n2: | C74: {=INDEX($A65:$A67,IF(MATCH(C72,$A65:$A67,1)<E70,MATCH(C72,$A65:$A67,1)+1,MATCH(C72,$A65:$A67,1)))} -> 0 | J74: n2: | K74: {=INDEX($A65:$A67,IF(MATCH(K72,$A65:$A67,1)<M70,MATCH(K72,$A65:$A67,1)+1,MATCH(K72,$A65:$A67,1)))} -> 0
B75: y1_n1: | C75: {=INDEX($B65:$F67,MATCH(C72,$A65:$A67,1),MATCH(C69,$B64:$F64,1))} -> 1700 | J75: y1_n1: | K75: {=INDEX($B65:$F67,MATCH(K72,$A65:$A67,1),MATCH(K69,$B64:$F64,1))} -> 1700
B76: y2_n1: | C76: {=INDEX($B65:$F67,MATCH(C72,$A65:$A67,1),IF(MATCH(C69,$B64:$F64,1)<E71,MATCH(C69,$B64:$F64,1)+1,MATCH(C72,$A65:$A67,1)))} -> 2200 | J76: y2_n1: | K76: {=INDEX($B65:$F67,MATCH(K72,$A65:$A67,1),IF(MATCH(K69,$B64:$F64,1)<M71,MATCH(K69,$B64:$F64,1)+1,MATCH(K72,$A65:$A67,1)))} -> 2200
B77: y1_n2: | C77: {=INDEX($B65:$F67,IF(MATCH(C72,$A65:$A67,1)<E70,MATCH(C72,$A65:$A67,1)+1,MATCH(C72,$A65:$A67,1)),MATCH(C69,$B64:$F64,1))} -> 1300 | J77: y1_n2: | K77: {=INDEX($B65:$F67,IF(MATCH(K72,$A65:$A67,1)<M70,MATCH(K72,$A65:$A67,1)+1,MATCH(K72,$A65:$A67,1)),MATCH(K69,$B64:$F64,1))} -> 1300
B78: y2_n2: | C78: {=INDEX($B65:$F67,IF(MATCH(C72,$A65:$A67,1)<E70,MATCH(C72,$A65:$A67,1)+1,MATCH(C72,$A65:$A67,1)),IF(MATCH(C69,$B64:$F64,1)<E71,MATCH(C69,$B64:$F64,1)+1,MATCH(C69,$B64:$F64,1)))} -> 1700 | J78: y2_n2: | K78: {=INDEX($B65:$F67,IF(MATCH(K72,$A65:$A67,1)<M70,MATCH(K72,$A65:$A67,1)+1,MATCH(K72,$A65:$A67,1)),IF(MATCH(K69,$B64:$F64,1)<M71,MATCH(K69,$B64:$F64,1)+1,MATCH(K69,$B64:$F64,1)))} -> 1700
B79: y_n1: | C79: =IFERROR(C75+(C69-C70)*(C76-C75)/(C71-C70),C75) -> 2069.4688 | J79: y_n1: | K79: =IFERROR(K75+(K69-K70)*(K76-K75)/(K71-K70),K75) -> 2110.7562
B80: y_n2: | C80: =IFERROR(C77+(C69-C70)*(C78-C77)/(C71-C70),C77) -> 1595.575 | J80: y_n2: | K80: =IFERROR(K77+(K69-K70)*(K78-K77)/(K71-K70),K77) -> 1628.605
B81: Distance | C81: =IFERROR(C79+(C72-C73)*(C80-C79)/(C74-C73),C79) -> 1709.0318 | J81: Distance | K81: =IFERROR(K79+(K72-K73)*(K80-K79)/(K74-K73),K79) -> 1744.0388
B83: Obstacle height
B84: 500 | C84: 1000 | D84: 1500 | E84: 2000 | F84: 2500 | G84: 3000 | H84: 3500
A85: 0 | B85: 500 | C85: 1000 | D85: 1500 | E85: 2000 | F85: 2500 | G85: 3000 | H85: 99999
A86: 50 | B86: 1550 | C86: 2050 | D86: 2570 | E86: 3050 | F86: 3550 | G86: 4050 | H86: 99999
B88: x_n: | C88: =C81 -> 1709.0318 | D88: Table size | J88: x_n: | K88: =K81 -> 1744.0388 | L88: Table size
B89: x1_n: | C89: {=INDEX($B84:$H84,MATCH(C88,$B84:$H84,1))} -> 1500 | D89: Rows: | E89: =MATCH(MAX($A85:$A86),$A85:$A86,1) -> 2 | J89: x1_n: | K89: {=INDEX($B84:$H84,MATCH(K88,$B84:$H84,1))} -> 1500 | L89: Rows: | M89: =MATCH(MAX($A85:$A86),$A85:$A86,1) -> 2
B90: x2_n: | C90: {=INDEX($B84:$H84,IF(MATCH(C88,$B84:$H84,1)<E90,MATCH(C88,$B84:$H84,1)+1,MATCH(C88,$B84:$H84,1)))} -> 2000 | D90: Columns: | E90: =MATCH(MAX($B84:$H84),$B84:$H84,0) -> 7 | J90: x2_n: | K90: {=INDEX($B84:$H84,IF(MATCH(K88,$B84:$H84,1)<M90,MATCH(K88,$B84:$H84,1)+1,MATCH(K88,$B84:$H84,1)))} -> 2000 | L90: Columns: | M90: =MATCH(MAX($B84:$H84),$B84:$H84,0) -> 7
B91: y_n: | C91: 50 | J91: y_n: | K91: 50
B92: n1: | C92: {=INDEX($A85:$A86,MATCH(C91,$A85:$A86,1))} -> 50 | J92: n1: | K92: {=INDEX($A85:$A86,MATCH(K91,$A85:$A86,1))} -> 50
B93: n2: | C93: {=INDEX($A85:$A86,IF(MATCH(C91,$A85:$A86,1)<E89,MATCH(C91,$A85:$A86,1)+1,MATCH(C91,$A85:$A86,1)))} -> 50 | J93: n2: | K93: {=INDEX($A85:$A86,IF(MATCH(K91,$A85:$A86,1)<M89,MATCH(K91,$A85:$A86,1)+1,MATCH(K91,$A85:$A86,1)))} -> 50
B94: y1_n1: | C94: {=INDEX($B85:$H86,MATCH(C91,$A85:$A86,1),MATCH(C88,$B84:$H84,1))} -> 2570 | J94: y1_n1: | K94: {=INDEX($B85:$H86,MATCH(K91,$A85:$A86,1),MATCH(K88,$B84:$H84,1))} -> 2570
B95: y2_n1: | C95: {=INDEX($B85:$H86,MATCH(C91,$A85:$A86,1),IF(MATCH(C88,$B84:$H84,1)<E90,MATCH(C88,$B84:$H84,1)+1,MATCH(C91,$A85:$A86,1)))} -> 3050 | J95: y2_n1: | K95: {=INDEX($B85:$H86,MATCH(K91,$A85:$A86,1),IF(MATCH(K88,$B84:$H84,1)<M90,MATCH(K88,$B84:$H84,1)+1,MATCH(K91,$A85:$A86,1)))} -> 3050
B96: y1_n2: | C96: {=INDEX($B85:$H86,IF(MATCH(C91,$A85:$A86,1)<E89,MATCH(C91,$A85:$A86,1)+1,MATCH(C91,$A85:$A86,1)),MATCH(C88,$B84:$H84,1))} -> 2570 | J96: y1_n2: | K96: {=INDEX($B85:$H86,IF(MATCH(K91,$A85:$A86,1)<M89,MATCH(K91,$A85:$A86,1)+1,MATCH(K91,$A85:$A86,1)),MATCH(K88,$B84:$H84,1))} -> 2570
B97: y2_n2: | C97: {=INDEX($B85:$H86,IF(MATCH(C91,$A85:$A86,1)<E89,MATCH(C91,$A85:$A86,1)+1,MATCH(C91,$A85:$A86,1)),IF(MATCH(C88,$B84:$H84,1)<E90,MATCH(C88,$B84:$H84,1)+1,MATCH(C88,$B84:$H84,1)))} -> 3050 | J97: y2_n2: | K97: {=INDEX($B85:$H86,IF(MATCH(K91,$A85:$A86,1)<M89,MATCH(K91,$A85:$A86,1)+1,MATCH(K91,$A85:$A86,1)),IF(MATCH(K88,$B84:$H84,1)<M90,MATCH(K88,$B84:$H84,1)+1,MATCH(K88,$B84:$H84,1)))} -> 3050
B98: y_n1: | C98: =IFERROR(C94+(C88-C89)*(C95-C94)/(C90-C89),C94) -> 2770.6706 | J98: y_n1: | K98: =IFERROR(K94+(K88-K89)*(K95-K94)/(K90-K89),K94) -> 2804.2773
B99: y_n2: | C99: =IFERROR(C96+(C88-C89)*(C97-C96)/(C90-C89),C96) -> 2770.6706 | J99: y_n2: | K99: =IFERROR(K96+(K88-K89)*(K97-K96)/(K90-K89),K96) -> 2804.2773
B100: Distance | C100: =IFERROR(C98+(C91-C92)*(C99-C98)/(C93-C92),C98) -> 2770.6706 | J100: Distance | K100: =IFERROR(K98+(K91-K92)*(K99-K98)/(K93-K92),K98) -> 2804.2773
A102: Meter | C102: =C100/3.28 -> 844.71664 | K102: =K100/3.28 -> 854.96258
B103: Slope | C103: =IF(Landing!$C$16<0, ((-Landing!$C$16*5)%*C102),0 ) -> 0 | K103: =IF('Take-off'!$C$17<0, ((-'Take-off'!$C$17*5)%*K102),0 ) -> 0
B104: Totalt | C104: =SUM(C102:C103) -> 844.71664 | K104: =SUM(K102:K103) -> 854.96258

Sheet Takeoff distance  contamined 2
B1: Pressure Alt | C1: x_n: | D1: =IF('Take-off'!$C$9="",'Take-off'!$C$16,MAX(0,'Take-off'!$C$16+30*(1013-'Take-off'!$C$9))) -> 770
B2: Temp in calc | C2: y_n: | D2: ='Take-off'!$C$8 -> 15
A4: Contaminated Runway - flaps take off | I4: Contaminated Runway - flaps take off | Q4: Contaminated Runway - flaps take off | Y4: Contaminated Runway - flaps take off | AG4: Contaminated Runway - flaps take off | AO4: Contaminated Runway - flaps take off | AW4: Wet Runway - flaps take off
A5: Aircraft WEIGHT: | I5: Aircraft WEIGHT: | Q5: Aircraft WEIGHT: | Y5: Aircraft WEIGHT: | AG5: Aircraft WEIGHT: | AO5: Aircraft WEIGHT: | AW5: Aircraft WEIGHT:
C6: 16600 | D6: Lbs | K6: 16000 | L6: Lbs | S6: 15000 | T6: Lbs | AA6: 14000 | AB6: Lbs | AI6: 13000 | AJ6: Lbs | AQ6: 12000 | AR6: Lbs | AY6: 13000 | AZ6: Lbs
A7: Ambient Temperature | C7: Field Elevation (ft.) | I7: Ambient Temperature | K7: Field Elevation (ft.) | Q7: Ambient Temperature | S7: Field Elevation (ft.) | Y7: Ambient Temperature | AA7: Field Elevation (ft.) | AG7: Ambient Temperature | AI7: Field Elevation (ft.) | AO7: Ambient Temperature | AQ7: Field Elevation (ft.) | AW7: Ambient Temperature | AY7: Field Elevation (ft.)
A9: °C | C9: 0 | D9: 1000 | E9: 2000 | F9: 3000 | G9: 4000 | I9: °C | K9: 0 | L9: 1000 | M9: 2000 | N9: 3000 | O9: 4000 | Q9: °C | S9: 0 | T9: 1000 | U9: 2000 | V9: 3000 | W9: 4000 | Y9: °C | AA9: 0 | AB9: 1000 | AC9: 2000 | AD9: 3000 | AE9: 4000 | AG9: °C | AI9: 0 | AJ9: 1000 | AK9: 2000 | AL9: 3000 | AM9: 4000 | AO9: °C | AQ9: 0 | AR9: 1000 | AS9: 2000 | AT9: 3000 | AU9: 4000 | AW9: °C | AY9: 0 | AZ9: 1000 | BA9: 2000 | BB9: 3000 | BC9: 4000
A10: -30 | C10: 5957 | D10: 6214 | E10: 6488 | F10: 6779 | G10: 99999 | I10: -30 | K10: 5679 | L10: 5922 | M10: 6179 | N10: 6453 | O10: 99999 | Q10: -30 | S10: 5234 | T10: 5454 | U10: 5687 | V10: 5933 | W10: 99999 | Y10: -30 | AA10: 4836 | AB10: 5034 | AC10: 5245 | AD10: 5468 | AE10: 99999 | AG10: -30 | AI10: 4538 | AJ10: 4700 | AK10: 4872 | AL10: 5055 | AM10: 99999 | AO10: -30 | AQ10: 4507 | AR10: 4664 | AS10: 4830 | AT10: 5005 | AU10: 99999 | AW10: 0 | BC10: 99999
A11: -25 | C11: 6100 | D11: 6365 | E11: 6646 | F11: 6948 | G11: 99999 | I11: -25 | K11: 5815 | L11: 6065 | M11: 6329 | N11: 6612 | O11: 99999 | Q11: -25 | S11: 5356 | T11: 5583 | U11: 5822 | V11: 6076 | W11: 99999 | Y11: -25 | AA11: 4946 | AB11: 5151 | AC11: 5367 | AD11: 5596 | AE11: 99999 | AG11: -25 | AI11: 4628 | AJ11: 4795 | AK11: 4972 | AL11: 5160 | AM11: 99999 | AO11: -25 | AQ11: 4594 | AR11: 4755 | AS11: 4926 | AT11: 5107 | AU11: 99999 | AW11: 10 | BC11: 99999
A12: -20 | C12: 6245 | D12: 6518 | E12: 6809 | F12: 7120 | G12: 99999 | I12: -20 | K12: 5951 | L12: 6208 | M12: 6481 | N12: 6774 | O12: 99999 | Q12: -20 | S12: 5480 | T12: 5713 | U12: 5958 | V12: 6221 | W12: 99999 | Y12: -20 | AA12: 5058 | AB12: 5268 | AC12: 5490 | AD12: 5728 | AE12: 99999 | AG12: -20 | AI12: 4719 | AJ12: 4891 | AK12: 5074 | AL12: 5273 | AM12: 99999 | AO12: -20 | AQ12: 4682 | AR12: 4848 | AS12: 5024 | AT12: 5210 | AU12: 99999 | BC12: 99999
A13: -15 | C13: 6391 | D13: 6673 | E13: 6972 | F13: 7294 | G13: 99999 | I13: -15 | K13: 6089 | L13: 6353 | M13: 6635 | N13: 6938 | O13: 99999 | Q13: -15 | S13: 5605 | T13: 5843 | U13: 6096 | V13: 6368 | W13: 99999 | Y13: -15 | AA13: 5170 | AB13: 5386 | AC13: 5614 | AD13: 5860 | AE13: 99999 | AG13: -15 | AI13: 4812 | AJ13: 4988 | AK13: 5175 | AL13: 5392 | AM13: 99999 | AO13: -15 | AQ13: 4771 | AR13: 4941 | AS13: 5122 | AT13: 5313 | AU13: 99999 | BC13: 99999
A14: -10 | C14: 6539 | D14: 6828 | E14: 7138 | F14: 7470 | G14: 99999 | I14: -10 | K14: 6227 | L14: 6500 | M14: 6791 | N14: 7103 | O14: 99999 | Q14: -10 | S14: 5730 | T14: 5975 | U14: 6236 | V14: 6517 | W14: 99999 | Y14: -10 | AA14: 5283 | AB14: 5505 | AC14: 5741 | AD14: 5992 | AE14: 99999 | AG14: -10 | AI14: 4904 | AJ14: 5086 | AK14: 5286 | AL14: 5512 | AM14: 99999 | AO14: -10 | AQ14: 4861 | AR14: 5036 | AS14: 5221 | AT14: 5417 | AU14: 99999 | BC14: 99999
A15: -5 | C15: 6688 | D15: 6986 | E15: 7306 | F15: 7647 | G15: 99999 | I15: -5 | K15: 6367 | L15: 6647 | M15: 6949 | N15: 7270 | O15: 99999 | Q15: -5 | S15: 5856 | T15: 6107 | U15: 6378 | V15: 6667 | W15: 99999 | Y15: -5 | AA15: 5397 | AB15: 5625 | AC15: 5869 | AD15: 6127 | AE15: 99999 | AG15: -5 | AI15: 4998 | AJ15: 5184 | AK15: 5401 | AL15: 5633 | AM15: 99999 | AO15: -5 | AQ15: 4951 | AR15: 5130 | AS15: 5321 | AT15: 5522 | AU15: 99999 | BC15: 99999
A16: 0 | C16: 6838 | D16: 7146 | E16: 7476 | F16: 7826 | G16: 99999 | I16: 0 | K16: 6509 | L16: 6799 | M16: 7109 | N16: 7439 | O16: 99999 | Q16: 0 | S16: 5983 | T16: 6243 | U16: 6522 | V16: 6819 | W16: 99999 | Y16: 0 | AA16: 5512 | AB16: 5747 | AC16: 5997 | AD16: 6263 | AE16: 99999 | AG16: 0 | AI16: 5092 | AJ16: 5291 | AK16: 5516 | AL16: 5755 | AM16: 99999 | AO16: 0 | AQ16: 5042 | AR16: 5226 | AS16: 5421 | AT16: 5628 | AU16: 99999 | BC16: 99999
A17: 5 | C17: 6990 | D17: 7308 | E17: 7646 | F17: 8006 | G17: 99999 | I17: 5 | K17: 6651 | L17: 6951 | M17: 7270 | N17: 7609 | O17: 99999 | Q17: 5 | S17: 6111 | T17: 6380 | U17: 6666 | V17: 6972 | W17: 99999 | Y17: 5 | AA17: 5628 | AB17: 5870 | AC17: 6126 | AD17: 6400 | AE17: 99999 | AG17: 5 | AI17: 5187 | AJ17: 5402 | AK17: 5633 | AL17: 5878 | AM17: 99999 | AO17: 5 | AQ17: 5133 | AR17: 5322 | AS17: 5522 | AT17: 5734 | AU17: 99999 | BC17: 99999
A18: 10 | C18: 7145 | D18: 7472 | E18: 7819 | F18: 8189 | G18: 99999 | I18: 10 | K18: 6797 | L18: 7105 | M18: 7432 | N18: 7781 | O18: 99999 | Q18: 10 | S18: 6241 | T18: 6518 | U18: 6813 | V18: 7127 | W18: 99999 | Y18: 10 | AA18: 5746 | AB18: 5994 | AC18: 6257 | AD18: 6540 | AE18: 99999 | AG18: 10 | AI18: 5290 | AJ18: 5513 | AK18: 5633 | AL18: 6001 | AM18: 99999 | AO18: 10 | AQ18: 5225 | AR18: 5419 | AS18: 5624 | AT18: 5841 | AU18: 99999 | BC18: 99999
A19: 15 | C19: 7301 | D19: 7636 | E19: 7993 | F19: 8373 | G19: 99999 | I19: 15 | K19: 6944 | L19: 7260 | M19: 7596 | N19: 7953 | O19: 99999 | Q19: 15 | S19: 6373 | T19: 6658 | U19: 6960 | V19: 7283 | W19: 99999 | Y19: 15 | AA19: 5864 | AB19: 6118 | AC19: 6390 | AD19: 6680 | AE19: 99999 | AG19: 15 | AI19: 5397 | AJ19: 5626 | AK19: 5868 | AL19: 6126 | AM19: 99999 | AO19: 15 | AQ19: 5318 | AR19: 5516 | AS19: 5727 | AT19: 5950 | AU19: 99999 | BC19: 99999
A20: 20 | C20: 7458 | D20: 7802 | E20: 8168 | F20: 8558 | G20: 99999 | I20: 20 | K20: 7092 | L20: 7416 | M20: 7761 | N20: 8128 | O20: 99999 | Q20: 20 | S20: 6507 | T20: 6798 | U20: 7110 | V20: 7440 | W20: 99999 | Y20: 20 | AA20: 5983 | AB20: 6244 | AC20: 6523 | AD20: 6822 | AE20: 99999 | AG20: 20 | AI20: 5504 | AJ20: 5739 | AK20: 5987 | AL20: 6253 | AM20: 99999 | AO20: 20 | AQ20: 5411 | AR20: 5613 | AS20: 5830 | AT20: 6058 | AU20: 99999 | AW20: 20 | BC20: 99999
A21: 25 | C21: 7617 | D21: 7969 | E21: 8345 | F21: 8757 | G21: 99999 | I21: 25 | K21: 7242 | L21: 7574 | M21: 7927 | N21: 8314 | O21: 99999 | Q21: 25 | S21: 6641 | T21: 6941 | U21: 7259 | V21: 7607 | W21: 99999 | Y21: 25 | AA21: 6103 | AB21: 6372 | AC21: 6659 | AD21: 6972 | AE21: 99999 | AG21: 25 | AI21: 5612 | AJ21: 5852 | AK21: 6108 | AL21: 6387 | AM21: 99999 | AO21: 25 | AQ21: 5505 | AR21: 5713 | AS21: 5934 | AT21: 6170 | AU21: 99999 | BC21: 99999
A22: 30 | C22: 7777 | D22: 8139 | E22: 8555 | F22: 99999 | G22: 99999 | I22: 30 | K22: 7392 | L22: 7733 | M22: 8124 | N22: 8610 | O22: 99999 | Q22: 30 | S22: 6777 | T22: 7084 | U22: 7434 | V22: 7863 | W22: 99999 | Y22: 30 | AA22: 6225 | AB22: 6501 | AC22: 6814 | AD22: 7194 | AE22: 99999 | AG22: 30 | AI22: 5721 | AJ22: 5967 | AK22: 6243 | AL22: 6578 | AM22: 99999 | AO22: 30 | AQ22: 5600 | AR22: 5813 | AS22: 6043 | AT22: 6170 | AU22: 99999 | AW22: 30 | BC22: 99999
A23: 40 | C23: 99999 | D23: 99999 | E23: 99999 | F23: 99999 | G23: 99999 | I23: 40 | K23: 99999 | L23: 99999 | M23: 99999 | N23: 99999 | O23: 99999 | Q23: 40 | S23: 99999 | T23: 99999 | U23: 99999 | V23: 99999 | W23: 99999 | Y23: 40 | AA23: 99999 | AB23: 99999 | AC23: 99999 | AD23: 99999 | AE23: 99999 | AG23: 40 | AI23: 99999 | AJ23: 99999 | AK23: 99999 | AL23: 99999 | AM23: 99999 | AO23: 40 | AQ23: 99999 | AR23: 99999 | AS23: 99999 | AT23: 99999 | AU23: 99999 | AW23: 40 | AY23: 99999 | AZ23: 99999 | BA23: 99999 | BB23: 99999 | BC23: 99999
C24: -- | D24: -- | E24: -- | F24: -- | G24: -- | K24: -- | L24: -- | M24: -- | N24: -- | O24: -- | S24: -- | T24: -- | U24: -- | V24: -- | W24: -- | AA24: -- | AB24: -- | AC24: -- | AD24: -- | AE24: -- | AI24: -- | AJ24: -- | AK24: -- | AL24: -- | AM24: -- | AQ24: -- | AR24: -- | AS24: -- | AT24: -- | AU24: -- | AY24: -- | AZ24: -- | BA24: -- | BB24: -- | BC24: --
B26: x_n: | C26: =$D$1 -> 770 | D26: Table size | J26: x_n: | K26: =$D$1 -> 770 | L26: Table size | R26: x_n: | S26: =$D$1 -> 770 | T26: Table size | Z26: x_n: | AA26: =$D$1 -> 770 | AB26: Table size | AH26: x_n: | AI26: =$D$1 -> 770 | AJ26: Table size | AP26: x_n: | AQ26: =$D$1 -> 770 | AR26: Table size | AX26: x_n: | AY26: =$D$1 -> 770 | AZ26: Table size
B27: x1_n: | C27: {=INDEX(C9:G9,MATCH(C26,C9:G9,1))} -> 0 | D27: Rows: | E27: =MATCH(MAX(A10:A24),A10:A24,0) -> 14 | J27: x1_n: | K27: {=INDEX(K9:O9,MATCH(K26,K9:O9,1))} -> 0 | L27: Rows: | M27: =MATCH(MAX(I10:I24),I10:I24,0) -> 14 | R27: x1_n: | S27: {=INDEX(S9:W9,MATCH(S26,S9:W9,1))} -> 0 | T27: Rows: | U27: =MATCH(MAX(Q10:Q24),Q10:Q24,0) -> 14 | Z27: x1_n: | AA27: {=INDEX(AA9:AE9,MATCH(AA26,AA9:AE9,1))} -> 0 | AB27: Rows: | AC27: =MATCH(MAX(Y10:Y24),Y10:Y24,0) -> 14 | AH27: x1_n: | AI27: {=INDEX(AI9:AM9,MATCH(AI26,AI9:AM9,1))} -> 0 | AJ27: Rows: | AK27: =MATCH(MAX(AG10:AG24),AG10:AG24,0) -> 14 | AP27: x1_n: | AQ27: {=INDEX(AQ9:AU9,MATCH(AQ26,AQ9:AU9,1))} -> 0 | AR27: Rows: | AS27: =MATCH(MAX(AO10:AO24),AO10:AO24,0) -> 14 | AX27: x1_n: | AY27: {=INDEX(AY9:BC9,MATCH(AY26,AY9:BC9,1))} -> 0 | AZ27: Rows: | BA27: =MATCH(MAX(AW10:AW24),AW10:AW24,0) -> 14
B28: x2_n: | C28: {=INDEX(C9:G9,IF(MATCH(C26,C9:G9,1)<E28,MATCH(C26,C9:G9,1)+1,MATCH(C26,C9:G9,1)))} -> 1000 | D28: Columns: | E28: =MATCH(MAX(C9:G9),C9:G9,0) -> 5 | J28: x2_n: | K28: {=INDEX(K9:O9,IF(MATCH(K26,K9:O9,1)<M28,MATCH(K26,K9:O9,1)+1,MATCH(K26,K9:O9,1)))} -> 1000 | L28: Columns: | M28: =MATCH(MAX(K9:O9),K9:O9,0) -> 5 | R28: x2_n: | S28: {=INDEX(S9:W9,IF(MATCH(S26,S9:W9,1)<U28,MATCH(S26,S9:W9,1)+1,MATCH(S26,S9:W9,1)))} -> 1000 | T28: Columns: | U28: =MATCH(MAX(S9:W9),S9:W9,0) -> 5 | Z28: x2_n: | AA28: {=INDEX(AA9:AE9,IF(MATCH(AA26,AA9:AE9,1)<AC28,MATCH(AA26,AA9:AE9,1)+1,MATCH(AA26,AA9:AE9,1)))} -> 1000 | AB28: Columns: | AC28: =MATCH(MAX(AA9:AE9),AA9:AE9,0) -> 5 | AH28: x2_n: | AI28: {=INDEX(AI9:AM9,IF(MATCH(AI26,AI9:AM9,1)<AK28,MATCH(AI26,AI9:AM9,1)+1,MATCH(AI26,AI9:AM9,1)))} -> 1000 | AJ28: Columns: | AK28: =MATCH(MAX(AI9:AM9),AI9:AM9,0) -> 5 | AP28: x2_n: | AQ28: {=INDEX(AQ9:AU9,IF(MATCH(AQ26,AQ9:AU9,1)<AS28,MATCH(AQ26,AQ9:AU9,1)+1,MATCH(AQ26,AQ9:AU9,1)))} -> 1000 | AR28: Columns: | AS28: =MATCH(MAX(AQ9:AU9),AQ9:AU9,0) -> 5 | AX28: x2_n: | AY28: {=INDEX(AY9:BC9,IF(MATCH(AY26,AY9:BC9,1)<BA28,MATCH(AY26,AY9:BC9,1)+1,MATCH(AY26,AY9:BC9,1)))} -> 1000 | AZ28: Columns: | BA28: =MATCH(MAX(AY9:BC9),AY9:BC9,0) -> 5
B29: y_n: | C29: =$D$2 -> 15 | J29: y_n: | K29: =$D$2 -> 15 | R29: y_n: | S29: =$D$2 -> 15 | Z29: y_n: | AA29: =$D$2 -> 15 | AH29: y_n: | AI29: =$D$2 -> 15 | AP29: y_n: | AQ29: =$D$2 -> 15 | AX29: y_n: | AY29: =$D$2 -> 15
B30: n1: | C30: {=INDEX(A10:A24,MATCH(C29,A10:A24,1))} -> 15 | J30: n1: | K30: {=INDEX(I10:I24,MATCH(K29,I10:I24,1))} -> 15 | R30: n1: | S30: {=INDEX(Q10:Q24,MATCH(S29,Q10:Q24,1))} -> 15 | Z30: n1: | AA30: {=INDEX(Y10:Y24,MATCH(AA29,Y10:Y24,1))} -> 15 | AH30: n1: | AI30: {=INDEX(AG10:AG24,MATCH(AI29,AG10:AG24,1))} -> 15 | AP30: n1: | AQ30: {=INDEX(AO10:AO24,MATCH(AQ29,AO10:AO24,1))} -> 15 | AX30: n1: | AY30: {=INDEX(AW10:AW24,MATCH(AY29,AW10:AW24,1))} -> 10
B31: n2: | C31: {=INDEX(A10:A24,IF(MATCH(C29,A10:A24,1)<E27,MATCH(C29,A10:A24,1)+1,MATCH(C29,A10:A24,1)))} -> 20 | J31: n2: | K31: {=INDEX(I10:I24,IF(MATCH(K29,I10:I24,1)<M27,MATCH(K29,I10:I24,1)+1,MATCH(K29,I10:I24,1)))} -> 20 | R31: n2: | S31: {=INDEX(Q10:Q24,IF(MATCH(S29,Q10:Q24,1)<U27,MATCH(S29,Q10:Q24,1)+1,MATCH(S29,Q10:Q24,1)))} -> 20 | Z31: n2: | AA31: {=INDEX(Y10:Y24,IF(MATCH(AA29,Y10:Y24,1)<AC27,MATCH(AA29,Y10:Y24,1)+1,MATCH(AA29,Y10:Y24,1)))} -> 20 | AH31: n2: | AI31: {=INDEX(AG10:AG24,IF(MATCH(AI29,AG10:AG24,1)<AK27,MATCH(AI29,AG10:AG24,1)+1,MATCH(AI29,AG10:AG24,1)))} -> 20 | AP31: n2: | AQ31: {=INDEX(AO10:AO24,IF(MATCH(AQ29,AO10:AO24,1)<AS27,MATCH(AQ29,AO10:AO24,1)+1,MATCH(AQ29,AO10:AO24,1)))} -> 20 | AX31: n2: | AY31: =INDEX(AW10:AW24,IF(MATCH(AY29,AW10:AW24,1)<BA27,MATCH(AY29,AW10:AW24,1)+1,MATCH(AY29,AW10:AW24,1))) -> 0
B32: y1_n1: | C32: {=INDEX(C10:G24,MATCH(C29,A10:A24,1),MATCH(C26,C9:G9,1))} -> 7301 | J32: y1_n1: | K32: {=INDEX(K10:O24,MATCH(K29,I10:I24,1),MATCH(K26,K9:O9,1))} -> 6944 | R32: y1_n1: | S32: {=INDEX(S10:W24,MATCH(S29,Q10:Q24,1),MATCH(S26,S9:W9,1))} -> 6373 | Z32: y1_n1: | AA32: {=INDEX(AA10:AE24,MATCH(AA29,Y10:Y24,1),MATCH(AA26,AA9:AE9,1))} -> 5864 | AH32: y1_n1: | AI32: {=INDEX(AI10:AM24,MATCH(AI29,AG10:AG24,1),MATCH(AI26,AI9:AM9,1))} -> 5397 | AP32: y1_n1: | AQ32: {=INDEX(AQ10:AU24,MATCH(AQ29,AO10:AO24,1),MATCH(AQ26,AQ9:AU9,1))} -> 5318 | AX32: y1_n1: | AY32: =INDEX(AY10:BC24,MATCH(AY29,AW10:AW24,1),MATCH(AY26,AY9:BC9,1)) -> 0
B33: y2_n1: | C33: {=INDEX(C10:G24,MATCH(C29,A10:A24,1),IF(MATCH(C26,C9:G9,1)<E28,MATCH(C26,C9:G9,1)+1,MATCH(C29,A10:A24,1)))} -> 7636 | J33: y2_n1: | K33: {=INDEX(K10:O24,MATCH(K29,I10:I24,1),IF(MATCH(K26,K9:O9,1)<M28,MATCH(K26,K9:O9,1)+1,MATCH(K29,I10:I24,1)))} -> 7260 | R33: y2_n1: | S33: {=INDEX(S10:W24,MATCH(S29,Q10:Q24,1),IF(MATCH(S26,S9:W9,1)<U28,MATCH(S26,S9:W9,1)+1,MATCH(S29,Q10:Q24,1)))} -> 6658 | Z33: y2_n1: | AA33: {=INDEX(AA10:AE24,MATCH(AA29,Y10:Y24,1),IF(MATCH(AA26,AA9:AE9,1)<AC28,MATCH(AA26,AA9:AE9,1)+1,MATCH(AA29,Y10:Y24,1)))} -> 6118 | AH33: y2_n1: | AI33: {=INDEX(AI10:AM24,MATCH(AI29,AG10:AG24,1),IF(MATCH(AI26,AI9:AM9,1)<AK28,MATCH(AI26,AI9:AM9,1)+1,MATCH(AI29,AG10:AG24,1)))} -> 5626 | AP33: y2_n1: | AQ33: {=INDEX(AQ10:AU24,MATCH(AQ29,AO10:AO24,1),IF(MATCH(AQ26,AQ9:AU9,1)<AS28,MATCH(AQ26,AQ9:AU9,1)+1,MATCH(AQ29,AO10:AO24,1)))} -> 5516 | AX33: y2_n1: | AY33: =INDEX(AY10:BC24,MATCH(AY29,AW10:AW24,1),IF(MATCH(AY26,AY9:BC9,1)<BA28,MATCH(AY26,AY9:BC9,1)+1,MATCH(AY29,AW10:AW24,1))) -> 0
B34: y1_n2: | C34: {=INDEX(C10:G24,IF(MATCH(C29,A10:A24,1)<E27,MATCH(C29,A10:A24,1)+1,MATCH(C29,A10:A24,1)),MATCH(C26,C9:G9,1))} -> 7458 | J34: y1_n2: | K34: {=INDEX(K10:O24,IF(MATCH(K29,I10:I24,1)<M27,MATCH(K29,I10:I24,1)+1,MATCH(K29,I10:I24,1)),MATCH(K26,K9:O9,1))} -> 7092 | R34: y1_n2: | S34: {=INDEX(S10:W24,IF(MATCH(S29,Q10:Q24,1)<U27,MATCH(S29,Q10:Q24,1)+1,MATCH(S29,Q10:Q24,1)),MATCH(S26,S9:W9,1))} -> 6507 | Z34: y1_n2: | AA34: {=INDEX(AA10:AE24,IF(MATCH(AA29,Y10:Y24,1)<AC27,MATCH(AA29,Y10:Y24,1)+1,MATCH(AA29,Y10:Y24,1)),MATCH(AA26,AA9:AE9,1))} -> 5983 | AH34: y1_n2: | AI34: {=INDEX(AI10:AM24,IF(MATCH(AI29,AG10:AG24,1)<AK27,MATCH(AI29,AG10:AG24,1)+1,MATCH(AI29,AG10:AG24,1)),MATCH(AI26,AI9:AM9,1))} -> 5504 | AP34: y1_n2: | AQ34: {=INDEX(AQ10:AU24,IF(MATCH(AQ29,AO10:AO24,1)<AS27,MATCH(AQ29,AO10:AO24,1)+1,MATCH(AQ29,AO10:AO24,1)),MATCH(AQ26,AQ9:AU9,1))} -> 5411 | AX34: y1_n2: | AY34: =INDEX(AY10:BC24,IF(MATCH(AY29,AW10:AW24,1)<BA27,MATCH(AY29,AW10:AW24,1)+1,MATCH(AY29,AW10:AW24,1)),MATCH(AY26,AY9:BC9,1)) -> 0
B35: y2_n2: | C35: {=INDEX(C10:G24,IF(MATCH(C29,A10:A24,1)<E27,MATCH(C29,A10:A24,1)+1,MATCH(C29,A10:A24,1)),IF(MATCH(C26,C9:G9,1)<E28,MATCH(C26,C9:G9,1)+1,MATCH(C26,C9:G9,1)))} -> 7802 | J35: y2_n2: | K35: {=INDEX(K10:O24,IF(MATCH(K29,I10:I24,1)<M27,MATCH(K29,I10:I24,1)+1,MATCH(K29,I10:I24,1)),IF(MATCH(K26,K9:O9,1)<M28,MATCH(K26,K9:O9,1)+1,MATCH(K26,K9:O9,1)))} -> 7416 | R35: y2_n2: | S35: {=INDEX(S10:W24,IF(MATCH(S29,Q10:Q24,1)<U27,MATCH(S29,Q10:Q24,1)+1,MATCH(S29,Q10:Q24,1)),IF(MATCH(S26,S9:W9,1)<U28,MATCH(S26,S9:W9,1)+1,MATCH(S26,S9:W9,1)))} -> 6798 | Z35: y2_n2: | AA35: {=INDEX(AA10:AE24,IF(MATCH(AA29,Y10:Y24,1)<AC27,MATCH(AA29,Y10:Y24,1)+1,MATCH(AA29,Y10:Y24,1)),IF(MATCH(AA26,AA9:AE9,1)<AC28,MATCH(AA26,AA9:AE9,1)+1,MATCH(AA26,AA9:AE9,1)))} -> 6244 | AH35: y2_n2: | AI35: {=INDEX(AI10:AM24,IF(MATCH(AI29,AG10:AG24,1)<AK27,MATCH(AI29,AG10:AG24,1)+1,MATCH(AI29,AG10:AG24,1)),IF(MATCH(AI26,AI9:AM9,1)<AK28,MATCH(AI26,AI9:AM9,1)+1,MATCH(AI26,AI9:AM9,1)))} -> 5739 | AP35: y2_n2: | AQ35: {=INDEX(AQ10:AU24,IF(MATCH(AQ29,AO10:AO24,1)<AS27,MATCH(AQ29,AO10:AO24,1)+1,MATCH(AQ29,AO10:AO24,1)),IF(MATCH(AQ26,AQ9:AU9,1)<AS28,MATCH(AQ26,AQ9:AU9,1)+1,MATCH(AQ26,AQ9:AU9,1)))} -> 5613 | AX35: y2_n2: | AY35: =INDEX(AY10:BC24,IF(MATCH(AY29,AW10:AW24,1)<BA27,MATCH(AY29,AW10:AW24,1)+1,MATCH(AY29,AW10:AW24,1)),IF(MATCH(AY26,AY9:BC9,1)<BA28,MATCH(AY26,AY9:BC9,1)+1,MATCH(AY26,AY9:BC9,1))) -> 0
B36: y_n1: | C36: =IFERROR(C32+(C26-C27)*(C33-C32)/(C28-C27),C32) -> 7558.95 | J36: y_n1: | K36: =IFERROR(K32+(K26-K27)*(K33-K32)/(K28-K27),K32) -> 7187.32 | R36: y_n1: | S36: =IFERROR(S32+(S26-S27)*(S33-S32)/(S28-S27),S32) -> 6592.45 | Z36: y_n1: | AA36: =IFERROR(AA32+(AA26-AA27)*(AA33-AA32)/(AA28-AA27),AA32) -> 6059.58 | AH36: y_n1: | AI36: =IFERROR(AI32+(AI26-AI27)*(AI33-AI32)/(AI28-AI27),AI32) -> 5573.33 | AP36: y_n1: | AQ36: =IFERROR(AQ32+(AQ26-AQ27)*(AQ33-AQ32)/(AQ28-AQ27),AQ32) -> 5470.46 | AX36: y_n1: | AY36: =IFERROR(AY32+(AY26-AY27)*(AY33-AY32)/(AY28-AY27),AY32) -> 0
B37: y_n2: | C37: =IFERROR(C34+(C26-C27)*(C35-C34)/(C28-C27),C34) -> 7722.88 | J37: y_n2: | K37: =IFERROR(K34+(K26-K27)*(K35-K34)/(K28-K27),K34) -> 7341.48 | R37: y_n2: | S37: =IFERROR(S34+(S26-S27)*(S35-S34)/(S28-S27),S34) -> 6731.07 | Z37: y_n2: | AA37: =IFERROR(AA34+(AA26-AA27)*(AA35-AA34)/(AA28-AA27),AA34) -> 6183.97 | AH37: y_n2: | AI37: =IFERROR(AI34+(AI26-AI27)*(AI35-AI34)/(AI28-AI27),AI34) -> 5684.95 | AP37: y_n2: | AQ37: =IFERROR(AQ34+(AQ26-AQ27)*(AQ35-AQ34)/(AQ28-AQ27),AQ34) -> 5566.54 | AX37: y_n2: | AY37: =IFERROR(AY34+(AY26-AY27)*(AY35-AY34)/(AY28-AY27),AY34) -> 0
B38: Landing distance | C38: =IFERROR(C36+(C29-C30)*(C37-C36)/(C31-C30),C36) -> 7558.95 | J38: Landing distance | K38: =IFERROR(K36+(K29-K30)*(K37-K36)/(K31-K30),K36) -> 7187.32 | R38: Landing distance | S38: =IFERROR(S36+(S29-S30)*(S37-S36)/(S31-S30),S36) -> 6592.45 | Z38: Landing distance | AA38: =IFERROR(AA36+(AA29-AA30)*(AA37-AA36)/(AA31-AA30),AA36) -> 6059.58 | AH38: Landing distance | AI38: =IFERROR(AI36+(AI29-AI30)*(AI37-AI36)/(AI31-AI30),AI36) -> 5573.33 | AP38: Landing distance | AQ38: =IFERROR(AQ36+(AQ29-AQ30)*(AQ37-AQ36)/(AQ31-AQ30),AQ36) -> 5470.46 | AX38: Landing distance | AY38: =IFERROR(AY36+(AY29-AY30)*(AY37-AY36)/(AY31-AY30),AY36) -> 0
A40: Dry SNOW
A42: Gradient | B42: TOFL ( ft) - Varje brytpunkt i grafen
A43: % | B43: 4000 | C43: 4500 | D43: 5000 | E43: 5500 | F43: 6000 | G43: 6500 | H43: 7000 | I43: 7500 | J43: 8000 | K43: 8500 | L43: 9000 | M43: 10000
A44: -3 | B44: 99999 | C44: 99999 | D44: 99999 | E44: 99999 | F44: 99999 | G44: 99999 | H44: 99999 | I44: 99999 | J44: 99999 | K44: 99999 | L44: 99999 | M44: 99999
A45: -2 | B45: 4600 | C45: 5100 | D45: 5600 | E45: 6150 | F45: 6700 | G45: 7250 | H45: 7750 | I45: 8300 | J45: 8800 | K45: 9300 | L45: 9800 | M45: 99999
A46: -1 | B46: 4350 | C46: 4800 | D46: 5300 | E46: 5750 | F46: 6230 | G46: 6700 | H46: 7250 | I46: 7750 | J46: 8300 | K46: 8850 | L46: 9400 | M46: 99999
A47: 0 | B47: 4000 | C47: 4500 | D47: 5000 | E47: 5500 | F47: 6000 | G47: 6500 | H47: 7000 | I47: 7500 | J47: 8000 | K47: 8500 | L47: 9000 | M47: 99999
A48: 1 | B48: 3800 | C48: 4300 | D48: 4850 | E48: 5350 | F48: 5870 | G48: 6400 | H48: 6900 | I48: 7400 | J48: 7900 | K48: 8400 | L48: 8900 | M48: 99999
A49: 2 | B49: 3600 | C49: 4100 | D49: 4650 | E49: 5100 | F49: 5650 | G49: 6200 | H49: 6700 | I49: 7200 | J49: 7700 | K49: 8150 | L49: 8650 | M49: 99999
A50: 3 | B50: 99999 | C50: 99999 | D50: 99999 | E50: 99999 | F50: 99999 | G50: 99999 | H50: 99999 | I50: 99999 | J50: 99999 | K50: 99999 | L50: 99999 | M50: 99999
B52: x_n: | C52: =C38 -> 7558.95 | D52: Table size | J52: x_n: | K52: =K38 -> 7187.32 | L52: Table size | R52: x_n: | S52: =S38 -> 6592.45 | T52: Table size | Z52: x_n: | AA52: =AA38 -> 6059.58 | AB52: Table size | AH52: x_n: | AI52: =AI38 -> 5573.33 | AJ52: Table size | AP52: x_n: | AQ52: =AQ38 -> 5470.46 | AR52: Table size | AX52: x_n: | AY52: =AY38 -> 0 | AZ52: Table size
B53: x1_n: | C53: {=INDEX($B43:$M43,MATCH(C52,$B43:$M43,1))} -> 7500 | D53: Rows: | E53: =MATCH(MAX($A44:$A50),$A44:$A50,1) -> 7 | J53: x1_n: | K53: {=INDEX($B43:$M43,MATCH(K52,$B43:$M43,1))} -> 7000 | L53: Rows: | M53: =MATCH(MAX($A44:$A50),$A44:$A50,1) -> 7 | R53: x1_n: | S53: {=INDEX($B43:$M43,MATCH(S52,$B43:$M43,1))} -> 6500 | T53: Rows: | U53: =MATCH(MAX($A44:$A50),$A44:$A50,1) -> 7 | Z53: x1_n: | AA53: {=INDEX($B43:$M43,MATCH(AA52,$B43:$M43,1))} -> 6000 | AB53: Rows: | AC53: =MATCH(MAX($A44:$A50),$A44:$A50,1) -> 7 | AH53: x1_n: | AI53: {=INDEX($B43:$M43,MATCH(AI52,$B43:$M43,1))} -> 5500 | AJ53: Rows: | AK53: =MATCH(MAX($A44:$A50),$A44:$A50,1) -> 7 | AP53: x1_n: | AQ53: {=INDEX($B43:$M43,MATCH(AQ52,$B43:$M43,1))} -> 5000 | AR53: Rows: | AS53: =MATCH(MAX($A44:$A50),$A44:$A50,1) -> 7 | AX53: x1_n: | AY53: {=INDEX($B43:$M43,MATCH(AY52,$B43:$M43,1))} -> #N/A | AZ53: Rows: | BA53: =MATCH(MAX($A44:$A50),$A44:$A50,1) -> 7
B54: x2_n: | C54: {=INDEX($B43:$M43,IF(MATCH(C52,$B43:$M43,1)<E54,MATCH(C52,$B43:$M43,1)+1,MATCH(C52,$B43:$M43,1)))} -> 8000 | D54: Columns: | E54: =MATCH(MAX($B43:$M43),$B43:$M43,0) -> 12 | J54: x2_n: | K54: {=INDEX($B43:$M43,IF(MATCH(K52,$B43:$M43,1)<M54,MATCH(K52,$B43:$M43,1)+1,MATCH(K52,$B43:$M43,1)))} -> 7500 | L54: Columns: | M54: =MATCH(MAX($B43:$M43),$B43:$M43,0) -> 12 | R54: x2_n: | S54: {=INDEX($B43:$M43,IF(MATCH(S52,$B43:$M43,1)<U54,MATCH(S52,$B43:$M43,1)+1,MATCH(S52,$B43:$M43,1)))} -> 7000 | T54: Columns: | U54: =MATCH(MAX($B43:$M43),$B43:$M43,0) -> 12 | Z54: x2_n: | AA54: {=INDEX($B43:$M43,IF(MATCH(AA52,$B43:$M43,1)<AC54,MATCH(AA52,$B43:$M43,1)+1,MATCH(AA52,$B43:$M43,1)))} -> 6500 | AB54: Columns: | AC54: =MATCH(MAX($B43:$M43),$B43:$M43,0) -> 12 | AH54: x2_n: | AI54: {=INDEX($B43:$M43,IF(MATCH(AI52,$B43:$M43,1)<AK54,MATCH(AI52,$B43:$M43,1)+1,MATCH(AI52,$B43:$M43,1)))} -> 6000 | AJ54: Columns: | AK54: =MATCH(MAX($B43:$M43),$B43:$M43,0) -> 12 | AP54: x2_n: | AQ54: {=INDEX($B43:$M43,IF(MATCH(AQ52,$B43:$M43,1)<AS54,MATCH(AQ52,$B43:$M43,1)+1,MATCH(AQ52,$B43:$M43,1)))} -> 5500 | AR54: Columns: | AS54: =MATCH(MAX($B43:$M43),$B43:$M43,0) -> 12 | AX54: x2_n: | AY54: {=INDEX($B43:$M43,IF(MATCH(AY52,$B43:$M43,1)<BA54,MATCH(AY52,$B43:$M43,1)+1,MATCH(AY52,$B43:$M43,1)))} -> #N/A | AZ54: Columns: | BA54: =MATCH(MAX($B43:$M43),$B43:$M43,0) -> 12
B55: y_n: | C55: ='Take-off'!$C$17 -> 0 | J55: y_n: | K55: ='Take-off'!$C$17 -> 0 | R55: y_n: | S55: ='Take-off'!$C$17 -> 0 | Z55: y_n: | AA55: ='Take-off'!$C$17 -> 0 | AH55: y_n: | AI55: ='Take-off'!$C$17 -> 0 | AP55: y_n: | AQ55: ='Take-off'!$C$17 -> 0 | AX55: y_n: | AY55: ='Take-off'!$C$17 -> 0
B56: n1: | C56: {=INDEX($A44:$A50,MATCH(C55,$A44:$A50,1))} -> 0 | J56: n1: | K56: {=INDEX($A44:$A50,MATCH(K55,$A44:$A50,1))} -> 0 | R56: n1: | S56: {=INDEX($A44:$A50,MATCH(S55,$A44:$A50,1))} -> 0 | Z56: n1: | AA56: {=INDEX($A44:$A50,MATCH(AA55,$A44:$A50,1))} -> 0 | AH56: n1: | AI56: {=INDEX($A44:$A50,MATCH(AI55,$A44:$A50,1))} -> 0 | AP56: n1: | AQ56: {=INDEX($A44:$A50,MATCH(AQ55,$A44:$A50,1))} -> 0 | AX56: n1: | AY56: {=INDEX($A44:$A50,MATCH(AY55,$A44:$A50,1))} -> 0
B57: n2: | C57: {=INDEX($A44:$A50,IF(MATCH(C55,$A44:$A50,1)<E53,MATCH(C55,$A44:$A50,1)+1,MATCH(C55,$A44:$A50,1)))} -> 1 | J57: n2: | K57: {=INDEX($A44:$A50,IF(MATCH(K55,$A44:$A50,1)<M53,MATCH(K55,$A44:$A50,1)+1,MATCH(K55,$A44:$A50,1)))} -> 1 | R57: n2: | S57: {=INDEX($A44:$A50,IF(MATCH(S55,$A44:$A50,1)<U53,MATCH(S55,$A44:$A50,1)+1,MATCH(S55,$A44:$A50,1)))} -> 1 | Z57: n2: | AA57: {=INDEX($A44:$A50,IF(MATCH(AA55,$A44:$A50,1)<AC53,MATCH(AA55,$A44:$A50,1)+1,MATCH(AA55,$A44:$A50,1)))} -> 1 | AH57: n2: | AI57: {=INDEX($A44:$A50,IF(MATCH(AI55,$A44:$A50,1)<AK53,MATCH(AI55,$A44:$A50,1)+1,MATCH(AI55,$A44:$A50,1)))} -> 1 | AP57: n2: | AQ57: {=INDEX($A44:$A50,IF(MATCH(AQ55,$A44:$A50,1)<AS53,MATCH(AQ55,$A44:$A50,1)+1,MATCH(AQ55,$A44:$A50,1)))} -> 1 | AX57: n2: | AY57: {=INDEX($A44:$A50,IF(MATCH(AY55,$A44:$A50,1)<BA53,MATCH(AY55,$A44:$A50,1)+1,MATCH(AY55,$A44:$A50,1)))} -> 1
B58: y1_n1: | C58: {=INDEX($B44:$M50,MATCH(C55,$A44:$A50,1),MATCH(C52,$B43:$M43,1))} -> 7500 | J58: y1_n1: | K58: {=INDEX($B44:$M50,MATCH(K55,$A44:$A50,1),MATCH(K52,$B43:$M43,1))} -> 7000 | R58: y1_n1: | S58: {=INDEX($B44:$M50,MATCH(S55,$A44:$A50,1),MATCH(S52,$B43:$M43,1))} -> 6500 | Z58: y1_n1: | AA58: {=INDEX($B44:$M50,MATCH(AA55,$A44:$A50,1),MATCH(AA52,$B43:$M43,1))} -> 6000 | AH58: y1_n1: | AI58: {=INDEX($B44:$M50,MATCH(AI55,$A44:$A50,1),MATCH(AI52,$B43:$M43,1))} -> 5500 | AP58: y1_n1: | AQ58: {=INDEX($B44:$M50,MATCH(AQ55,$A44:$A50,1),MATCH(AQ52,$B43:$M43,1))} -> 5000 | AX58: y1_n1: | AY58: {=INDEX($B44:$M50,MATCH(AY55,$A44:$A50,1),MATCH(AY52,$B43:$M43,1))} -> #N/A
B59: y2_n1: | C59: {=INDEX($B44:$M50,MATCH(C55,$A44:$A50,1),IF(MATCH(C52,$B43:$M43,1)<E54,MATCH(C52,$B43:$M43,1)+1,MATCH(C55,$A44:$A50,1)))} -> 8000 | J59: y2_n1: | K59: {=INDEX($B44:$M50,MATCH(K55,$A44:$A50,1),IF(MATCH(K52,$B43:$M43,1)<M54,MATCH(K52,$B43:$M43,1)+1,MATCH(K55,$A44:$A50,1)))} -> 7500 | R59: y2_n1: | S59: {=INDEX($B44:$M50,MATCH(S55,$A44:$A50,1),IF(MATCH(S52,$B43:$M43,1)<U54,MATCH(S52,$B43:$M43,1)+1,MATCH(S55,$A44:$A50,1)))} -> 7000 | Z59: y2_n1: | AA59: {=INDEX($B44:$M50,MATCH(AA55,$A44:$A50,1),IF(MATCH(AA52,$B43:$M43,1)<AC54,MATCH(AA52,$B43:$M43,1)+1,MATCH(AA55,$A44:$A50,1)))} -> 6500 | AH59: y2_n1: | AI59: {=INDEX($B44:$M50,MATCH(AI55,$A44:$A50,1),IF(MATCH(AI52,$B43:$M43,1)<AK54,MATCH(AI52,$B43:$M43,1)+1,MATCH(AI55,$A44:$A50,1)))} -> 6000 | AP59: y2_n1: | AQ59: {=INDEX($B44:$M50,MATCH(AQ55,$A44:$A50,1),IF(MATCH(AQ52,$B43:$M43,1)<AS54,MATCH(AQ52,$B43:$M43,1)+1,MATCH(AQ55,$A44:$A50,1)))} -> 5500 | AX59: y2_n1: | AY59: {=INDEX($B44:$M50,MATCH(AY55,$A44:$A50,1),IF(MATCH(AY52,$B43:$M43,1)<BA54,MATCH(AY52,$B43:$M43,1)+1,MATCH(AY55,$A44:$A50,1)))} -> #N/A
B60: y1_n2: | C60: {=INDEX($B44:$M50,IF(MATCH(C55,$A44:$A50,1)<E53,MATCH(C55,$A44:$A50,1)+1,MATCH(C55,$A44:$A50,1)),MATCH(C52,$B43:$M43,1))} -> 7400 | J60: y1_n2: | K60: {=INDEX($B44:$M50,IF(MATCH(K55,$A44:$A50,1)<M53,MATCH(K55,$A44:$A50,1)+1,MATCH(K55,$A44:$A50,1)),MATCH(K52,$B43:$M43,1))} -> 6900 | R60: y1_n2: | S60: {=INDEX($B44:$M50,IF(MATCH(S55,$A44:$A50,1)<U53,MATCH(S55,$A44:$A50,1)+1,MATCH(S55,$A44:$A50,1)),MATCH(S52,$B43:$M43,1))} -> 6400 | Z60: y1_n2: | AA60: {=INDEX($B44:$M50,IF(MATCH(AA55,$A44:$A50,1)<AC53,MATCH(AA55,$A44:$A50,1)+1,MATCH(AA55,$A44:$A50,1)),MATCH(AA52,$B43:$M43,1))} -> 5870 | AH60: y1_n2: | AI60: {=INDEX($B44:$M50,IF(MATCH(AI55,$A44:$A50,1)<AK53,MATCH(AI55,$A44:$A50,1)+1,MATCH(AI55,$A44:$A50,1)),MATCH(AI52,$B43:$M43,1))} -> 5350 | AP60: y1_n2: | AQ60: {=INDEX($B44:$M50,IF(MATCH(AQ55,$A44:$A50,1)<AS53,MATCH(AQ55,$A44:$A50,1)+1,MATCH(AQ55,$A44:$A50,1)),MATCH(AQ52,$B43:$M43,1))} -> 4850 | AX60: y1_n2: | AY60: {=INDEX($B44:$M50,IF(MATCH(AY55,$A44:$A50,1)<BA53,MATCH(AY55,$A44:$A50,1)+1,MATCH(AY55,$A44:$A50,1)),MATCH(AY52,$B43:$M43,1))} -> #N/A
B61: y2_n2: | C61: {=INDEX($B44:$M50,IF(MATCH(C55,$A44:$A50,1)<E53,MATCH(C55,$A44:$A50,1)+1,MATCH(C55,$A44:$A50,1)),IF(MATCH(C52,$B43:$M43,1)<E54,MATCH(C52,$B43:$M43,1)+1,MATCH(C52,$B43:$M43,1)))} -> 7900 | J61: y2_n2: | K61: {=INDEX($B44:$M50,IF(MATCH(K55,$A44:$A50,1)<M53,MATCH(K55,$A44:$A50,1)+1,MATCH(K55,$A44:$A50,1)),IF(MATCH(K52,$B43:$M43,1)<M54,MATCH(K52,$B43:$M43,1)+1,MATCH(K52,$B43:$M43,1)))} -> 7400 | R61: y2_n2: | S61: {=INDEX($B44:$M50,IF(MATCH(S55,$A44:$A50,1)<U53,MATCH(S55,$A44:$A50,1)+1,MATCH(S55,$A44:$A50,1)),IF(MATCH(S52,$B43:$M43,1)<U54,MATCH(S52,$B43:$M43,1)+1,MATCH(S52,$B43:$M43,1)))} -> 6900 | Z61: y2_n2: | AA61: {=INDEX($B44:$M50,IF(MATCH(AA55,$A44:$A50,1)<AC53,MATCH(AA55,$A44:$A50,1)+1,MATCH(AA55,$A44:$A50,1)),IF(MATCH(AA52,$B43:$M43,1)<AC54,MATCH(AA52,$B43:$M43,1)+1,MATCH(AA52,$B43:$M43,1)))} -> 6400 | AH61: y2_n2: | AI61: {=INDEX($B44:$M50,IF(MATCH(AI55,$A44:$A50,1)<AK53,MATCH(AI55,$A44:$A50,1)+1,MATCH(AI55,$A44:$A50,1)),IF(MATCH(AI52,$B43:$M43,1)<AK54,MATCH(AI52,$B43:$M43,1)+1,MATCH(AI52,$B43:$M43,1)))} -> 5870 | AP61: y2_n2: | AQ61: {=INDEX($B44:$M50,IF(MATCH(AQ55,$A44:$A50,1)<AS53,MATCH(AQ55,$A44:$A50,1)+1,MATCH(AQ55,$A44:$A50,1)),IF(MATCH(AQ52,$B43:$M43,1)<AS54,MATCH(AQ52,$B43:$M43,1)+1,MATCH(AQ52,$B43:$M43,1)))} -> 5350 | AX61: y2_n2: | AY61: {=INDEX($B44:$M50,IF(MATCH(AY55,$A44:$A50,1)<BA53,MATCH(AY55,$A44:$A50,1)+1,MATCH(AY55,$A44:$A50,1)),IF(MATCH(AY52,$B43:$M43,1)<BA54,MATCH(AY52,$B43:$M43,1)+1,MATCH(AY52,$B43:$M43,1)))} -> #N/A
B62: y_n1: | C62: =IFERROR(C58+(C52-C53)*(C59-C58)/(C54-C53),C58) -> 7558.95 | J62: y_n1: | K62: =IFERROR(K58+(K52-K53)*(K59-K58)/(K54-K53),K58) -> 7187.32 | R62: y_n1: | S62: =IFERROR(S58+(S52-S53)*(S59-S58)/(S54-S53),S58) -> 6592.45 | Z62: y_n1: | AA62: =IFERROR(AA58+(AA52-AA53)*(AA59-AA58)/(AA54-AA53),AA58) -> 6059.58 | AH62: y_n1: | AI62: =IFERROR(AI58+(AI52-AI53)*(AI59-AI58)/(AI54-AI53),AI58) -> 5573.33 | AP62: y_n1: | AQ62: =IFERROR(AQ58+(AQ52-AQ53)*(AQ59-AQ58)/(AQ54-AQ53),AQ58) -> 5470.46 | AX62: y_n1: | AY62: =IFERROR(AY58+(AY52-AY53)*(AY59-AY58)/(AY54-AY53),AY58) -> #N/A
B63: y_n2: | C63: =IFERROR(C60+(C52-C53)*(C61-C60)/(C54-C53),C60) -> 7458.95 | J63: y_n2: | K63: =IFERROR(K60+(K52-K53)*(K61-K60)/(K54-K53),K60) -> 7087.32 | R63: y_n2: | S63: =IFERROR(S60+(S52-S53)*(S61-S60)/(S54-S53),S60) -> 6492.45 | Z63: y_n2: | AA63: =IFERROR(AA60+(AA52-AA53)*(AA61-AA60)/(AA54-AA53),AA60) -> 5933.1548 | AH63: y_n2: | AI63: =IFERROR(AI60+(AI52-AI53)*(AI61-AI60)/(AI54-AI53),AI60) -> 5426.2632 | AP63: y_n2: | AQ63: =IFERROR(AQ60+(AQ52-AQ53)*(AQ61-AQ60)/(AQ54-AQ53),AQ60) -> 5320.46 | AX63: y_n2: | AY63: =IFERROR(AY60+(AY52-AY53)*(AY61-AY60)/(AY54-AY53),AY60) -> #N/A
B64: Distance | C64: =IFERROR(C62+(C55-C56)*(C63-C62)/(C57-C56),C62) -> 7558.95 | J64: Distance | K64: =IFERROR(K62+(K55-K56)*(K63-K62)/(K57-K56),K62) -> 7187.32 | R64: Distance | S64: =IFERROR(S62+(S55-S56)*(S63-S62)/(S57-S56),S62) -> 6592.45 | Z64: Distance | AA64: =IFERROR(AA62+(AA55-AA56)*(AA63-AA62)/(AA57-AA56),AA62) -> 6059.58 | AH64: Distance | AI64: =IFERROR(AI62+(AI55-AI56)*(AI63-AI62)/(AI57-AI56),AI62) -> 5573.33 | AP64: Distance | AQ64: =IFERROR(AQ62+(AQ55-AQ56)*(AQ63-AQ62)/(AQ57-AQ56),AQ62) -> 5470.46 | AX64: Distance | AY64: =IFERROR(AY62+(AY55-AY56)*(AY63-AY62)/(AY57-AY56),AY62) -> #N/A
A66: Vind | B66: TOFL ( ft) - Varje brytpunkt i grafen
A67: Kt | B67: 4000 | C67: 4500 | D67: 5000 | E67: 5500 | F67: 6000 | G67: 6500 | H67: 7000 | I67: 7500 | J67: 8000 | K67: 8500 | L67: 9000 | M67: 9500 | N67: 10000 | O67: 10500
A68: -10 | B68: 5000 | C68: 5600 | D68: 6230 | E68: 6780 | F68: 7320 | G68: 7910 | H68: 8520 | I68: 9070 | J68: 9700 | K68: 10210 | L68: 10800 | M68: 11320 | N68: 11900 | O68: 99999
A69: 0 | B69: 4000 | C69: 4500 | D69: 5000 | E69: 5500 | F69: 6000 | G69: 6500 | H69: 7000 | I69: 7500 | J69: 8000 | K69: 8500 | L69: 9000 | M69: 9500 | N69: 10000 | O69: 99999
A70: 10 | B70: 3760 | C70: 4240 | D70: 4710 | E70: 5190 | F70: 5672 | G70: 6140 | H70: 6630 | I70: 7110 | J70: 7570 | K70: 8060 | L70: 8540 | M70: 9010 | N70: 9521 | O70: 99999
A71: 30 | B71: 3250 | C71: 3680 | D71: 4090 | E71: 4510 | F71: 4937 | G71: 5375 | H71: 5800 | I71: 6240 | J71: 6690 | K71: 7125 | L71: 7565 | M71: 8020 | N71: 8470 | O71: 99999
B73: x_n: | C73: =C64 -> 7558.95 | D73: Table size | J73: x_n: | K73: =K64 -> 7187.32 | L73: Table size | R73: x_n: | S73: =S64 -> 6592.45 | T73: Table size | Z73: x_n: | AA73: =AA64 -> 6059.58 | AB73: Table size | AH73: x_n: | AI73: =AI64 -> 5573.33 | AJ73: Table size | AP73: x_n: | AQ73: =AQ64 -> 5470.46 | AR73: Table size | AX73: x_n: | AY73: =AY64 -> #N/A | AZ73: Table size
B74: x1_n: | C74: {=INDEX($B67:$O67,MATCH(C73,$B67:$O67,1))} -> 7500 | D74: Rows: | E74: =MATCH(MAX($A68:$A71),$A68:$A71,1) -> 4 | J74: x1_n: | K74: {=INDEX($B67:$O67,MATCH(K73,$B67:$O67,1))} -> 7000 | L74: Rows: | M74: =MATCH(MAX($A68:$A71),$A68:$A71,1) -> 4 | R74: x1_n: | S74: {=INDEX($B67:$O67,MATCH(S73,$B67:$O67,1))} -> 6500 | T74: Rows: | U74: =MATCH(MAX($A68:$A71),$A68:$A71,1) -> 4 | Z74: x1_n: | AA74: {=INDEX($B67:$O67,MATCH(AA73,$B67:$O67,1))} -> 6000 | AB74: Rows: | AC74: =MATCH(MAX($A68:$A71),$A68:$A71,1) -> 4 | AH74: x1_n: | AI74: {=INDEX($B67:$O67,MATCH(AI73,$B67:$O67,1))} -> 5500 | AJ74: Rows: | AK74: =MATCH(MAX($A68:$A71),$A68:$A71,1) -> 4 | AP74: x1_n: | AQ74: {=INDEX($B67:$O67,MATCH(AQ73,$B67:$O67,1))} -> 5000 | AR74: Rows: | AS74: =MATCH(MAX($A68:$A71),$A68:$A71,1) -> 4 | AX74: x1_n: | AY74: {=INDEX($B67:$O67,MATCH(AY73,$B67:$O67,1))} -> #N/A | AZ74: Rows: | BA74: =MATCH(MAX($A68:$A71),$A68:$A71,1) -> 4
B75: x2_n: | C75: {=INDEX($B67:$O67,IF(MATCH(C73,$B67:$O67,1)<E75,MATCH(C73,$B67:$O67,1)+1,MATCH(C73,$B67:$O67,1)))} -> 8000 | D75: Columns: | E75: =MATCH(MAX($B67:$O67),$B67:$O67,0) -> 14 | J75: x2_n: | K75: {=INDEX($B67:$O67,IF(MATCH(K73,$B67:$O67,1)<M75,MATCH(K73,$B67:$O67,1)+1,MATCH(K73,$B67:$O67,1)))} -> 7500 | L75: Columns: | M75: =MATCH(MAX($B67:$O67),$B67:$O67,0) -> 14 | R75: x2_n: | S75: {=INDEX($B67:$O67,IF(MATCH(S73,$B67:$O67,1)<U75,MATCH(S73,$B67:$O67,1)+1,MATCH(S73,$B67:$O67,1)))} -> 7000 | T75: Columns: | U75: =MATCH(MAX($B67:$O67),$B67:$O67,0) -> 14 | Z75: x2_n: | AA75: {=INDEX($B67:$O67,IF(MATCH(AA73,$B67:$O67,1)<AC75,MATCH(AA73,$B67:$O67,1)+1,MATCH(AA73,$B67:$O67,1)))} -> 6500 | AB75: Columns: | AC75: =MATCH(MAX($B67:$O67),$B67:$O67,0) -> 14 | AH75: x2_n: | AI75: {=INDEX($B67:$O67,IF(MATCH(AI73,$B67:$O67,1)<AK75,MATCH(AI73,$B67:$O67,1)+1,MATCH(AI73,$B67:$O67,1)))} -> 6000 | AJ75: Columns: | AK75: =MATCH(MAX($B67:$O67),$B67:$O67,0) -> 14 | AP75: x2_n: | AQ75: {=INDEX($B67:$O67,IF(MATCH(AQ73,$B67:$O67,1)<AS75,MATCH(AQ73,$B67:$O67,1)+1,MATCH(AQ73,$B67:$O67,1)))} -> 5500 | AR75: Columns: | AS75: =MATCH(MAX($B67:$O67),$B67:$O67,0) -> 14 | AX75: x2_n: | AY75: {=INDEX($B67:$O67,IF(MATCH(AY73,$B67:$O67,1)<BA75,MATCH(AY73,$B67:$O67,1)+1,MATCH(AY73,$B67:$O67,1)))} -> #N/A | AZ75: Columns: | BA75: =MATCH(MAX($B67:$O67),$B67:$O67,0) -> 14
B76: y_n: | C76: ='Take-off'!$C$24 -> -2.394141 | J76: y_n: | K76: ='Take-off'!$C$24 -> -2.394141 | R76: y_n: | S76: ='Take-off'!$C$24 -> -2.394141 | Z76: y_n: | AA76: ='Take-off'!$C$24 -> -2.394141 | AH76: y_n: | AI76: ='Take-off'!$C$24 -> -2.394141 | AP76: y_n: | AQ76: ='Take-off'!$C$24 -> -2.394141 | AX76: y_n: | AY76: ='Take-off'!$C$24 -> -2.394141
B77: n1: | C77: {=INDEX($A68:$A71,MATCH(C76,$A68:$A71,1))} -> -10 | J77: n1: | K77: {=INDEX($A68:$A71,MATCH(K76,$A68:$A71,1))} -> -10 | R77: n1: | S77: {=INDEX($A68:$A71,MATCH(S76,$A68:$A71,1))} -> -10 | Z77: n1: | AA77: {=INDEX($A68:$A71,MATCH(AA76,$A68:$A71,1))} -> -10 | AH77: n1: | AI77: {=INDEX($A68:$A71,MATCH(AI76,$A68:$A71,1))} -> -10 | AP77: n1: | AQ77: {=INDEX($A68:$A71,MATCH(AQ76,$A68:$A71,1))} -> -10 | AX77: n1: | AY77: {=INDEX($A68:$A71,MATCH(AY76,$A68:$A71,1))} -> -10
B78: n2: | C78: {=INDEX($A68:$A71,IF(MATCH(C76,$A68:$A71,1)<E74,MATCH(C76,$A68:$A71,1)+1,MATCH(C76,$A68:$A71,1)))} -> 0 | J78: n2: | K78: {=INDEX($A68:$A71,IF(MATCH(K76,$A68:$A71,1)<M74,MATCH(K76,$A68:$A71,1)+1,MATCH(K76,$A68:$A71,1)))} -> 0 | R78: n2: | S78: {=INDEX($A68:$A71,IF(MATCH(S76,$A68:$A71,1)<U74,MATCH(S76,$A68:$A71,1)+1,MATCH(S76,$A68:$A71,1)))} -> 0 | Z78: n2: | AA78: {=INDEX($A68:$A71,IF(MATCH(AA76,$A68:$A71,1)<AC74,MATCH(AA76,$A68:$A71,1)+1,MATCH(AA76,$A68:$A71,1)))} -> 0 | AH78: n2: | AI78: {=INDEX($A68:$A71,IF(MATCH(AI76,$A68:$A71,1)<AK74,MATCH(AI76,$A68:$A71,1)+1,MATCH(AI76,$A68:$A71,1)))} -> 0 | AP78: n2: | AQ78: {=INDEX($A68:$A71,IF(MATCH(AQ76,$A68:$A71,1)<AS74,MATCH(AQ76,$A68:$A71,1)+1,MATCH(AQ76,$A68:$A71,1)))} -> 0 | AX78: n2: | AY78: {=INDEX($A68:$A71,IF(MATCH(AY76,$A68:$A71,1)<BA74,MATCH(AY76,$A68:$A71,1)+1,MATCH(AY76,$A68:$A71,1)))} -> 0
B79: y1_n1: | C79: {=INDEX($B68:$O71,MATCH(C76,$A68:$A71,1),MATCH(C73,$B67:$O67,1))} -> 9070 | J79: y1_n1: | K79: {=INDEX($B68:$O71,MATCH(K76,$A68:$A71,1),MATCH(K73,$B67:$O67,1))} -> 8520 | R79: y1_n1: | S79: {=INDEX($B68:$O71,MATCH(S76,$A68:$A71,1),MATCH(S73,$B67:$O67,1))} -> 7910 | Z79: y1_n1: | AA79: {=INDEX($B68:$O71,MATCH(AA76,$A68:$A71,1),MATCH(AA73,$B67:$O67,1))} -> 7320 | AH79: y1_n1: | AI79: {=INDEX($B68:$O71,MATCH(AI76,$A68:$A71,1),MATCH(AI73,$B67:$O67,1))} -> 6780 | AP79: y1_n1: | AQ79: {=INDEX($B68:$O71,MATCH(AQ76,$A68:$A71,1),MATCH(AQ73,$B67:$O67,1))} -> 6230 | AX79: y1_n1: | AY79: {=INDEX($B68:$O71,MATCH(AY76,$A68:$A71,1),MATCH(AY73,$B67:$O67,1))} -> #N/A
B80: y2_n1: | C80: {=INDEX($B68:$O71,MATCH(C76,$A68:$A71,1),IF(MATCH(C73,$B67:$O67,1)<E75,MATCH(C73,$B67:$O67,1)+1,MATCH(C76,$A68:$A71,1)))} -> 9700 | J80: y2_n1: | K80: {=INDEX($B68:$O71,MATCH(K76,$A68:$A71,1),IF(MATCH(K73,$B67:$O67,1)<M75,MATCH(K73,$B67:$O67,1)+1,MATCH(K76,$A68:$A71,1)))} -> 9070 | R80: y2_n1: | S80: {=INDEX($B68:$O71,MATCH(S76,$A68:$A71,1),IF(MATCH(S73,$B67:$O67,1)<U75,MATCH(S73,$B67:$O67,1)+1,MATCH(S76,$A68:$A71,1)))} -> 8520 | Z80: y2_n1: | AA80: {=INDEX($B68:$O71,MATCH(AA76,$A68:$A71,1),IF(MATCH(AA73,$B67:$O67,1)<AC75,MATCH(AA73,$B67:$O67,1)+1,MATCH(AA76,$A68:$A71,1)))} -> 7910 | AH80: y2_n1: | AI80: {=INDEX($B68:$O71,MATCH(AI76,$A68:$A71,1),IF(MATCH(AI73,$B67:$O67,1)<AK75,MATCH(AI73,$B67:$O67,1)+1,MATCH(AI76,$A68:$A71,1)))} -> 7320 | AP80: y2_n1: | AQ80: {=INDEX($B68:$O71,MATCH(AQ76,$A68:$A71,1),IF(MATCH(AQ73,$B67:$O67,1)<AS75,MATCH(AQ73,$B67:$O67,1)+1,MATCH(AQ76,$A68:$A71,1)))} -> 6780 | AX80: y2_n1: | AY80: {=INDEX($B68:$O71,MATCH(AY76,$A68:$A71,1),IF(MATCH(AY73,$B67:$O67,1)<BA75,MATCH(AY73,$B67:$O67,1)+1,MATCH(AY76,$A68:$A71,1)))} -> #N/A
B81: y1_n2: | C81: {=INDEX($B68:$O71,IF(MATCH(C76,$A68:$A71,1)<E74,MATCH(C76,$A68:$A71,1)+1,MATCH(C76,$A68:$A71,1)),MATCH(C73,$B67:$O67,1))} -> 7500 | J81: y1_n2: | K81: {=INDEX($B68:$O71,IF(MATCH(K76,$A68:$A71,1)<M74,MATCH(K76,$A68:$A71,1)+1,MATCH(K76,$A68:$A71,1)),MATCH(K73,$B67:$O67,1))} -> 7000 | R81: y1_n2: | S81: {=INDEX($B68:$O71,IF(MATCH(S76,$A68:$A71,1)<U74,MATCH(S76,$A68:$A71,1)+1,MATCH(S76,$A68:$A71,1)),MATCH(S73,$B67:$O67,1))} -> 6500 | Z81: y1_n2: | AA81: {=INDEX($B68:$O71,IF(MATCH(AA76,$A68:$A71,1)<AC74,MATCH(AA76,$A68:$A71,1)+1,MATCH(AA76,$A68:$A71,1)),MATCH(AA73,$B67:$O67,1))} -> 6000 | AH81: y1_n2: | AI81: {=INDEX($B68:$O71,IF(MATCH(AI76,$A68:$A71,1)<AK74,MATCH(AI76,$A68:$A71,1)+1,MATCH(AI76,$A68:$A71,1)),MATCH(AI73,$B67:$O67,1))} -> 5500 | AP81: y1_n2: | AQ81: {=INDEX($B68:$O71,IF(MATCH(AQ76,$A68:$A71,1)<AS74,MATCH(AQ76,$A68:$A71,1)+1,MATCH(AQ76,$A68:$A71,1)),MATCH(AQ73,$B67:$O67,1))} -> 5000 | AX81: y1_n2: | AY81: {=INDEX($B68:$O71,IF(MATCH(AY76,$A68:$A71,1)<BA74,MATCH(AY76,$A68:$A71,1)+1,MATCH(AY76,$A68:$A71,1)),MATCH(AY73,$B67:$O67,1))} -> #N/A
B82: y2_n2: | C82: {=INDEX($B68:$O71,IF(MATCH(C76,$A68:$A71,1)<E74,MATCH(C76,$A68:$A71,1)+1,MATCH(C76,$A68:$A71,1)),IF(MATCH(C73,$B67:$O67,1)<E75,MATCH(C73,$B67:$O67,1)+1,MATCH(C73,$B67:$O67,1)))} -> 8000 | J82: y2_n2: | K82: {=INDEX($B68:$O71,IF(MATCH(K76,$A68:$A71,1)<M74,MATCH(K76,$A68:$A71,1)+1,MATCH(K76,$A68:$A71,1)),IF(MATCH(K73,$B67:$O67,1)<M75,MATCH(K73,$B67:$O67,1)+1,MATCH(K73,$B67:$O67,1)))} -> 7500 | R82: y2_n2: | S82: {=INDEX($B68:$O71,IF(MATCH(S76,$A68:$A71,1)<U74,MATCH(S76,$A68:$A71,1)+1,MATCH(S76,$A68:$A71,1)),IF(MATCH(S73,$B67:$O67,1)<U75,MATCH(S73,$B67:$O67,1)+1,MATCH(S73,$B67:$O67,1)))} -> 7000 | Z82: y2_n2: | AA82: {=INDEX($B68:$O71,IF(MATCH(AA76,$A68:$A71,1)<AC74,MATCH(AA76,$A68:$A71,1)+1,MATCH(AA76,$A68:$A71,1)),IF(MATCH(AA73,$B67:$O67,1)<AC75,MATCH(AA73,$B67:$O67,1)+1,MATCH(AA73,$B67:$O67,1)))} -> 6500 | AH82: y2_n2: | AI82: {=INDEX($B68:$O71,IF(MATCH(AI76,$A68:$A71,1)<AK74,MATCH(AI76,$A68:$A71,1)+1,MATCH(AI76,$A68:$A71,1)),IF(MATCH(AI73,$B67:$O67,1)<AK75,MATCH(AI73,$B67:$O67,1)+1,MATCH(AI73,$B67:$O67,1)))} -> 6000 | AP82: y2_n2: | AQ82: {=INDEX($B68:$O71,IF(MATCH(AQ76,$A68:$A71,1)<AS74,MATCH(AQ76,$A68:$A71,1)+1,MATCH(AQ76,$A68:$A71,1)),IF(MATCH(AQ73,$B67:$O67,1)<AS75,MATCH(AQ73,$B67:$O67,1)+1,MATCH(AQ73,$B67:$O67,1)))} -> 5500 | AX82: y2_n2: | AY82: {=INDEX($B68:$O71,IF(MATCH(AY76,$A68:$A71,1)<BA74,MATCH(AY76,$A68:$A71,1)+1,MATCH(AY76,$A68:$A71,1)),IF(MATCH(AY73,$B67:$O67,1)<BA75,MATCH(AY73,$B67:$O67,1)+1,MATCH(AY73,$B67:$O67,1)))} -> #N/A
B83: y_n1: | C83: =IFERROR(C79+(C73-C74)*(C80-C79)/(C75-C74),C79) -> 9144.277 | J83: y_n1: | K83: =IFERROR(K79+(K73-K74)*(K80-K79)/(K75-K74),K79) -> 8726.052 | R83: y_n1: | S83: =IFERROR(S79+(S73-S74)*(S80-S79)/(S75-S74),S79) -> 8022.789 | Z83: y_n1: | AA83: =IFERROR(AA79+(AA73-AA74)*(AA80-AA79)/(AA75-AA74),AA79) -> 7390.3044 | AH83: y_n1: | AI83: =IFERROR(AI79+(AI73-AI74)*(AI80-AI79)/(AI75-AI74),AI79) -> 6859.1964 | AP83: y_n1: | AQ83: =IFERROR(AQ79+(AQ73-AQ74)*(AQ80-AQ79)/(AQ75-AQ74),AQ79) -> 6747.506 | AX83: y_n1: | AY83: =IFERROR(AY79+(AY73-AY74)*(AY80-AY79)/(AY75-AY74),AY79) -> #N/A
B84: y_n2: | C84: =IFERROR(C81+(C73-C74)*(C82-C81)/(C75-C74),C81) -> 7558.95 | J84: y_n2: | K84: =IFERROR(K81+(K73-K74)*(K82-K81)/(K75-K74),K81) -> 7187.32 | R84: y_n2: | S84: =IFERROR(S81+(S73-S74)*(S82-S81)/(S75-S74),S81) -> 6592.45 | Z84: y_n2: | AA84: =IFERROR(AA81+(AA73-AA74)*(AA82-AA81)/(AA75-AA74),AA81) -> 6059.58 | AH84: y_n2: | AI84: =IFERROR(AI81+(AI73-AI74)*(AI82-AI81)/(AI75-AI74),AI81) -> 5573.33 | AP84: y_n2: | AQ84: =IFERROR(AQ81+(AQ73-AQ74)*(AQ82-AQ81)/(AQ75-AQ74),AQ81) -> 5470.46 | AX84: y_n2: | AY84: =IFERROR(AY81+(AY73-AY74)*(AY82-AY81)/(AY75-AY74),AY81) -> #N/A
B85: Distance | C85: =IFERROR(C83+(C76-C77)*(C84-C83)/(C78-C77),C83) -> 7938.4996 | J85: Distance | K85: =IFERROR(K83+(K76-K77)*(K84-K83)/(K78-K77),K83) -> 7555.7141 | R85: Distance | S85: =IFERROR(S83+(S76-S77)*(S84-S83)/(S78-S77),S83) -> 6934.8933 | Z85: Distance | AA85: =IFERROR(AA83+(AA76-AA77)*(AA84-AA83)/(AA78-AA77),AA83) -> 6378.1742 | AH85: Distance | AI85: =IFERROR(AI83+(AI76-AI77)*(AI84-AI83)/(AI78-AI77),AI83) -> 5881.1845 | AP85: Distance | AQ85: =IFERROR(AQ83+(AQ76-AQ77)*(AQ84-AQ83)/(AQ78-AQ77),AQ83) -> 5776.2028 | AX85: Distance | AY85: =IFERROR(AY83+(AY76-AY77)*(AY84-AY83)/(AY78-AY77),AY83) -> #N/A
A87: SG- Dry snow | B87: TOFL ( ft) - Varje brytpunkt i grafen
A88: AV/PÅ | B88: 3500 | C88: 4000 | D88: 4500 | E88: 5000 | F88: 5500 | G88: 6000 | H88: 6500 | I88: 7000 | J88: 7500 | K88: 8000 | L88: 8500 | M88: 9000 | N88: 9500 | O88: 10000 | P88: 10500 | Q88: 11000 | R88: 11500 | S88: 12000
A89: 0 | B89: 3500 | C89: 3950 | D89: 4430 | E89: 4900 | F89: 5400 | G89: 5880 | H89: 6360 | I89: 6825 | J89: 7300 | K89: 7800 | L89: 8260 | M89: 8745 | N89: 9250 | O89: 9760 | P89: 10275 | Q89: 10790 | R89: 11290 | S89: 99999
B91: x_n: | C91: =C85 -> 7938.4996 | D91: Table size | J91: x_n: | K91: =K85 -> 7555.7141 | L91: Table size | R91: x_n: | S91: =S85 -> 6934.8933 | T91: Table size | Z91: x_n: | AA91: =AA85 -> 6378.1742 | AB91: Table size | AH91: x_n: | AI91: =AI85 -> 5881.1845 | AJ91: Table size | AP91: x_n: | AQ91: =AQ85 -> 5776.2028 | AR91: Table size | AX91: x_n: | AY91: =AY85 -> #N/A | AZ91: Table size
B92: x1_n: | C92: {=INDEX($B88:$S88,MATCH(C91,$B88:$S88,1))} -> 7500 | D92: Rows: | E92: =MATCH(MAX($A89),$A89,1) -> 1 | J92: x1_n: | K92: {=INDEX($B88:$S88,MATCH(K91,$B88:$S88,1))} -> 7500 | L92: Rows: | M92: =MATCH(MAX($A89),$A89,1) -> 1 | R92: x1_n: | S92: {=INDEX($B88:$S88,MATCH(S91,$B88:$S88,1))} -> 6500 | T92: Rows: | U92: =MATCH(MAX($A89),$A89,1) -> 1 | Z92: x1_n: | AA92: {=INDEX($B88:$S88,MATCH(AA91,$B88:$S88,1))} -> 6000 | AB92: Rows: | AC92: =MATCH(MAX($A89),$A89,1) -> 1 | AH92: x1_n: | AI92: {=INDEX($B88:$S88,MATCH(AI91,$B88:$S88,1))} -> 5500 | AJ92: Rows: | AK92: =MATCH(MAX($A89),$A89,1) -> 1 | AP92: x1_n: | AQ92: {=INDEX($B88:$S88,MATCH(AQ91,$B88:$S88,1))} -> 5500 | AR92: Rows: | AS92: =MATCH(MAX($A89),$A89,1) -> 1 | AX92: x1_n: | AY92: {=INDEX($B88:$S88,MATCH(AY91,$B88:$S88,1))} -> #N/A | AZ92: Rows: | BA92: =MATCH(MAX($A89),$A89,1) -> 1
B93: x2_n: | C93: {=INDEX($B88:$S88,IF(MATCH(C91,$B88:$S88,1)<E93,MATCH(C91,$B88:$S88,1)+1,MATCH(C91,$B88:$S88,1)))} -> 8000 | D93: Columns: | E93: =MATCH(MAX($B88:$S88),$B88:$S88,0) -> 18 | J93: x2_n: | K93: {=INDEX($B88:$S88,IF(MATCH(K91,$B88:$S88,1)<M93,MATCH(K91,$B88:$S88,1)+1,MATCH(K91,$B88:$S88,1)))} -> 8000 | L93: Columns: | M93: =MATCH(MAX($B88:$S88),$B88:$S88,0) -> 18 | R93: x2_n: | S93: {=INDEX($B88:$S88,IF(MATCH(S91,$B88:$S88,1)<U93,MATCH(S91,$B88:$S88,1)+1,MATCH(S91,$B88:$S88,1)))} -> 7000 | T93: Columns: | U93: =MATCH(MAX($B88:$S88),$B88:$S88,0) -> 18 | Z93: x2_n: | AA93: {=INDEX($B88:$S88,IF(MATCH(AA91,$B88:$S88,1)<AC93,MATCH(AA91,$B88:$S88,1)+1,MATCH(AA91,$B88:$S88,1)))} -> 6500 | AB93: Columns: | AC93: =MATCH(MAX($B88:$S88),$B88:$S88,0) -> 18 | AH93: x2_n: | AI93: {=INDEX($B88:$S88,IF(MATCH(AI91,$B88:$S88,1)<AK93,MATCH(AI91,$B88:$S88,1)+1,MATCH(AI91,$B88:$S88,1)))} -> 6000 | AJ93: Columns: | AK93: =MATCH(MAX($B88:$S88),$B88:$S88,0) -> 18 | AP93: x2_n: | AQ93: {=INDEX($B88:$S88,IF(MATCH(AQ91,$B88:$S88,1)<AS93,MATCH(AQ91,$B88:$S88,1)+1,MATCH(AQ91,$B88:$S88,1)))} -> 6000 | AR93: Columns: | AS93: =MATCH(MAX($B88:$S88),$B88:$S88,0) -> 18 | AX93: x2_n: | AY93: {=INDEX($B88:$S88,IF(MATCH(AY91,$B88:$S88,1)<BA93,MATCH(AY91,$B88:$S88,1)+1,MATCH(AY91,$B88:$S88,1)))} -> #N/A | AZ93: Columns: | BA93: =MATCH(MAX($B88:$S88),$B88:$S88,0) -> 18
B94: y_n: | C94: 0 | J94: y_n: | K94: 0 | R94: y_n: | S94: 0 | Z94: y_n: | AA94: 0 | AH94: y_n: | AI94: 0 | AP94: y_n: | AQ94: 0 | AX94: y_n: | AY94: 0
B95: n1: | C95: {=INDEX($A89,MATCH(C94,$A89,1))} -> 0 | J95: n1: | K95: {=INDEX($A89,MATCH(K94,$A89,1))} -> 0 | R95: n1: | S95: {=INDEX($A89,MATCH(S94,$A89,1))} -> 0 | Z95: n1: | AA95: {=INDEX($A89,MATCH(AA94,$A89,1))} -> 0 | AH95: n1: | AI95: {=INDEX($A89,MATCH(AI94,$A89,1))} -> 0 | AP95: n1: | AQ95: {=INDEX($A89,MATCH(AQ94,$A89,1))} -> 0 | AX95: n1: | AY95: {=INDEX($A89,MATCH(AY94,$A89,1))} -> 0
B96: n2: | C96: {=INDEX($A89,IF(MATCH(C94,$A89,1)<E92,MATCH(C94,$A89,1)+1,MATCH(C94,$A89,1)))} -> 0 | J96: n2: | K96: {=INDEX($A89,IF(MATCH(K94,$A89,1)<M92,MATCH(K94,$A89,1)+1,MATCH(K94,$A89,1)))} -> 0 | R96: n2: | S96: {=INDEX($A89,IF(MATCH(S94,$A89,1)<U92,MATCH(S94,$A89,1)+1,MATCH(S94,$A89,1)))} -> 0 | Z96: n2: | AA96: {=INDEX($A89,IF(MATCH(AA94,$A89,1)<AC92,MATCH(AA94,$A89,1)+1,MATCH(AA94,$A89,1)))} -> 0 | AH96: n2: | AI96: {=INDEX($A89,IF(MATCH(AI94,$A89,1)<AK92,MATCH(AI94,$A89,1)+1,MATCH(AI94,$A89,1)))} -> 0 | AP96: n2: | AQ96: {=INDEX($A89,IF(MATCH(AQ94,$A89,1)<AS92,MATCH(AQ94,$A89,1)+1,MATCH(AQ94,$A89,1)))} -> 0 | AX96: n2: | AY96: {=INDEX($A89,IF(MATCH(AY94,$A89,1)<BA92,MATCH(AY94,$A89,1)+1,MATCH(AY94,$A89,1)))} -> 0
B97: y1_n1: | C97: {=INDEX($B89:$S89,MATCH(C94,$A89,1),MATCH(C91,$B88:$S88,1))} -> 7300 | J97: y1_n1: | K97: {=INDEX($B89:$S89,MATCH(K94,$A89,1),MATCH(K91,$B88:$S88,1))} -> 7300 | R97: y1_n1: | S97: {=INDEX($B89:$S89,MATCH(S94,$A89,1),MATCH(S91,$B88:$S88,1))} -> 6360 | Z97: y1_n1: | AA97: {=INDEX($B89:$S89,MATCH(AA94,$A89,1),MATCH(AA91,$B88:$S88,1))} -> 5880 | AH97: y1_n1: | AI97: {=INDEX($B89:$S89,MATCH(AI94,$A89,1),MATCH(AI91,$B88:$S88,1))} -> 5400 | AP97: y1_n1: | AQ97: {=INDEX($B89:$S89,MATCH(AQ94,$A89,1),MATCH(AQ91,$B88:$S88,1))} -> 5400 | AX97: y1_n1: | AY97: {=INDEX($B89:$S89,MATCH(AY94,$A89,1),MATCH(AY91,$B88:$S88,1))} -> #N/A
B98: y2_n1: | C98: {=INDEX($B89:$S89,MATCH(C94,$A89,1),IF(MATCH(C91,$B88:$S88,1)<E93,MATCH(C91,$B88:$S88,1)+1,MATCH(C94,$A89,1)))} -> 7800 | J98: y2_n1: | K98: {=INDEX($B89:$S89,MATCH(K94,$A89,1),IF(MATCH(K91,$B88:$S88,1)<M93,MATCH(K91,$B88:$S88,1)+1,MATCH(K94,$A89,1)))} -> 7800 | R98: y2_n1: | S98: {=INDEX($B89:$S89,MATCH(S94,$A89,1),IF(MATCH(S91,$B88:$S88,1)<U93,MATCH(S91,$B88:$S88,1)+1,MATCH(S94,$A89,1)))} -> 6825 | Z98: y2_n1: | AA98: {=INDEX($B89:$S89,MATCH(AA94,$A89,1),IF(MATCH(AA91,$B88:$S88,1)<AC93,MATCH(AA91,$B88:$S88,1)+1,MATCH(AA94,$A89,1)))} -> 6360 | AH98: y2_n1: | AI98: {=INDEX($B89:$S89,MATCH(AI94,$A89,1),IF(MATCH(AI91,$B88:$S88,1)<AK93,MATCH(AI91,$B88:$S88,1)+1,MATCH(AI94,$A89,1)))} -> 5880 | AP98: y2_n1: | AQ98: {=INDEX($B89:$S89,MATCH(AQ94,$A89,1),IF(MATCH(AQ91,$B88:$S88,1)<AS93,MATCH(AQ91,$B88:$S88,1)+1,MATCH(AQ94,$A89,1)))} -> 5880 | AX98: y2_n1: | AY98: {=INDEX($B89:$S89,MATCH(AY94,$A89,1),IF(MATCH(AY91,$B88:$S88,1)<BA93,MATCH(AY91,$B88:$S88,1)+1,MATCH(AY94,$A89,1)))} -> #N/A
B99: y1_n2: | C99: {=INDEX($B89:$S89,IF(MATCH(C94,$A89,1)<E92,MATCH(C94,$A89,1)+1,MATCH(C94,$A89,1)),MATCH(C91,$B88:$S88,1))} -> 7300 | J99: y1_n2: | K99: {=INDEX($B89:$S89,IF(MATCH(K94,$A89,1)<M92,MATCH(K94,$A89,1)+1,MATCH(K94,$A89,1)),MATCH(K91,$B88:$S88,1))} -> 7300 | R99: y1_n2: | S99: {=INDEX($B89:$S89,IF(MATCH(S94,$A89,1)<U92,MATCH(S94,$A89,1)+1,MATCH(S94,$A89,1)),MATCH(S91,$B88:$S88,1))} -> 6360 | Z99: y1_n2: | AA99: {=INDEX($B89:$S89,IF(MATCH(AA94,$A89,1)<AC92,MATCH(AA94,$A89,1)+1,MATCH(AA94,$A89,1)),MATCH(AA91,$B88:$S88,1))} -> 5880 | AH99: y1_n2: | AI99: {=INDEX($B89:$S89,IF(MATCH(AI94,$A89,1)<AK92,MATCH(AI94,$A89,1)+1,MATCH(AI94,$A89,1)),MATCH(AI91,$B88:$S88,1))} -> 5400 | AP99: y1_n2: | AQ99: {=INDEX($B89:$S89,IF(MATCH(AQ94,$A89,1)<AS92,MATCH(AQ94,$A89,1)+1,MATCH(AQ94,$A89,1)),MATCH(AQ91,$B88:$S88,1))} -> 5400 | AX99: y1_n2: | AY99: {=INDEX($B89:$S89,IF(MATCH(AY94,$A89,1)<BA92,MATCH(AY94,$A89,1)+1,MATCH(AY94,$A89,1)),MATCH(AY91,$B88:$S88,1))} -> #N/A
B100: y2_n2: | C100: {=INDEX($B89:$S89,IF(MATCH(C94,$A89,1)<E92,MATCH(C94,$A89,1)+1,MATCH(C94,$A89,1)),IF(MATCH(C91,$B88:$S88,1)<E93,MATCH(C91,$B88:$S88,1)+1,MATCH(C91,$B88:$S88,1)))} -> 7800 | J100: y2_n2: | K100: {=INDEX($B89:$S89,IF(MATCH(K94,$A89,1)<M92,MATCH(K94,$A89,1)+1,MATCH(K94,$A89,1)),IF(MATCH(K91,$B88:$S88,1)<M93,MATCH(K91,$B88:$S88,1)+1,MATCH(K91,$B88:$S88,1)))} -> 7800 | R100: y2_n2: | S100: {=INDEX($B89:$S89,IF(MATCH(S94,$A89,1)<U92,MATCH(S94,$A89,1)+1,MATCH(S94,$A89,1)),IF(MATCH(S91,$B88:$S88,1)<U93,MATCH(S91,$B88:$S88,1)+1,MATCH(S91,$B88:$S88,1)))} -> 6825 | Z100: y2_n2: | AA100: {=INDEX($B89:$S89,IF(MATCH(AA94,$A89,1)<AC92,MATCH(AA94,$A89,1)+1,MATCH(AA94,$A89,1)),IF(MATCH(AA91,$B88:$S88,1)<AC93,MATCH(AA91,$B88:$S88,1)+1,MATCH(AA91,$B88:$S88,1)))} -> 6360 | AH100: y2_n2: | AI100: {=INDEX($B89:$S89,IF(MATCH(AI94,$A89,1)<AK92,MATCH(AI94,$A89,1)+1,MATCH(AI94,$A89,1)),IF(MATCH(AI91,$B88:$S88,1)<AK93,MATCH(AI91,$B88:$S88,1)+1,MATCH(AI91,$B88:$S88,1)))} -> 5880 | AP100: y2_n2: | AQ100: {=INDEX($B89:$S89,IF(MATCH(AQ94,$A89,1)<AS92,MATCH(AQ94,$A89,1)+1,MATCH(AQ94,$A89,1)),IF(MATCH(AQ91,$B88:$S88,1)<AS93,MATCH(AQ91,$B88:$S88,1)+1,MATCH(AQ91,$B88:$S88,1)))} -> 5880 | AX100: y2_n2: | AY100: {=INDEX($B89:$S89,IF(MATCH(AY94,$A89,1)<BA92,MATCH(AY94,$A89,1)+1,MATCH(AY94,$A89,1)),IF(MATCH(AY91,$B88:$S88,1)<BA93,MATCH(AY91,$B88:$S88,1)+1,MATCH(AY91,$B88:$S88,1)))} -> #N/A
B101: y_n1: | C101: =IFERROR(C97+(C91-C92)*(C98-C97)/(C93-C92),C97) -> 7738.4996 | J101: y_n1: | K101: =IFERROR(K97+(K91-K92)*(K98-K97)/(K93-K92),K97) -> 7355.7141 | R101: y_n1: | S101: =IFERROR(S97+(S91-S92)*(S98-S97)/(S93-S92),S97) -> 6764.4508 | Z101: y_n1: | AA101: =IFERROR(AA97+(AA91-AA92)*(AA98-AA97)/(AA93-AA92),AA97) -> 6243.0472 | AH101: y_n1: | AI101: =IFERROR(AI97+(AI91-AI92)*(AI98-AI97)/(AI93-AI92),AI97) -> 5765.9372 | AP101: y_n1: | AQ101: =IFERROR(AQ97+(AQ91-AQ92)*(AQ98-AQ97)/(AQ93-AQ92),AQ97) -> 5665.1547 | AX101: y_n1: | AY101: =IFERROR(AY97+(AY91-AY92)*(AY98-AY97)/(AY93-AY92),AY97) -> #N/A
B102: y_n2: | C102: =IFERROR(C99+(C91-C92)*(C100-C99)/(C93-C92),C99) -> 7738.4996 | J102: y_n2: | K102: =IFERROR(K99+(K91-K92)*(K100-K99)/(K93-K92),K99) -> 7355.7141 | R102: y_n2: | S102: =IFERROR(S99+(S91-S92)*(S100-S99)/(S93-S92),S99) -> 6764.4508 | Z102: y_n2: | AA102: =IFERROR(AA99+(AA91-AA92)*(AA100-AA99)/(AA93-AA92),AA99) -> 6243.0472 | AH102: y_n2: | AI102: =IFERROR(AI99+(AI91-AI92)*(AI100-AI99)/(AI93-AI92),AI99) -> 5765.9372 | AP102: y_n2: | AQ102: =IFERROR(AQ99+(AQ91-AQ92)*(AQ100-AQ99)/(AQ93-AQ92),AQ99) -> 5665.1547 | AX102: y_n2: | AY102: =IFERROR(AY99+(AY91-AY92)*(AY100-AY99)/(AY93-AY92),AY99) -> #N/A
B103: Distance | C103: =IFERROR(C101+(C94-C95)*(C102-C101)/(C96-C95),C101) -> 7738.4996 | J103: Distance | K103: =IFERROR(K101+(K94-K95)*(K102-K101)/(K96-K95),K101) -> 7355.7141 | R103: Distance | S103: =IFERROR(S101+(S94-S95)*(S102-S101)/(S96-S95),S101) -> 6764.4508 | Z103: Distance | AA103: =IFERROR(AA101+(AA94-AA95)*(AA102-AA101)/(AA96-AA95),AA101) -> 6243.0472 | AH103: Distance | AI103: =IFERROR(AI101+(AI94-AI95)*(AI102-AI101)/(AI96-AI95),AI101) -> 5765.9372 | AP103: Distance | AQ103: =IFERROR(AQ101+(AQ94-AQ95)*(AQ102-AQ101)/(AQ96-AQ95),AQ101) -> 5665.1547 | AX103: Distance | AY103: =IFERROR(AY101+(AY94-AY95)*(AY102-AY101)/(AY96-AY95),AY101) -> #N/A
A105: Depth | B105: TOFL ( ft) - Varje brytpunkt i grafen
A106: Kt | B106: 3500 | C106: 4000 | D106: 4500 | E106: 5000 | F106: 5500 | G106: 6000 | H106: 6500 | I106: 7000 | J106: 7500 | K106: 8000 | L106: 8500 | M106: 9000 | N106: 9500 | O106: 10000 | P106: 10500 | Q106: 11000 | R106: 11500 | S106: 12000 | T106: 13000
A107: 0 | B107: 3500 | C107: 4000 | D107: 4500 | E107: 5000 | F107: 5500 | G107: 6000 | H107: 6500 | I107: 7000 | J107: 7500 | K107: 8000 | L107: 8500 | M107: 9000 | N107: 9500 | O107: 10000 | P107: 10500 | Q107: 11000 | R107: 11500 | S107: 12000 | T107: 99999
A108: =25.4*0.25 -> 6.35 | B108: 3510 | C108: 4025 | D108: 4550 | E108: 5080 | F108: 5590 | G108: 6090 | H108: 6600 | I108: 7100 | J108: 7600 | K108: 8100 | L108: 8600 | M108: 9100 | N108: 9700 | O108: 10200 | P108: 10750 | Q108: 99999 | R108: 99999 | S108: 99999 | T108: 99999
A109: =25.4*0.5 -> 12.7 | B109: 3550 | C109: 4070 | D109: 4600 | E109: 5100 | F109: 5650 | G109: 6200 | H109: 6700 | I109: 7250 | J109: 7750 | K109: 8270 | L109: 8750 | M109: 99999 | N109: 99999 | O109: 99999 | P109: 99999 | Q109: 99999 | R109: 99999 | S109: 99999 | T109: 99999
A110: =25.4*0.75 -> 19.05 | B110: 3560 | C110: 4100 | D110: 4600 | E110: 5150 | F110: 5700 | G110: 6200 | H110: 6750 | I110: 7200 | J110: 99999 | K110: 99999 | L110: 99999 | M110: 99999 | N110: 99999 | O110: 99999 | P110: 99999 | Q110: 99999 | R110: 99999 | S110: 99999 | T110: 99999
A111: =25.4*1 -> 25.4 | B111: 3575 | C111: 4110 | D111: 4650 | E111: 5200 | F111: 99999 | G111: 99999 | H111: 99999 | I111: 99999 | J111: 99999 | K111: 99999 | L111: 99999 | M111: 99999 | N111: 99999 | O111: 99999 | P111: 99999 | Q111: 99999 | R111: 99999 | S111: 99999 | T111: 99999
...

Sheet Takeoff distance  contaminated
B1: Pressure Alt | C1: x_n: | D1: =IF('Take-off'!$C$9="",'Take-off'!$C$16,MAX(0,'Take-off'!$C$16+30*(1013-'Take-off'!$C$9))) -> 770
B2: Temp in calc | C2: y_n: | D2: ='Take-off'!$C$8 -> 15
A4: Wet Runway - flaps take off | I4: Wet Runway - flaps take off | Q4: Wet Runway - flaps take off | Y4: Wet Runway - flaps take off | AG4: Wet Runway - flaps take off | AO4: Wet Runway - flaps take off | AW4: Wet Runway - flaps take off
A5: Aircraft WEIGHT: | I5: Aircraft WEIGHT: | Q5: Aircraft WEIGHT: | Y5: Aircraft WEIGHT: | AG5: Aircraft WEIGHT: | AO5: Aircraft WEIGHT: | AW5: Aircraft WEIGHT:
C6: 16600 | D6: Lbs | K6: 16000 | L6: Lbs | S6: 15000 | T6: Lbs | AA6: 14000 | AB6: Lbs | AI6: 13000 | AJ6: Lbs | AQ6: 12000 | AR6: Lbs | AY6: 13000 | AZ6: Lbs
A7: Ambient Temperature | C7: Field Elevation (ft.) | I7: Ambient Temperature | K7: Field Elevation (ft.) | Q7: Ambient Temperature | S7: Field Elevation (ft.) | Y7: Ambient Temperature | AA7: Field Elevation (ft.) | AG7: Ambient Temperature | AI7: Field Elevation (ft.) | AO7: Ambient Temperature | AQ7: Field Elevation (ft.) | AW7: Ambient Temperature | AY7: Field Elevation (ft.)
A9: °C | C9: 0 | D9: 1000 | E9: 2000 | F9: 3000 | G9: 4000 | I9: °C | K9: 0 | L9: 1000 | M9: 2000 | N9: 3000 | O9: 4000 | Q9: °C | S9: 0 | T9: 1000 | U9: 2000 | V9: 3000 | W9: 4000 | Y9: °C | AA9: 0 | AB9: 1000 | AC9: 2000 | AD9: 3000 | AE9: 4000 | AG9: °C | AI9: 0 | AJ9: 1000 | AK9: 2000 | AL9: 3000 | AM9: 4000 | AO9: °C | AQ9: 0 | AR9: 1000 | AS9: 2000 | AT9: 3000 | AU9: 4000 | AW9: °C | AY9: 0 | AZ9: 1000 | BA9: 2000 | BB9: 3000 | BC9: 4000
A10: -30 | C10: 4424 | D10: 4597 | E10: 4761 | F10: 4977 | G10: 99999 | I10: -30 | K10: 4251 | L10: 4415 | M10: 4589 | N10: 4774 | O10: 99999 | Q10: -30 | S10: 3977 | T10: 4125 | U10: 4282 | V10: 4449 | W10: 99999 | Y10: -30 | AA10: 3778 | AB10: 3914 | AC10: 4058 | AD10: 4211 | AE10: 99999 | AG10: -30 | AI10: 3729 | AJ10: 3859 | AK10: 3998 | AL10: 4145 | AM10: 99999 | AO10: -30 | AQ10: 3687 | AR10: 3813 | AS10: 3946 | AT10: 4086 | AU10: 99999 | AW10: 0 | BC10: 99999
A11: -25 | C11: 4521 | D11: 4699 | E11: 4888 | F11: 5090 | G11: 99999 | I11: -25 | K11: 4343 | L11: 4512 | M11: 4691 | N11: 4881 | O11: 99999 | Q11: -25 | S11: 4059 | T11: 4212 | U11: 4373 | V11: 4546 | W11: 99999 | Y11: -25 | AA11: 3854 | AB11: 3994 | AC11: 4142 | AD11: 4300 | AE11: 99999 | AG11: -25 | AI11: 3801 | AJ11: 3936 | AK11: 4078 | AL11: 4230 | AM11: 99999 | AO11: -25 | AQ11: 3758 | AR11: 3887 | AS11: 4023 | AT11: 4168 | AU11: 99999 | AW11: 10 | BC11: 99999
A12: -20 | C12: 4618 | D12: 4802 | E12: 4997 | F12: 5205 | G12: 99999 | I12: -20 | K12: 4435 | L12: 4609 | M12: 4793 | N12: 4989 | O12: 99999 | Q12: -20 | S12: 4142 | T12: 4299 | U12: 4466 | V12: 4644 | W12: 99999 | Y12: -20 | AA12: 3929 | AB12: 4074 | AC12: 4227 | AD12: 4389 | AE12: 99999 | AG12: -20 | AI12: 3875 | AJ12: 4013 | AK12: 4160 | AL12: 4316 | AM12: 99999 | AO12: -20 | AQ12: 3828 | AR12: 3961 | AS12: 4101 | AT12: 4250 | AU12: 99999 | BC12: 99999
A13: -15 | C13: 4716 | D13: 4905 | E13: 5106 | F13: 5321 | G13: 99999 | I13: -15 | K13: 4528 | L13: 4706 | M13: 4896 | N13: 5098 | O13: 99999 | Q13: -15 | S13: 4226 | T13: 4388 | U13: 4559 | V13: 4743 | W13: 99999 | Y13: -15 | AA13: 4007 | AB13: 4155 | AC13: 4312 | AD13: 4480 | AE13: 99999 | AG13: -15 | AI13: 3949 | AJ13: 4091 | AK13: 4242 | AL13: 4403 | AM13: 99999 | AO13: -15 | AQ13: 3899 | AR13: 4035 | AS13: 4180 | AT13: 4333 | AU13: 99999 | BC13: 99999
A14: -10 | C14: 4815 | D14: 5010 | E14: 5217 | F14: 5438 | G14: 99999 | I14: -10 | K14: 4621 | L14: 4805 | M14: 5000 | N14: 5209 | O14: 99999 | Q14: -10 | S14: 4311 | T14: 4477 | U14: 4654 | V14: 4842 | W14: 99999 | Y14: -10 | AA14: 4085 | AB14: 4237 | AC14: 4399 | AD14: 4571 | AE14: 99999 | AG14: -10 | AI14: 4023 | AJ14: 4170 | AK14: 4325 | AL14: 4490 | AM14: 99999 | AO14: -10 | AQ14: 3971 | AR14: 4111 | AS14: 4259 | AT14: 4417 | AU14: 99999 | BC14: 99999
A15: -5 | C15: 4915 | D15: 5115 | E15: 5329 | F15: 5588 | G15: 99999 | I15: -5 | K15: 4716 | L15: 4905 | M15: 5106 | N15: 5321 | O15: 99999 | Q15: -5 | S15: 4396 | T15: 4567 | U15: 4749 | V15: 4943 | W15: 99999 | Y15: -5 | AA15: 4163 | AB15: 4320 | AC15: 4486 | AD15: 4664 | AE15: 99999 | AG15: -5 | AI15: 4099 | AJ15: 4249 | AK15: 4409 | AL15: 4578 | AM15: 99999 | AO15: -5 | AQ15: 4043 | AR15: 4186 | AS15: 4339 | AT15: 4501 | AU15: 99999 | BC15: 99999
A16: 0 | C16: 5016 | D16: 5222 | E16: 5442 | F16: 5744 | G16: 99999 | I16: 0 | K16: 4811 | L16: 5006 | M16: 5213 | N16: 5434 | O16: 99999 | Q16: 0 | S16: 4483 | T16: 4658 | U16: 4846 | V16: 5045 | W16: 99999 | Y16: 0 | AA16: 4242 | AB16: 4403 | AC16: 4574 | AD16: 4757 | AE16: 99999 | AG16: 0 | AI16: 4174 | AJ16: 4329 | AK16: 4493 | AL16: 4667 | AM16: 99999 | AO16: 0 | AQ16: 4115 | AR16: 4263 | AS16: 4419 | AT16: 4586 | AU16: 99999 | BC16: 99999
A17: 5 | C17: 5118 | D17: 5330 | E17: 5586 | F17: 5902 | G17: 99999 | I17: 5 | K17: 4907 | L17: 5107 | M17: 5320 | N17: 5548 | O17: 99999 | Q17: 5 | S17: 4569 | T17: 4750 | U17: 4943 | V17: 5148 | W17: 99999 | Y17: 5 | AA17: 4322 | AB17: 4487 | AC17: 4663 | AD17: 4851 | AE17: 99999 | AG17: 5 | AI17: 4251 | AJ17: 4410 | AK17: 4578 | AL17: 4757 | AM17: 99999 | AO17: 5 | AQ17: 4188 | AR17: 4340 | AS17: 4501 | AT17: 4672 | AU17: 99999 | BC17: 99999
A18: 10 | C18: 5221 | D18: 5439 | E18: 5736 | F18: 6063 | G18: 99999 | I18: 10 | K18: 5005 | L18: 5210 | M18: 5429 | N18: 5663 | O18: 99999 | Q18: 10 | S18: 4658 | T18: 4843 | U18: 5041 | V18: 5252 | W18: 99999 | Y18: 10 | AA18: 4402 | AB18: 4572 | AC18: 4753 | AD18: 4946 | AE18: 99999 | AG18: 10 | AI18: 4328 | AJ18: 4491 | AK18: 4664 | AL18: 4848 | AM18: 99999 | AO18: 10 | AQ18: 4262 | AR18: 4418 | AS18: 4583 | AT18: 4758 | AU18: 99999 | BC18: 99999
A19: 15 | C19: 5325 | D19: 5576 | E19: 5888 | F19: 6219 | G19: 99999 | I19: 15 | K19: 5103 | L19: 5314 | M19: 5539 | N19: 5780 | O19: 99999 | Q19: 15 | S19: 4746 | T19: 4937 | U19: 5140 | V19: 5357 | W19: 99999 | Y19: 15 | AA19: 4484 | AB19: 4658 | AC19: 4844 | AD19: 5042 | AE19: 99999 | AG19: 15 | AI19: 4406 | AJ19: 4573 | AK19: 4750 | AL19: 4940 | AM19: 99999 | AO19: 15 | AQ19: 4337 | AR19: 4496 | AS19: 4665 | AT19: 4846 | AU19: 99999 | BC19: 99999
A20: 20 | C20: 5431 | D20: 5720 | E20: 6043 | F20: 6399 | G20: 99999 | I20: 20 | K20: 5202 | L20: 5419 | M20: 5650 | N20: 5921 | O20: 99999 | Q20: 20 | S20: 4836 | T20: 5032 | U20: 5240 | V20: 5463 | W20: 99999 | Y20: 20 | AA20: 4565 | AB20: 4745 | AC20: 4936 | AD20: 5139 | AE20: 99999 | AG20: 20 | AI20: 4484 | AJ20: 4656 | AK20: 4838 | AL20: 5032 | AM20: 99999 | AO20: 20 | AQ20: 4411 | AR20: 4575 | AS20: 4749 | AT20: 4934 | AU20: 99999 | AW20: 20 | BC20: 99999
A21: 25 | C21: 5559 | D21: 5867 | E21: 6191 | F21: 6578 | G21: 99999 | I21: 25 | K21: 5302 | L21: 5524 | M21: 5763 | N21: 6090 | O21: 99999 | Q21: 25 | S21: 4926 | T21: 5127 | U21: 5341 | V21: 5574 | W21: 99999 | Y21: 25 | AA21: 4648 | AB21: 4832 | AC21: 5028 | AD21: 5240 | AE21: 99999 | AG21: 25 | AI21: 4563 | AJ21: 4739 | AK21: 4926 | AL21: 5127 | AM21: 99999 | AO21: 25 | AQ21: 4487 | AR21: 4655 | AS21: 4833 | AT21: 5025 | AU21: 99999 | BC21: 99999
A22: 30 | C22: 5697 | D22: 6016 | E22: 6429 | F22: 9999 | G22: 99999 | I22: 30 | K22: 5403 | L22: 5632 | M22: 5938 | N22: 6453 | O22: 99999 | Q22: 30 | S22: 5017 | T22: 5224 | U22: 5453 | V22: 5724 | W22: 99999 | Y22: 30 | AA22: 4731 | AB22: 4920 | AC22: 5129 | AD22: 5371 | AE22: 99999 | AG22: 30 | AI22: 4643 | AJ22: 4823 | AK22: 5021 | AL22: 5249 | AM22: 99999 | AO22: 30 | AQ22: 4563 | AR22: 4735 | AS22: 4923 | AT22: 5135 | AU22: 99999 | AW22: 30 | BC22: 99999
A23: 40 | C23: 99999 | D23: 99999 | E23: 99999 | F23: 99999 | G23: 99999 | I23: 40 | K23: 99999 | L23: 99999 | M23: 99999 | N23: 99999 | O23: 99999 | Q23: 40 | S23: 99999 | T23: 99999 | U23: 99999 | V23: 99999 | W23: 99999 | Y23: 40 | AA23: 99999 | AB23: 99999 | AC23: 99999 | AD23: 99999 | AE23: 99999 | AG23: 40 | AI23: 99999 | AJ23: 99999 | AK23: 99999 | AL23: 99999 | AM23: 99999 | AO23: 40 | AQ23: 99999 | AR23: 99999 | AS23: 99999 | AT23: 99999 | AU23: 99999 | AW23: 40 | AY23: 99999 | AZ23: 99999 | BA23: 99999 | BB23: 99999 | BC23: 99999
C24: -- | D24: -- | E24: -- | F24: -- | G24: -- | K24: -- | L24: -- | M24: -- | N24: -- | O24: -- | S24: -- | T24: -- | U24: -- | V24: -- | W24: -- | AA24: -- | AB24: -- | AC24: -- | AD24: -- | AE24: -- | AI24: -- | AJ24: -- | AK24: -- | AL24: -- | AM24: -- | AQ24: -- | AR24: -- | AS24: -- | AT24: -- | AU24: -- | AY24: -- | AZ24: -- | BA24: -- | BB24: -- | BC24: --
B26: x_n: | C26: =$D$1 -> 770 | D26: Table size | J26: x_n: | K26: =$D$1 -> 770 | L26: Table size | R26: x_n: | S26: =$D$1 -> 770 | T26: Table size | Z26: x_n: | AA26: =$D$1 -> 770 | AB26: Table size | AH26: x_n: | AI26: =$D$1 -> 770 | AJ26: Table size | AP26: x_n: | AQ26: =$D$1 -> 770 | AR26: Table size | AX26: x_n: | AY26: =$D$1 -> 770 | AZ26: Table size
B27: x1_n: | C27: {=INDEX(C9:G9,MATCH(C26,C9:G9,1))} -> 0 | D27: Rows: | E27: =MATCH(MAX(A10:A24),A10:A24,0) -> 14 | J27: x1_n: | K27: {=INDEX(K9:O9,MATCH(K26,K9:O9,1))} -> 0 | L27: Rows: | M27: =MATCH(MAX(I10:I24),I10:I24,0) -> 14 | R27: x1_n: | S27: {=INDEX(S9:W9,MATCH(S26,S9:W9,1))} -> 0 | T27: Rows: | U27: =MATCH(MAX(Q10:Q24),Q10:Q24,0) -> 14 | Z27: x1_n: | AA27: {=INDEX(AA9:AE9,MATCH(AA26,AA9:AE9,1))} -> 0 | AB27: Rows: | AC27: =MATCH(MAX(Y10:Y24),Y10:Y24,0) -> 14 | AH27: x1_n: | AI27: {=INDEX(AI9:AM9,MATCH(AI26,AI9:AM9,1))} -> 0 | AJ27: Rows: | AK27: =MATCH(MAX(AG10:AG24),AG10:AG24,0) -> 14 | AP27: x1_n: | AQ27: {=INDEX(AQ9:AU9,MATCH(AQ26,AQ9:AU9,1))} -> 0 | AR27: Rows: | AS27: =MATCH(MAX(AO10:AO24),AO10:AO24,0) -> 14 | AX27: x1_n: | AY27: {=INDEX(AY9:BC9,MATCH(AY26,AY9:BC9,1))} -> 0 | AZ27: Rows: | BA27: =MATCH(MAX(AW10:AW24),AW10:AW24,0) -> 14
B28: x2_n: | C28: {=INDEX(C9:G9,IF(MATCH(C26,C9:G9,1)<E28,MATCH(C26,C9:G9,1)+1,MATCH(C26,C9:G9,1)))} -> 1000 | D28: Columns: | E28: =MATCH(MAX(C9:G9),C9:G9,0) -> 5 | J28: x2_n: | K28: {=INDEX(K9:O9,IF(MATCH(K26,K9:O9,1)<M28,MATCH(K26,K9:O9,1)+1,MATCH(K26,K9:O9,1)))} -> 1000 | L28: Columns: | M28: =MATCH(MAX(K9:O9),K9:O9,0) -> 5 | R28: x2_n: | S28: {=INDEX(S9:W9,IF(MATCH(S26,S9:W9,1)<U28,MATCH(S26,S9:W9,1)+1,MATCH(S26,S9:W9,1)))} -> 1000 | T28: Columns: | U28: =MATCH(MAX(S9:W9),S9:W9,0) -> 5 | Z28: x2_n: | AA28: {=INDEX(AA9:AE9,IF(MATCH(AA26,AA9:AE9,1)<AC28,MATCH(AA26,AA9:AE9,1)+1,MATCH(AA26,AA9:AE9,1)))} -> 1000 | AB28: Columns: | AC28: =MATCH(MAX(AA9:AE9),AA9:AE9,0) -> 5 | AH28: x2_n: | AI28: {=INDEX(AI9:AM9,IF(MATCH(AI26,AI9:AM9,1)<AK28,MATCH(AI26,AI9:AM9,1)+1,MATCH(AI26,AI9:AM9,1)))} -> 1000 | AJ28: Columns: | AK28: =MATCH(MAX(AI9:AM9),AI9:AM9,0) -> 5 | AP28: x2_n: | AQ28: {=INDEX(AQ9:AU9,IF(MATCH(AQ26,AQ9:AU9,1)<AS28,MATCH(AQ26,AQ9:AU9,1)+1,MATCH(AQ26,AQ9:AU9,1)))} -> 1000 | AR28: Columns: | AS28: =MATCH(MAX(AQ9:AU9),AQ9:AU9,0) -> 5 | AX28: x2_n: | AY28: {=INDEX(AY9:BC9,IF(MATCH(AY26,AY9:BC9,1)<BA28,MATCH(AY26,AY9:BC9,1)+1,MATCH(AY26,AY9:BC9,1)))} -> 1000 | AZ28: Columns: | BA28: =MATCH(MAX(AY9:BC9),AY9:BC9,0) -> 5
B29: y_n: | C29: =$D$2 -> 15 | J29: y_n: | K29: =$D$2 -> 15 | R29: y_n: | S29: =$D$2 -> 15 | Z29: y_n: | AA29: =$D$2 -> 15 | AH29: y_n: | AI29: =$D$2 -> 15 | AP29: y_n: | AQ29: =$D$2 -> 15 | AX29: y_n: | AY29: =$D$2 -> 15
B30: n1: | C30: {=INDEX(A10:A24,MATCH(C29,A10:A24,1))} -> 15 | E30: Sida 18 saknas | J30: n1: | K30: {=INDEX(I10:I24,MATCH(K29,I10:I24,1))} -> 15 | R30: n1: | S30: {=INDEX(Q10:Q24,MATCH(S29,Q10:Q24,1))} -> 15 | Z30: n1: | AA30: {=INDEX(Y10:Y24,MATCH(AA29,Y10:Y24,1))} -> 15 | AH30: n1: | AI30: {=INDEX(AG10:AG24,MATCH(AI29,AG10:AG24,1))} -> 15 | AP30: n1: | AQ30: {=INDEX(AO10:AO24,MATCH(AQ29,AO10:AO24,1))} -> 15 | AX30: n1: | AY30: {=INDEX(AW10:AW24,MATCH(AY29,AW10:AW24,1))} -> 10
B31: n2: | C31: {=INDEX(A10:A24,IF(MATCH(C29,A10:A24,1)<E27,MATCH(C29,A10:A24,1)+1,MATCH(C29,A10:A24,1)))} -> 20 | J31: n2: | K31: {=INDEX(I10:I24,IF(MATCH(K29,I10:I24,1)<M27,MATCH(K29,I10:I24,1)+1,MATCH(K29,I10:I24,1)))} -> 20 | R31: n2: | S31: {=INDEX(Q10:Q24,IF(MATCH(S29,Q10:Q24,1)<U27,MATCH(S29,Q10:Q24,1)+1,MATCH(S29,Q10:Q24,1)))} -> 20 | Z31: n2: | AA31: {=INDEX(Y10:Y24,IF(MATCH(AA29,Y10:Y24,1)<AC27,MATCH(AA29,Y10:Y24,1)+1,MATCH(AA29,Y10:Y24,1)))} -> 20 | AH31: n2: | AI31: {=INDEX(AG10:AG24,IF(MATCH(AI29,AG10:AG24,1)<AK27,MATCH(AI29,AG10:AG24,1)+1,MATCH(AI29,AG10:AG24,1)))} -> 20 | AP31: n2: | AQ31: {=INDEX(AO10:AO24,IF(MATCH(AQ29,AO10:AO24,1)<AS27,MATCH(AQ29,AO10:AO24,1)+1,MATCH(AQ29,AO10:AO24,1)))} -> 20 | AX31: n2: | AY31: =INDEX(AW10:AW24,IF(MATCH(AY29,AW10:AW24,1)<BA27,MATCH(AY29,AW10:AW24,1)+1,MATCH(AY29,AW10:AW24,1))) -> 0
B32: y1_n1: | C32: {=INDEX(C10:G24,MATCH(C29,A10:A24,1),MATCH(C26,C9:G9,1))} -> 5325 | J32: y1_n1: | K32: {=INDEX(K10:O24,MATCH(K29,I10:I24,1),MATCH(K26,K9:O9,1))} -> 5103 | R32: y1_n1: | S32: {=INDEX(S10:W24,MATCH(S29,Q10:Q24,1),MATCH(S26,S9:W9,1))} -> 4746 | Z32: y1_n1: | AA32: {=INDEX(AA10:AE24,MATCH(AA29,Y10:Y24,1),MATCH(AA26,AA9:AE9,1))} -> 4484 | AH32: y1_n1: | AI32: {=INDEX(AI10:AM24,MATCH(AI29,AG10:AG24,1),MATCH(AI26,AI9:AM9,1))} -> 4406 | AP32: y1_n1: | AQ32: {=INDEX(AQ10:AU24,MATCH(AQ29,AO10:AO24,1),MATCH(AQ26,AQ9:AU9,1))} -> 4337 | AX32: y1_n1: | AY32: =INDEX(AY10:BC24,MATCH(AY29,AW10:AW24,1),MATCH(AY26,AY9:BC9,1)) -> 0
B33: y2_n1: | C33: {=INDEX(C10:G24,MATCH(C29,A10:A24,1),IF(MATCH(C26,C9:G9,1)<E28,MATCH(C26,C9:G9,1)+1,MATCH(C29,A10:A24,1)))} -> 5576 | J33: y2_n1: | K33: {=INDEX(K10:O24,MATCH(K29,I10:I24,1),IF(MATCH(K26,K9:O9,1)<M28,MATCH(K26,K9:O9,1)+1,MATCH(K29,I10:I24,1)))} -> 5314 | R33: y2_n1: | S33: {=INDEX(S10:W24,MATCH(S29,Q10:Q24,1),IF(MATCH(S26,S9:W9,1)<U28,MATCH(S26,S9:W9,1)+1,MATCH(S29,Q10:Q24,1)))} -> 4937 | Z33: y2_n1: | AA33: {=INDEX(AA10:AE24,MATCH(AA29,Y10:Y24,1),IF(MATCH(AA26,AA9:AE9,1)<AC28,MATCH(AA26,AA9:AE9,1)+1,MATCH(AA29,Y10:Y24,1)))} -> 4658 | AH33: y2_n1: | AI33: {=INDEX(AI10:AM24,MATCH(AI29,AG10:AG24,1),IF(MATCH(AI26,AI9:AM9,1)<AK28,MATCH(AI26,AI9:AM9,1)+1,MATCH(AI29,AG10:AG24,1)))} -> 4573 | AP33: y2_n1: | AQ33: {=INDEX(AQ10:AU24,MATCH(AQ29,AO10:AO24,1),IF(MATCH(AQ26,AQ9:AU9,1)<AS28,MATCH(AQ26,AQ9:AU9,1)+1,MATCH(AQ29,AO10:AO24,1)))} -> 4496 | AX33: y2_n1: | AY33: =INDEX(AY10:BC24,MATCH(AY29,AW10:AW24,1),IF(MATCH(AY26,AY9:BC9,1)<BA28,MATCH(AY26,AY9:BC9,1)+1,MATCH(AY29,AW10:AW24,1))) -> 0
B34: y1_n2: | C34: {=INDEX(C10:G24,IF(MATCH(C29,A10:A24,1)<E27,MATCH(C29,A10:A24,1)+1,MATCH(C29,A10:A24,1)),MATCH(C26,C9:G9,1))} -> 5431 | J34: y1_n2: | K34: {=INDEX(K10:O24,IF(MATCH(K29,I10:I24,1)<M27,MATCH(K29,I10:I24,1)+1,MATCH(K29,I10:I24,1)),MATCH(K26,K9:O9,1))} -> 5202 | R34: y1_n2: | S34: {=INDEX(S10:W24,IF(MATCH(S29,Q10:Q24,1)<U27,MATCH(S29,Q10:Q24,1)+1,MATCH(S29,Q10:Q24,1)),MATCH(S26,S9:W9,1))} -> 4836 | Z34: y1_n2: | AA34: {=INDEX(AA10:AE24,IF(MATCH(AA29,Y10:Y24,1)<AC27,MATCH(AA29,Y10:Y24,1)+1,MATCH(AA29,Y10:Y24,1)),MATCH(AA26,AA9:AE9,1))} -> 4565 | AH34: y1_n2: | AI34: {=INDEX(AI10:AM24,IF(MATCH(AI29,AG10:AG24,1)<AK27,MATCH(AI29,AG10:AG24,1)+1,MATCH(AI29,AG10:AG24,1)),MATCH(AI26,AI9:AM9,1))} -> 4484 | AP34: y1_n2: | AQ34: {=INDEX(AQ10:AU24,IF(MATCH(AQ29,AO10:AO24,1)<AS27,MATCH(AQ29,AO10:AO24,1)+1,MATCH(AQ29,AO10:AO24,1)),MATCH(AQ26,AQ9:AU9,1))} -> 4411 | AX34: y1_n2: | AY34: =INDEX(AY10:BC24,IF(MATCH(AY29,AW10:AW24,1)<BA27,MATCH(AY29,AW10:AW24,1)+1,MATCH(AY29,AW10:AW24,1)),MATCH(AY26,AY9:BC9,1)) -> 0
B35: y2_n2: | C35: {=INDEX(C10:G24,IF(MATCH(C29,A10:A24,1)<E27,MATCH(C29,A10:A24,1)+1,MATCH(C29,A10:A24,1)),IF(MATCH(C26,C9:G9,1)<E28,MATCH(C26,C9:G9,1)+1,MATCH(C26,C9:G9,1)))} -> 5720 | J35: y2_n2: | K35: {=INDEX(K10:O24,IF(MATCH(K29,I10:I24,1)<M27,MATCH(K29,I10:I24,1)+1,MATCH(K29,I10:I24,1)),IF(MATCH(K26,K9:O9,1)<M28,MATCH(K26,K9:O9,1)+1,MATCH(K26,K9:O9,1)))} -> 5419 | R35: y2_n2: | S35: {=INDEX(S10:W24,IF(MATCH(S29,Q10:Q24,1)<U27,MATCH(S29,Q10:Q24,1)+1,MATCH(S29,Q10:Q24,1)),IF(MATCH(S26,S9:W9,1)<U28,MATCH(S26,S9:W9,1)+1,MATCH(S26,S9:W9,1)))} -> 5032 | Z35: y2_n2: | AA35: {=INDEX(AA10:AE24,IF(MATCH(AA29,Y10:Y24,1)<AC27,MATCH(AA29,Y10:Y24,1)+1,MATCH(AA29,Y10:Y24,1)),IF(MATCH(AA26,AA9:AE9,1)<AC28,MATCH(AA26,AA9:AE9,1)+1,MATCH(AA26,AA9:AE9,1)))} -> 4745 | AH35: y2_n2: | AI35: {=INDEX(AI10:AM24,IF(MATCH(AI29,AG10:AG24,1)<AK27,MATCH(AI29,AG10:AG24,1)+1,MATCH(AI29,AG10:AG24,1)),IF(MATCH(AI26,AI9:AM9,1)<AK28,MATCH(AI26,AI9:AM9,1)+1,MATCH(AI26,AI9:AM9,1)))} -> 4656 | AP35: y2_n2: | AQ35: {=INDEX(AQ10:AU24,IF(MATCH(AQ29,AO10:AO24,1)<AS27,MATCH(AQ29,AO10:AO24,1)+1,MATCH(AQ29,AO10:AO24,1)),IF(MATCH(AQ26,AQ9:AU9,1)<AS28,MATCH(AQ26,AQ9:AU9,1)+1,MATCH(AQ26,AQ9:AU9,1)))} -> 4575 | AX35: y2_n2: | AY35: =INDEX(AY10:BC24,IF(MATCH(AY29,AW10:AW24,1)<BA27,MATCH(AY29,AW10:AW24,1)+1,MATCH(AY29,AW10:AW24,1)),IF(MATCH(AY26,AY9:BC9,1)<BA28,MATCH(AY26,AY9:BC9,1)+1,MATCH(AY26,AY9:BC9,1))) -> 0
B36: y_n1: | C36: =IFERROR(C32+(C26-C27)*(C33-C32)/(C28-C27),C32) -> 5518.27 | J36: y_n1: | K36: =IFERROR(K32+(K26-K27)*(K33-K32)/(K28-K27),K32) -> 5265.47 | R36: y_n1: | S36: =IFERROR(S32+(S26-S27)*(S33-S32)/(S28-S27),S32) -> 4893.07 | Z36: y_n1: | AA36: =IFERROR(AA32+(AA26-AA27)*(AA33-AA32)/(AA28-AA27),AA32) -> 4617.98 | AH36: y_n1: | AI36: =IFERROR(AI32+(AI26-AI27)*(AI33-AI32)/(AI28-AI27),AI32) -> 4534.59 | AP36: y_n1: | AQ36: =IFERROR(AQ32+(AQ26-AQ27)*(AQ33-AQ32)/(AQ28-AQ27),AQ32) -> 4459.43 | AX36: y_n1: | AY36: =IFERROR(AY32+(AY26-AY27)*(AY33-AY32)/(AY28-AY27),AY32) -> 0
B37: y_n2: | C37: =IFERROR(C34+(C26-C27)*(C35-C34)/(C28-C27),C34) -> 5653.53 | J37: y_n2: | K37: =IFERROR(K34+(K26-K27)*(K35-K34)/(K28-K27),K34) -> 5369.09 | R37: y_n2: | S37: =IFERROR(S34+(S26-S27)*(S35-S34)/(S28-S27),S34) -> 4986.92 | Z37: y_n2: | AA37: =IFERROR(AA34+(AA26-AA27)*(AA35-AA34)/(AA28-AA27),AA34) -> 4703.6 | AH37: y_n2: | AI37: =IFERROR(AI34+(AI26-AI27)*(AI35-AI34)/(AI28-AI27),AI34) -> 4616.44 | AP37: y_n2: | AQ37: =IFERROR(AQ34+(AQ26-AQ27)*(AQ35-AQ34)/(AQ28-AQ27),AQ34) -> 4537.28 | AX37: y_n2: | AY37: =IFERROR(AY34+(AY26-AY27)*(AY35-AY34)/(AY28-AY27),AY34) -> 0
B38: Landing distance | C38: =IFERROR(C36+(C29-C30)*(C37-C36)/(C31-C30),C36) -> 5518.27 | J38: Landing distance | K38: =IFERROR(K36+(K29-K30)*(K37-K36)/(K31-K30),K36) -> 5265.47 | R38: Landing distance | S38: =IFERROR(S36+(S29-S30)*(S37-S36)/(S31-S30),S36) -> 4893.07 | Z38: Landing distance | AA38: =IFERROR(AA36+(AA29-AA30)*(AA37-AA36)/(AA31-AA30),AA36) -> 4617.98 | AH38: Landing distance | AI38: =IFERROR(AI36+(AI29-AI30)*(AI37-AI36)/(AI31-AI30),AI36) -> 4534.59 | AP38: Landing distance | AQ38: =IFERROR(AQ36+(AQ29-AQ30)*(AQ37-AQ36)/(AQ31-AQ30),AQ36) -> 4459.43 | AX38: Landing distance | AY38: =IFERROR(AY36+(AY29-AY30)*(AY37-AY36)/(AY31-AY30),AY36) -> 0
A40: Gradient | B40: TOFL ( ft) - Varje brytpunkt i grafen
A41: % | B41: 3400 | C41: 3800 | D41: 4300 | E41: 4800 | F41: 5300 | G41: 5800 | H41: 6250 | I41: 6700
A42: -2 | B42: 3750 | C42: 4150 | D42: 4630 | E42: 5100 | F42: 5600 | G42: 6100 | H42: 6600 | I42: 7075
A43: -1 | B43: 3600 | C43: 4000 | D43: 4500 | E43: 4950 | F43: 5500 | G43: 5950 | H43: 6450 | I43: 6900
A44: 0 | B44: 3400 | C44: 3800 | D44: 4300 | E44: 4800 | F44: 5300 | G44: 5800 | H44: 6250 | I44: 6700
A45: 1 | B45: 3300 | C45: 3750 | D45: 4250 | E45: 4900 | F45: 5550 | G45: 6075 | H45: 6550 | I45: 7000
A46: 1.6 | B46: 3300 | C46: 3700 | D46: 4350 | E46: 5000 | F46: 5600 | G46: 6100 | H46: 6600 | I46: 7050
A47: 2 | B47: 3200 | C47: 3650 | D47: 4400 | E47: 5050 | F47: 5600 | G47: 6075 | H47: 6600 | I47: 7000
B49: x_n: | C49: =C38 -> 5518.27 | D49: Table size | J49: x_n: | K49: =K38 -> 5265.47 | L49: Table size | R49: x_n: | S49: =S38 -> 4893.07 | T49: Table size | Z49: x_n: | AA49: =AA38 -> 4617.98 | AB49: Table size | AH49: x_n: | AI49: =AI38 -> 4534.59 | AJ49: Table size | AP49: x_n: | AQ49: =AQ38 -> 4459.43 | AR49: Table size | AX49: x_n: | AY49: =AY38 -> 0 | AZ49: Table size
B50: x1_n: | C50: {=INDEX(B41:I41,MATCH(C49,B41:I41,1))} -> 5300 | D50: Rows: | E50: =MATCH(MAX(A42:A47),A42:A47,1) -> 6 | J50: x1_n: | K50: {=INDEX($B$41:$I$41,MATCH(K49,$B$41:$I$41,1))} -> 4800 | L50: Rows: | M50: =MATCH(MAX($A$42:$A$47),$A$42:$A$47,1) -> 6 | R50: x1_n: | S50: {=INDEX($B$41:$I$41,MATCH(S49,$B$41:$I$41,1))} -> 4800 | T50: Rows: | U50: =MATCH(MAX($A$42:$A$47),$A$42:$A$47,1) -> 6 | Z50: x1_n: | AA50: {=INDEX($B$41:$I$41,MATCH(AA49,$B$41:$I$41,1))} -> 4300 | AB50: Rows: | AC50: =MATCH(MAX($A$42:$A$47),$A$42:$A$47,1) -> 6 | AH50: x1_n: | AI50: {=INDEX($B$41:$I$41,MATCH(AI49,$B$41:$I$41,1))} -> 4300 | AJ50: Rows: | AK50: =MATCH(MAX($A$42:$A$47),$A$42:$A$47,1) -> 6 | AP50: x1_n: | AQ50: {=INDEX($B$41:$I$41,MATCH(AQ49,$B$41:$I$41,1))} -> 4300 | AR50: Rows: | AS50: =MATCH(MAX($A$42:$A$47),$A$42:$A$47,1) -> 6 | AX50: x1_n: | AY50: {=INDEX($B$41:$I$41,MATCH(AY49,$B$41:$I$41,1))} -> #N/A | AZ50: Rows: | BA50: =MATCH(MAX($A$42:$A$47),$A$42:$A$47,1) -> 6
B51: x2_n: | C51: {=INDEX(B41:I41,IF(MATCH(C49,B41:I41,1)<E51,MATCH(C49,B41:I41,1)+1,MATCH(C49,B41:I41,1)))} -> 5800 | D51: Columns: | E51: =MATCH(MAX(B41:I41),B41:I41,0) -> 8 | J51: x2_n: | K51: {=INDEX($B$41:$I$41,IF(MATCH(K49,$B$41:$I$41,1)<M51,MATCH(K49,$B$41:$I$41,1)+1,MATCH(K49,$B$41:$I$41,1)))} -> 5300 | L51: Columns: | M51: =MATCH(MAX($B$41:$I$41),$B$41:$I$41,0) -> 8 | R51: x2_n: | S51: {=INDEX($B$41:$I$41,IF(MATCH(S49,$B$41:$I$41,1)<U51,MATCH(S49,$B$41:$I$41,1)+1,MATCH(S49,$B$41:$I$41,1)))} -> 5300 | T51: Columns: | U51: =MATCH(MAX($B$41:$I$41),$B$41:$I$41,0) -> 8 | Z51: x2_n: | AA51: {=INDEX($B$41:$I$41,IF(MATCH(AA49,$B$41:$I$41,1)<AC51,MATCH(AA49,$B$41:$I$41,1)+1,MATCH(AA49,$B$41:$I$41,1)))} -> 4800 | AB51: Columns: | AC51: =MATCH(MAX($B$41:$I$41),$B$41:$I$41,0) -> 8 | AH51: x2_n: | AI51: {=INDEX($B$41:$I$41,IF(MATCH(AI49,$B$41:$I$41,1)<AK51,MATCH(AI49,$B$41:$I$41,1)+1,MATCH(AI49,$B$41:$I$41,1)))} -> 4800 | AJ51: Columns: | AK51: =MATCH(MAX($B$41:$I$41),$B$41:$I$41,0) -> 8 | AP51: x2_n: | AQ51: {=INDEX($B$41:$I$41,IF(MATCH(AQ49,$B$41:$I$41,1)<AS51,MATCH(AQ49,$B$41:$I$41,1)+1,MATCH(AQ49,$B$41:$I$41,1)))} -> 4800 | AR51: Columns: | AS51: =MATCH(MAX($B$41:$I$41),$B$41:$I$41,0) -> 8 | AX51: x2_n: | AY51: {=INDEX($B$41:$I$41,IF(MATCH(AY49,$B$41:$I$41,1)<BA51,MATCH(AY49,$B$41:$I$41,1)+1,MATCH(AY49,$B$41:$I$41,1)))} -> #N/A | AZ51: Columns: | BA51: =MATCH(MAX($B$41:$I$41),$B$41:$I$41,0) -> 8
B52: y_n: | C52: ='Take-off'!$C$17 -> 0 | J52: y_n: | K52: ='Take-off'!$C$17 -> 0 | R52: y_n: | S52: ='Take-off'!$C$17 -> 0 | Z52: y_n: | AA52: ='Take-off'!$C$17 -> 0 | AH52: y_n: | AI52: ='Take-off'!$C$17 -> 0 | AP52: y_n: | AQ52: ='Take-off'!$C$17 -> 0 | AX52: y_n: | AY52: ='Take-off'!$C$17 -> 0
B53: n1: | C53: {=INDEX(A42:A47,MATCH(C52,A42:A47,1))} -> 0 | J53: n1: | K53: {=INDEX($A$42:$A$47,MATCH(K52,$A$42:$A$47,1))} -> 0 | R53: n1: | S53: {=INDEX($A$42:$A$47,MATCH(S52,$A$42:$A$47,1))} -> 0 | Z53: n1: | AA53: {=INDEX($A$42:$A$47,MATCH(AA52,$A$42:$A$47,1))} -> 0 | AH53: n1: | AI53: {=INDEX($A$42:$A$47,MATCH(AI52,$A$42:$A$47,1))} -> 0 | AP53: n1: | AQ53: {=INDEX($A$42:$A$47,MATCH(AQ52,$A$42:$A$47,1))} -> 0 | AX53: n1: | AY53: {=INDEX($A$42:$A$47,MATCH(AY52,$A$42:$A$47,1))} -> 0
B54: n2: | C54: {=INDEX(A42:A47,IF(MATCH(C52,A42:A47,1)<E50,MATCH(C52,A42:A47,1)+1,MATCH(C52,A42:A47,1)))} -> 1 | J54: n2: | K54: {=INDEX($A$42:$A$47,IF(MATCH(K52,$A$42:$A$47,1)<M50,MATCH(K52,$A$42:$A$47,1)+1,MATCH(K52,$A$42:$A$47,1)))} -> 1 | R54: n2: | S54: {=INDEX($A$42:$A$47,IF(MATCH(S52,$A$42:$A$47,1)<U50,MATCH(S52,$A$42:$A$47,1)+1,MATCH(S52,$A$42:$A$47,1)))} -> 1 | Z54: n2: | AA54: {=INDEX($A$42:$A$47,IF(MATCH(AA52,$A$42:$A$47,1)<AC50,MATCH(AA52,$A$42:$A$47,1)+1,MATCH(AA52,$A$42:$A$47,1)))} -> 1 | AH54: n2: | AI54: {=INDEX($A$42:$A$47,IF(MATCH(AI52,$A$42:$A$47,1)<AK50,MATCH(AI52,$A$42:$A$47,1)+1,MATCH(AI52,$A$42:$A$47,1)))} -> 1 | AP54: n2: | AQ54: {=INDEX($A$42:$A$47,IF(MATCH(AQ52,$A$42:$A$47,1)<AS50,MATCH(AQ52,$A$42:$A$47,1)+1,MATCH(AQ52,$A$42:$A$47,1)))} -> 1 | AX54: n2: | AY54: {=INDEX($A$42:$A$47,IF(MATCH(AY52,$A$42:$A$47,1)<BA50,MATCH(AY52,$A$42:$A$47,1)+1,MATCH(AY52,$A$42:$A$47,1)))} -> 1
B55: y1_n1: | C55: {=INDEX(B42:I47,MATCH(C52,A42:A47,1),MATCH(C49,B41:I41,1))} -> 5300 | J55: y1_n1: | K55: {=INDEX($B$42:$I$47,MATCH(K52,$A$42:$A$47,1),MATCH(K49,$B$41:$I$41,1))} -> 4800 | R55: y1_n1: | S55: {=INDEX($B$42:$I$47,MATCH(S52,$A$42:$A$47,1),MATCH(S49,$B$41:$I$41,1))} -> 4800 | Z55: y1_n1: | AA55: {=INDEX($B$42:$I$47,MATCH(AA52,$A$42:$A$47,1),MATCH(AA49,$B$41:$I$41,1))} -> 4300 | AH55: y1_n1: | AI55: {=INDEX($B$42:$I$47,MATCH(AI52,$A$42:$A$47,1),MATCH(AI49,$B$41:$I$41,1))} -> 4300 | AP55: y1_n1: | AQ55: {=INDEX($B$42:$I$47,MATCH(AQ52,$A$42:$A$47,1),MATCH(AQ49,$B$41:$I$41,1))} -> 4300 | AX55: y1_n1: | AY55: {=INDEX($B$42:$I$47,MATCH(AY52,$A$42:$A$47,1),MATCH(AY49,$B$41:$I$41,1))} -> #N/A
B56: y2_n1: | C56: {=INDEX(B42:I47,MATCH(C52,A42:A47,1),IF(MATCH(C49,B41:I41,1)<E51,MATCH(C49,B41:I41,1)+1,MATCH(C52,A42:A47,1)))} -> 5800 | J56: y2_n1: | K56: {=INDEX($B$42:$I$47,MATCH(K52,$A$42:$A$47,1),IF(MATCH(K49,$B$41:$I$41,1)<M51,MATCH(K49,$B$41:$I$41,1)+1,MATCH(K52,$A$42:$A$47,1)))} -> 5300 | R56: y2_n1: | S56: {=INDEX($B$42:$I$47,MATCH(S52,$A$42:$A$47,1),IF(MATCH(S49,$B$41:$I$41,1)<U51,MATCH(S49,$B$41:$I$41,1)+1,MATCH(S52,$A$42:$A$47,1)))} -> 5300 | Z56: y2_n1: | AA56: {=INDEX($B$42:$I$47,MATCH(AA52,$A$42:$A$47,1),IF(MATCH(AA49,$B$41:$I$41,1)<AC51,MATCH(AA49,$B$41:$I$41,1)+1,MATCH(AA52,$A$42:$A$47,1)))} -> 4800 | AH56: y2_n1: | AI56: {=INDEX($B$42:$I$47,MATCH(AI52,$A$42:$A$47,1),IF(MATCH(AI49,$B$41:$I$41,1)<AK51,MATCH(AI49,$B$41:$I$41,1)+1,MATCH(AI52,$A$42:$A$47,1)))} -> 4800 | AP56: y2_n1: | AQ56: {=INDEX($B$42:$I$47,MATCH(AQ52,$A$42:$A$47,1),IF(MATCH(AQ49,$B$41:$I$41,1)<AS51,MATCH(AQ49,$B$41:$I$41,1)+1,MATCH(AQ52,$A$42:$A$47,1)))} -> 4800 | AX56: y2_n1: | AY56: {=INDEX($B$42:$I$47,MATCH(AY52,$A$42:$A$47,1),IF(MATCH(AY49,$B$41:$I$41,1)<BA51,MATCH(AY49,$B$41:$I$41,1)+1,MATCH(AY52,$A$42:$A$47,1)))} -> #N/A
B57: y1_n2: | C57: {=INDEX(B42:I47,IF(MATCH(C52,A42:A47,1)<E50,MATCH(C52,A42:A47,1)+1,MATCH(C52,A42:A47,1)),MATCH(C49,B41:I41,1))} -> 5550 | J57: y1_n2: | K57: {=INDEX($B$42:$I$47,IF(MATCH(K52,$A$42:$A$47,1)<M50,MATCH(K52,$A$42:$A$47,1)+1,MATCH(K52,$A$42:$A$47,1)),MATCH(K49,$B$41:$I$41,1))} -> 4900 | R57: y1_n2: | S57: {=INDEX($B$42:$I$47,IF(MATCH(S52,$A$42:$A$47,1)<U50,MATCH(S52,$A$42:$A$47,1)+1,MATCH(S52,$A$42:$A$47,1)),MATCH(S49,$B$41:$I$41,1))} -> 4900 | Z57: y1_n2: | AA57: {=INDEX($B$42:$I$47,IF(MATCH(AA52,$A$42:$A$47,1)<AC50,MATCH(AA52,$A$42:$A$47,1)+1,MATCH(AA52,$A$42:$A$47,1)),MATCH(AA49,$B$41:$I$41,1))} -> 4250 | AH57: y1_n2: | AI57: {=INDEX($B$42:$I$47,IF(MATCH(AI52,$A$42:$A$47,1)<AK50,MATCH(AI52,$A$42:$A$47,1)+1,MATCH(AI52,$A$42:$A$47,1)),MATCH(AI49,$B$41:$I$41,1))} -> 4250 | AP57: y1_n2: | AQ57: {=INDEX($B$42:$I$47,IF(MATCH(AQ52,$A$42:$A$47,1)<AS50,MATCH(AQ52,$A$42:$A$47,1)+1,MATCH(AQ52,$A$42:$A$47,1)),MATCH(AQ49,$B$41:$I$41,1))} -> 4250 | AX57: y1_n2: | AY57: {=INDEX($B$42:$I$47,IF(MATCH(AY52,$A$42:$A$47,1)<BA50,MATCH(AY52,$A$42:$A$47,1)+1,MATCH(AY52,$A$42:$A$47,1)),MATCH(AY49,$B$41:$I$41,1))} -> #N/A
B58: y2_n2: | C58: {=INDEX(B42:I47,IF(MATCH(C52,A42:A47,1)<E50,MATCH(C52,A42:A47,1)+1,MATCH(C52,A42:A47,1)),IF(MATCH(C49,B41:I41,1)<E51,MATCH(C49,B41:I41,1)+1,MATCH(C49,B41:I41,1)))} -> 6075 | J58: y2_n2: | K58: {=INDEX($B$42:$I$47,IF(MATCH(K52,$A$42:$A$47,1)<M50,MATCH(K52,$A$42:$A$47,1)+1,MATCH(K52,$A$42:$A$47,1)),IF(MATCH(K49,$B$41:$I$41,1)<M51,MATCH(K49,$B$41:$I$41,1)+1,MATCH(K49,$B$41:$I$41,1)))} -> 5550 | R58: y2_n2: | S58: {=INDEX($B$42:$I$47,IF(MATCH(S52,$A$42:$A$47,1)<U50,MATCH(S52,$A$42:$A$47,1)+1,MATCH(S52,$A$42:$A$47,1)),IF(MATCH(S49,$B$41:$I$41,1)<U51,MATCH(S49,$B$41:$I$41,1)+1,MATCH(S49,$B$41:$I$41,1)))} -> 5550 | Z58: y2_n2: | AA58: {=INDEX($B$42:$I$47,IF(MATCH(AA52,$A$42:$A$47,1)<AC50,MATCH(AA52,$A$42:$A$47,1)+1,MATCH(AA52,$A$42:$A$47,1)),IF(MATCH(AA49,$B$41:$I$41,1)<AC51,MATCH(AA49,$B$41:$I$41,1)+1,MATCH(AA49,$B$41:$I$41,1)))} -> 4900 | AH58: y2_n2: | AI58: {=INDEX($B$42:$I$47,IF(MATCH(AI52,$A$42:$A$47,1)<AK50,MATCH(AI52,$A$42:$A$47,1)+1,MATCH(AI52,$A$42:$A$47,1)),IF(MATCH(AI49,$B$41:$I$41,1)<AK51,MATCH(AI49,$B$41:$I$41,1)+1,MATCH(AI49,$B$41:$I$41,1)))} -> 4900 | AP58: y2_n2: | AQ58: {=INDEX($B$42:$I$47,IF(MATCH(AQ52,$A$42:$A$47,1)<AS50,MATCH(AQ52,$A$42:$A$47,1)+1,MATCH(AQ52,$A$42:$A$47,1)),IF(MATCH(AQ49,$B$41:$I$41,1)<AS51,MATCH(AQ49,$B$41:$I$41,1)+1,MATCH(AQ49,$B$41:$I$41,1)))} -> 4900 | AX58: y2_n2: | AY58: {=INDEX($B$42:$I$47,IF(MATCH(AY52,$A$42:$A$47,1)<BA50,MATCH(AY52,$A$42:$A$47,1)+1,MATCH(AY52,$A$42:$A$47,1)),IF(MATCH(AY49,$B$41:$I$41,1)<BA51,MATCH(AY49,$B$41:$I$41,1)+1,MATCH(AY49,$B$41:$I$41,1)))} -> #N/A
B59: y_n1: | C59: =IFERROR(C55+(C49-C50)*(C56-C55)/(C51-C50),C55) -> 5518.27 | J59: y_n1: | K59: =IFERROR(K55+(K49-K50)*(K56-K55)/(K51-K50),K55) -> 5265.47 | R59: y_n1: | S59: =IFERROR(S55+(S49-S50)*(S56-S55)/(S51-S50),S55) -> 4893.07 | Z59: y_n1: | AA59: =IFERROR(AA55+(AA49-AA50)*(AA56-AA55)/(AA51-AA50),AA55) -> 4617.98 | AH59: y_n1: | AI59: =IFERROR(AI55+(AI49-AI50)*(AI56-AI55)/(AI51-AI50),AI55) -> 4534.59 | AP59: y_n1: | AQ59: =IFERROR(AQ55+(AQ49-AQ50)*(AQ56-AQ55)/(AQ51-AQ50),AQ55) -> 4459.43 | AX59: y_n1: | AY59: =IFERROR(AY55+(AY49-AY50)*(AY56-AY55)/(AY51-AY50),AY55) -> #N/A
B60: y_n2: | C60: =IFERROR(C57+(C49-C50)*(C58-C57)/(C51-C50),C57) -> 5779.1835 | J60: y_n2: | K60: =IFERROR(K57+(K49-K50)*(K58-K57)/(K51-K50),K57) -> 5505.111 | R60: y_n2: | S60: =IFERROR(S57+(S49-S50)*(S58-S57)/(S51-S50),S57) -> 5020.991 | Z60: y_n2: | AA60: =IFERROR(AA57+(AA49-AA50)*(AA58-AA57)/(AA51-AA50),AA57) -> 4663.374 | AH60: y_n2: | AI60: =IFERROR(AI57+(AI49-AI50)*(AI58-AI57)/(AI51-AI50),AI57) -> 4554.967 | AP60: y_n2: | AQ60: =IFERROR(AQ57+(AQ49-AQ50)*(AQ58-AQ57)/(AQ51-AQ50),AQ57) -> 4457.259 | AX60: y_n2: | AY60: =IFERROR(AY57+(AY49-AY50)*(AY58-AY57)/(AY51-AY50),AY57) -> #N/A
B61: Distance | C61: =IFERROR(C59+(C52-C53)*(C60-C59)/(C54-C53),C59) -> 5518.27 | J61: Distance | K61: =IFERROR(K59+(K52-K53)*(K60-K59)/(K54-K53),K59) -> 5265.47 | R61: Distance | S61: =IFERROR(S59+(S52-S53)*(S60-S59)/(S54-S53),S59) -> 4893.07 | Z61: Distance | AA61: =IFERROR(AA59+(AA52-AA53)*(AA60-AA59)/(AA54-AA53),AA59) -> 4617.98 | AH61: Distance | AI61: =IFERROR(AI59+(AI52-AI53)*(AI60-AI59)/(AI54-AI53),AI59) -> 4534.59 | AP61: Distance | AQ61: =IFERROR(AQ59+(AQ52-AQ53)*(AQ60-AQ59)/(AQ54-AQ53),AQ59) -> 4459.43 | AX61: Distance | AY61: =IFERROR(AY59+(AY52-AY53)*(AY60-AY59)/(AY54-AY53),AY59) -> #N/A
A63: Vind | B63: TOFL ( ft) - Varje brytpunkt i grafen
A64: Kt | B64: 3600 | C64: 4300 | D64: 5000 | E64: 5650 | F64: 6350 | G64: 7050 | H64: 7700 | I64: 8400
A65: -10 | B65: =B66*140% -> 5040 | C65: =C66*140% -> 6020 | D65: =D66*140% -> 7000 | E65: =E66*140% -> 7910 | F65: =F66*140% -> 8890 | G65: =G66*140% -> 9870 | H65: =H66*140% -> 10780 | I65: =I66*140% -> 11760 | K65: Tailwind=4% extra per kt tailwind
A66: 0 | B66: 3600 | C66: 4300 | D66: 5000 | E66: 5650 | F66: 6350 | G66: 7050 | H66: 7700 | I66: 8400
A67: 5 | B67: 3500 | C67: 4200 | D67: 4900 | E67: 5550 | F67: 6200 | G67: 6900 | H67: 7600 | I67: 8200
A68: 10 | B68: 3400 | C68: 4100 | D68: 4750 | E68: 5400 | F68: 6050 | G68: 6700 | H68: 7400 | I68: 8000
A69: 15 | B69: 3300 | C69: 3950 | D69: 4600 | E69: 5250 | F69: 5900 | G69: 6550 | H69: 7200 | I69: 7800
A70: 20 | B70: 3200 | C70: 3830 | D70: 4500 | E70: 5100 | F70: 5750 | G70: 6400 | H70: 7000 | I70: 7600
A71: 30 | B71: 2950 | C71: 3600 | D71: 4200 | E71: 4900 | F71: 5400 | G71: 6000 | H71: 6600 | I71: 7200
B73: x_n: | C73: =C61 -> 5518.27 | D73: Table size | J73: x_n: | K73: =K61 -> 5265.47 | L73: Table size | R73: x_n: | S73: =S61 -> 4893.07 | T73: Table size | Z73: x_n: | AA73: =AA61 -> 4617.98 | AB73: Table size | AH73: x_n: | AI73: =AI61 -> 4534.59 | AJ73: Table size | AP73: x_n: | AQ73: =AQ61 -> 4459.43 | AR73: Table size | AX73: x_n: | AY73: =AY61 -> #N/A | AZ73: Table size
B74: x1_n: | C74: {=INDEX($B$64:$I$64,MATCH(C73,$B$64:$I$64,1))} -> 5000 | D74: Rows: | E74: =MATCH(MAX($A$65:$A$71),$A$65:$A$71,1) -> 7 | J74: x1_n: | K74: {=INDEX($B$64:$I$64,MATCH(K73,$B$64:$I$64,1))} -> 5000 | L74: Rows: | M74: =MATCH(MAX($A$65:$A$71),$A$65:$A$71,1) -> 7 | R74: x1_n: | S74: {=INDEX($B$64:$I$64,MATCH(S73,$B$64:$I$64,1))} -> 4300 | T74: Rows: | U74: =MATCH(MAX($A$65:$A$71),$A$65:$A$71,1) -> 7 | Z74: x1_n: | AA74: {=INDEX($B$64:$I$64,MATCH(AA73,$B$64:$I$64,1))} -> 4300 | AB74: Rows: | AC74: =MATCH(MAX($A$65:$A$71),$A$65:$A$71,1) -> 7 | AH74: x1_n: | AI74: {=INDEX($B$64:$I$64,MATCH(AI73,$B$64:$I$64,1))} -> 4300 | AJ74: Rows: | AK74: =MATCH(MAX($A$65:$A$71),$A$65:$A$71,1) -> 7 | AP74: x1_n: | AQ74: {=INDEX($B$64:$I$64,MATCH(AQ73,$B$64:$I$64,1))} -> 4300 | AR74: Rows: | AS74: =MATCH(MAX($A$65:$A$71),$A$65:$A$71,1) -> 7 | AX74: x1_n: | AY74: {=INDEX($B$64:$I$64,MATCH(AY73,$B$64:$I$64,1))} -> #N/A | AZ74: Rows: | BA74: =MATCH(MAX($A$65:$A$71),$A$65:$A$71,1) -> 7
B75: x2_n: | C75: {=INDEX($B$64:$I$64,IF(MATCH(C73,$B$64:$I$64,1)<E75,MATCH(C73,$B$64:$I$64,1)+1,MATCH(C73,$B$64:$I$64,1)))} -> 5650 | D75: Columns: | E75: =MATCH(MAX($B$64:$I$64),$B$64:$I$64,0) -> 8 | J75: x2_n: | K75: {=INDEX($B$64:$I$64,IF(MATCH(K73,$B$64:$I$64,1)<M75,MATCH(K73,$B$64:$I$64,1)+1,MATCH(K73,$B$64:$I$64,1)))} -> 5650 | L75: Columns: | M75: =MATCH(MAX($B$64:$I$64),$B$64:$I$64,0) -> 8 | R75: x2_n: | S75: {=INDEX($B$64:$I$64,IF(MATCH(S73,$B$64:$I$64,1)<U75,MATCH(S73,$B$64:$I$64,1)+1,MATCH(S73,$B$64:$I$64,1)))} -> 5000 | T75: Columns: | U75: =MATCH(MAX($B$64:$I$64),$B$64:$I$64,0) -> 8 | Z75: x2_n: | AA75: {=INDEX($B$64:$I$64,IF(MATCH(AA73,$B$64:$I$64,1)<AC75,MATCH(AA73,$B$64:$I$64,1)+1,MATCH(AA73,$B$64:$I$64,1)))} -> 5000 | AB75: Columns: | AC75: =MATCH(MAX($B$64:$I$64),$B$64:$I$64,0) -> 8 | AH75: x2_n: | AI75: {=INDEX($B$64:$I$64,IF(MATCH(AI73,$B$64:$I$64,1)<AK75,MATCH(AI73,$B$64:$I$64,1)+1,MATCH(AI73,$B$64:$I$64,1)))} -> 5000 | AJ75: Columns: | AK75: =MATCH(MAX($B$64:$I$64),$B$64:$I$64,0) -> 8 | AP75: x2_n: | AQ75: {=INDEX($B$64:$I$64,IF(MATCH(AQ73,$B$64:$I$64,1)<AS75,MATCH(AQ73,$B$64:$I$64,1)+1,MATCH(AQ73,$B$64:$I$64,1)))} -> 5000 | AR75: Columns: | AS75: =MATCH(MAX($B$64:$I$64),$B$64:$I$64,0) -> 8 | AX75: x2_n: | AY75: {=INDEX($B$64:$I$64,IF(MATCH(AY73,$B$64:$I$64,1)<BA75,MATCH(AY73,$B$64:$I$64,1)+1,MATCH(AY73,$B$64:$I$64,1)))} -> #N/A | AZ75: Columns: | BA75: =MATCH(MAX($B$64:$I$64),$B$64:$I$64,0) -> 8
B76: y_n: | C76: ='Take-off'!$C$24 -> -2.394141 | J76: y_n: | K76: ='Take-off'!$C$24 -> -2.394141 | R76: y_n: | S76: ='Take-off'!$C$24 -> -2.394141 | Z76: y_n: | AA76: ='Take-off'!$C$24 -> -2.394141 | AH76: y_n: | AI76: ='Take-off'!$C$24 -> -2.394141 | AP76: y_n: | AQ76: ='Take-off'!$C$24 -> -2.394141 | AX76: y_n: | AY76: ='Take-off'!$C$24 -> -2.394141
B77: n1: | C77: {=INDEX($A$65:$A$71,MATCH(C76,$A$65:$A$71,1))} -> -10 | J77: n1: | K77: {=INDEX($A$65:$A$71,MATCH(K76,$A$65:$A$71,1))} -> -10 | R77: n1: | S77: {=INDEX($A$65:$A$71,MATCH(S76,$A$65:$A$71,1))} -> -10 | Z77: n1: | AA77: {=INDEX($A$65:$A$71,MATCH(AA76,$A$65:$A$71,1))} -> -10 | AH77: n1: | AI77: {=INDEX($A$65:$A$71,MATCH(AI76,$A$65:$A$71,1))} -> -10 | AP77: n1: | AQ77: {=INDEX($A$65:$A$71,MATCH(AQ76,$A$65:$A$71,1))} -> -10 | AX77: n1: | AY77: {=INDEX($A$65:$A$71,MATCH(AY76,$A$65:$A$71,1))} -> -10
B78: n2: | C78: {=INDEX($A$65:$A$71,IF(MATCH(C76,$A$65:$A$71,1)<E74,MATCH(C76,$A$65:$A$71,1)+1,MATCH(C76,$A$65:$A$71,1)))} -> 0 | J78: n2: | K78: {=INDEX($A$65:$A$71,IF(MATCH(K76,$A$65:$A$71,1)<M74,MATCH(K76,$A$65:$A$71,1)+1,MATCH(K76,$A$65:$A$71,1)))} -> 0 | R78: n2: | S78: {=INDEX($A$65:$A$71,IF(MATCH(S76,$A$65:$A$71,1)<U74,MATCH(S76,$A$65:$A$71,1)+1,MATCH(S76,$A$65:$A$71,1)))} -> 0 | Z78: n2: | AA78: {=INDEX($A$65:$A$71,IF(MATCH(AA76,$A$65:$A$71,1)<AC74,MATCH(AA76,$A$65:$A$71,1)+1,MATCH(AA76,$A$65:$A$71,1)))} -> 0 | AH78: n2: | AI78: {=INDEX($A$65:$A$71,IF(MATCH(AI76,$A$65:$A$71,1)<AK74,MATCH(AI76,$A$65:$A$71,1)+1,MATCH(AI76,$A$65:$A$71,1)))} -> 0 | AP78: n2: | AQ78: {=INDEX($A$65:$A$71,IF(MATCH(AQ76,$A$65:$A$71,1)<AS74,MATCH(AQ76,$A$65:$A$71,1)+1,MATCH(AQ76,$A$65:$A$71,1)))} -> 0 | AX78: n2: | AY78: {=INDEX($A$65:$A$71,IF(MATCH(AY76,$A$65:$A$71,1)<BA74,MATCH(AY76,$A$65:$A$71,1)+1,MATCH(AY76,$A$65:$A$71,1)))} -> 0
B79: y1_n1: | C79: {=INDEX($B$65:$I$71,MATCH(C76,$A$65:$A$71,1),MATCH(C73,$B$64:$I$64,1))} -> 7000 | J79: y1_n1: | K79: {=INDEX($B$65:$I$71,MATCH(K76,$A$65:$A$71,1),MATCH(K73,$B$64:$I$64,1))} -> 7000 | R79: y1_n1: | S79: {=INDEX($B$65:$I$71,MATCH(S76,$A$65:$A$71,1),MATCH(S73,$B$64:$I$64,1))} -> 6020 | Z79: y1_n1: | AA79: {=INDEX($B$65:$I$71,MATCH(AA76,$A$65:$A$71,1),MATCH(AA73,$B$64:$I$64,1))} -> 6020 | AH79: y1_n1: | AI79: {=INDEX($B$65:$I$71,MATCH(AI76,$A$65:$A$71,1),MATCH(AI73,$B$64:$I$64,1))} -> 6020 | AP79: y1_n1: | AQ79: {=INDEX($B$65:$I$71,MATCH(AQ76,$A$65:$A$71,1),MATCH(AQ73,$B$64:$I$64,1))} -> 6020 | AX79: y1_n1: | AY79: {=INDEX($B$65:$I$71,MATCH(AY76,$A$65:$A$71,1),MATCH(AY73,$B$64:$I$64,1))} -> #N/A
B80: y2_n1: | C80: {=INDEX($B$65:$I$71,MATCH(C76,$A$65:$A$71,1),IF(MATCH(C73,$B$64:$I$64,1)<E75,MATCH(C73,$B$64:$I$64,1)+1,MATCH(C76,$A$65:$A$71,1)))} -> 7910 | J80: y2_n1: | K80: {=INDEX($B$65:$I$71,MATCH(K76,$A$65:$A$71,1),IF(MATCH(K73,$B$64:$I$64,1)<M75,MATCH(K73,$B$64:$I$64,1)+1,MATCH(K76,$A$65:$A$71,1)))} -> 7910 | R80: y2_n1: | S80: {=INDEX($B$65:$I$71,MATCH(S76,$A$65:$A$71,1),IF(MATCH(S73,$B$64:$I$64,1)<U75,MATCH(S73,$B$64:$I$64,1)+1,MATCH(S76,$A$65:$A$71,1)))} -> 7000 | Z80: y2_n1: | AA80: {=INDEX($B$65:$I$71,MATCH(AA76,$A$65:$A$71,1),IF(MATCH(AA73,$B$64:$I$64,1)<AC75,MATCH(AA73,$B$64:$I$64,1)+1,MATCH(AA76,$A$65:$A$71,1)))} -> 7000 | AH80: y2_n1: | AI80: {=INDEX($B$65:$I$71,MATCH(AI76,$A$65:$A$71,1),IF(MATCH(AI73,$B$64:$I$64,1)<AK75,MATCH(AI73,$B$64:$I$64,1)+1,MATCH(AI76,$A$65:$A$71,1)))} -> 7000 | AP80: y2_n1: | AQ80: {=INDEX($B$65:$I$71,MATCH(AQ76,$A$65:$A$71,1),IF(MATCH(AQ73,$B$64:$I$64,1)<AS75,MATCH(AQ73,$B$64:$I$64,1)+1,MATCH(AQ76,$A$65:$A$71,1)))} -> 7000 | AX80: y2_n1: | AY80: {=INDEX($B$65:$I$71,MATCH(AY76,$A$65:$A$71,1),IF(MATCH(AY73,$B$64:$I$64,1)<BA75,MATCH(AY73,$B$64:$I$64,1)+1,MATCH(AY76,$A$65:$A$71,1)))} -> #N/A
B81: y1_n2: | C81: {=INDEX($B$65:$I$71,IF(MATCH(C76,$A$65:$A$71,1)<E74,MATCH(C76,$A$65:$A$71,1)+1,MATCH(C76,$A$65:$A$71,1)),MATCH(C73,$B$64:$I$64,1))} -> 5000 | J81: y1_n2: | K81: {=INDEX($B$65:$I$71,IF(MATCH(K76,$A$65:$A$71,1)<M74,MATCH(K76,$A$65:$A$71,1)+1,MATCH(K76,$A$65:$A$71,1)),MATCH(K73,$B$64:$I$64,1))} -> 5000 | R81: y1_n2: | S81: {=INDEX($B$65:$I$71,IF(MATCH(S76,$A$65:$A$71,1)<U74,MATCH(S76,$A$65:$A$71,1)+1,MATCH(S76,$A$65:$A$71,1)),MATCH(S73,$B$64:$I$64,1))} -> 4300 | Z81: y1_n2: | AA81: {=INDEX($B$65:$I$71,IF(MATCH(AA76,$A$65:$A$71,1)<AC74,MATCH(AA76,$A$65:$A$71,1)+1,MATCH(AA76,$A$65:$A$71,1)),MATCH(AA73,$B$64:$I$64,1))} -> 4300 | AH81: y1_n2: | AI81: {=INDEX($B$65:$I$71,IF(MATCH(AI76,$A$65:$A$71,1)<AK74,MATCH(AI76,$A$65:$A$71,1)+1,MATCH(AI76,$A$65:$A$71,1)),MATCH(AI73,$B$64:$I$64,1))} -> 4300 | AP81: y1_n2: | AQ81: {=INDEX($B$65:$I$71,IF(MATCH(AQ76,$A$65:$A$71,1)<AS74,MATCH(AQ76,$A$65:$A$71,1)+1,MATCH(AQ76,$A$65:$A$71,1)),MATCH(AQ73,$B$64:$I$64,1))} -> 4300 | AX81: y1_n2: | AY81: {=INDEX($B$65:$I$71,IF(MATCH(AY76,$A$65:$A$71,1)<BA74,MATCH(AY76,$A$65:$A$71,1)+1,MATCH(AY76,$A$65:$A$71,1)),MATCH(AY73,$B$64:$I$64,1))} -> #N/A
B82: y2_n2: | C82: {=INDEX($B$65:$I$71,IF(MATCH(C76,$A$65:$A$71,1)<E74,MATCH(C76,$A$65:$A$71,1)+1,MATCH(C76,$A$65:$A$71,1)),IF(MATCH(C73,$B$64:$I$64,1)<E75,MATCH(C73,$B$64:$I$64,1)+1,MATCH(C73,$B$64:$I$64,1)))} -> 5650 | J82: y2_n2: | K82: {=INDEX($B$65:$I$71,IF(MATCH(K76,$A$65:$A$71,1)<M74,MATCH(K76,$A$65:$A$71,1)+1,MATCH(K76,$A$65:$A$71,1)),IF(MATCH(K73,$B$64:$I$64,1)<M75,MATCH(K73,$B$64:$I$64,1)+1,MATCH(K73,$B$64:$I$64,1)))} -> 5650 | R82: y2_n2: | S82: {=INDEX($B$65:$I$71,IF(MATCH(S76,$A$65:$A$71,1)<U74,MATCH(S76,$A$65:$A$71,1)+1,MATCH(S76,$A$65:$A$71,1)),IF(MATCH(S73,$B$64:$I$64,1)<U75,MATCH(S73,$B$64:$I$64,1)+1,MATCH(S73,$B$64:$I$64,1)))} -> 5000 | Z82: y2_n2: | AA82: {=INDEX($B$65:$I$71,IF(MATCH(AA76,$A$65:$A$71,1)<AC74,MATCH(AA76,$A$65:$A$71,1)+1,MATCH(AA76,$A$65:$A$71,1)),IF(MATCH(AA73,$B$64:$I$64,1)<AC75,MATCH(AA73,$B$64:$I$64,1)+1,MATCH(AA73,$B$64:$I$64,1)))} -> 5000 | AH82: y2_n2: | AI82: {=INDEX($B$65:$I$71,IF(MATCH(AI76,$A$65:$A$71,1)<AK74,MATCH(AI76,$A$65:$A$71,1)+1,MATCH(AI76,$A$65:$A$71,1)),IF(MATCH(AI73,$B$64:$I$64,1)<AK75,MATCH(AI73,$B$64:$I$64,1)+1,MATCH(AI73,$B$64:$I$64,1)))} -> 5000 | AP82: y2_n2: | AQ82: {=INDEX($B$65:$I$71,IF(MATCH(AQ76,$A$65:$A$71,1)<AS74,MATCH(AQ76,$A$65:$A$71,1)+1,MATCH(AQ76,$A$65:$A$71,1)),IF(MATCH(AQ73,$B$64:$I$64,1)<AS75,MATCH(AQ73,$B$64:$I$64,1)+1,MATCH(AQ73,$B$64:$I$64,1)))} -> 5000 | AX82: y2_n2: | AY82: {=INDEX($B$65:$I$71,IF(MATCH(AY76,$A$65:$A$71,1)<BA74,MATCH(AY76,$A$65:$A$71,1)+1,MATCH(AY76,$A$65:$A$71,1)),IF(MATCH(AY73,$B$64:$I$64,1)<BA75,MATCH(AY73,$B$64:$I$64,1)+1,MATCH(AY73,$B$64:$I$64,1)))} -> #N/A
B83: y_n1: | C83: =IFERROR(C79+(C73-C74)*(C80-C79)/(C75-C74),C79) -> 7725.578 | J83: y_n1: | K83: =IFERROR(K79+(K73-K74)*(K80-K79)/(K75-K74),K79) -> 7371.658 | R83: y_n1: | S83: =IFERROR(S79+(S73-S74)*(S80-S79)/(S75-S74),S79) -> 6850.298 | Z83: y_n1: | AA83: =IFERROR(AA79+(AA73-AA74)*(AA80-AA79)/(AA75-AA74),AA79) -> 6465.172 | AH83: y_n1: | AI83: =IFERROR(AI79+(AI73-AI74)*(AI80-AI79)/(AI75-AI74),AI79) -> 6348.426 | AP83: y_n1: | AQ83: =IFERROR(AQ79+(AQ73-AQ74)*(AQ80-AQ79)/(AQ75-AQ74),AQ79) -> 6243.202 | AX83: y_n1: | AY83: =IFERROR(AY79+(AY73-AY74)*(AY80-AY79)/(AY75-AY74),AY79) -> #N/A
B84: y_n2: | C84: =IFERROR(C81+(C73-C74)*(C82-C81)/(C75-C74),C81) -> 5518.27 | J84: y_n2: | K84: =IFERROR(K81+(K73-K74)*(K82-K81)/(K75-K74),K81) -> 5265.47 | R84: y_n2: | S84: =IFERROR(S81+(S73-S74)*(S82-S81)/(S75-S74),S81) -> 4893.07 | Z84: y_n2: | AA84: =IFERROR(AA81+(AA73-AA74)*(AA82-AA81)/(AA75-AA74),AA81) -> 4617.98 | AH84: y_n2: | AI84: =IFERROR(AI81+(AI73-AI74)*(AI82-AI81)/(AI75-AI74),AI81) -> 4534.59 | AP84: y_n2: | AQ84: =IFERROR(AQ81+(AQ73-AQ74)*(AQ82-AQ81)/(AQ75-AQ74),AQ81) -> 4459.43 | AX84: y_n2: | AY84: =IFERROR(AY81+(AY73-AY74)*(AY82-AY81)/(AY75-AY74),AY81) -> #N/A
B85: Distance | C85: =IFERROR(C83+(C76-C77)*(C84-C83)/(C78-C77),C83) -> 6046.7307 | J85: Distance | K85: =IFERROR(K83+(K76-K77)*(K84-K83)/(K78-K77),K83) -> 5769.7211 | R85: Distance | S85: =IFERROR(S83+(S76-S77)*(S84-S83)/(S78-S77),S83) -> 5361.658 | Z85: Distance | AA85: =IFERROR(AA83+(AA76-AA77)*(AA84-AA83)/(AA78-AA77),AA83) -> 5060.2238 | AH85: Distance | AI85: =IFERROR(AI83+(AI76-AI77)*(AI84-AI83)/(AI78-AI77),AI83) -> 4968.8479 | AP85: Distance | AQ85: =IFERROR(AQ83+(AQ76-AQ77)*(AQ84-AQ83)/(AQ78-AQ77),AQ83) -> 4886.4902 | AX85: Distance | AY85: =IFERROR(AY83+(AY76-AY77)*(AY84-AY83)/(AY78-AY77),AY83) -> #N/A
A87: Anti-skid off | B87: TOFL ( ft) - Varje brytpunkt i grafen
A88: % | B88: 2800 | C88: 3800 | D88: 4800 | E88: 5800 | F88: 6800 | G88: 7800 | H88: 8800 | I88: 9800
A89: 0 | B89: 3000 | C89: 4000 | D89: 5100 | E89: 6150 | F89: 7200 | G89: 8300 | H89: 9350 | I89: 10400
B91: x_n: | C91: =C85 -> 6046.7307 | D91: Table size | J91: x_n: | K91: =K85 -> 5769.7211 | L91: Table size | R91: x_n: | S91: =S85 -> 5361.658 | T91: Table size | Z91: x_n: | AA91: =AA85 -> 5060.2238 | AB91: Table size | AH91: x_n: | AI91: =AI85 -> 4968.8479 | AJ91: Table size | AP91: x_n: | AQ91: =AQ85 -> 4886.4902 | AR91: Table size | AX91: x_n: | AY91: =AY85 -> #N/A | AZ91: Table size
B92: x1_n: | C92: {=INDEX($B$88:$I$88,MATCH(C91,$B$88:$I$88,1))} -> 5800 | D92: Rows: | E92: =MATCH(MAX($A$89),$A$89,1) -> 1 | J92: x1_n: | K92: {=INDEX($B$88:$I$88,MATCH(K91,$B$88:$I$88,1))} -> 4800 | L92: Rows: | M92: =MATCH(MAX($A$89),$A$89,1) -> 1 | R92: x1_n: | S92: {=INDEX($B$88:$I$88,MATCH(S91,$B$88:$I$88,1))} -> 4800 | T92: Rows: | U92: =MATCH(MAX($A$89),$A$89,1) -> 1 | Z92: x1_n: | AA92: {=INDEX($B$88:$I$88,MATCH(AA91,$B$88:$I$88,1))} -> 4800 | AB92: Rows: | AC92: =MATCH(MAX($A$89),$A$89,1) -> 1 | AH92: x1_n: | AI92: {=INDEX($B$88:$I$88,MATCH(AI91,$B$88:$I$88,1))} -> 4800 | AJ92: Rows: | AK92: =MATCH(MAX($A$89),$A$89,1) -> 1 | AP92: x1_n: | AQ92: {=INDEX($B$88:$I$88,MATCH(AQ91,$B$88:$I$88,1))} -> 4800 | AR92: Rows: | AS92: =MATCH(MAX($A$89),$A$89,1) -> 1 | AX92: x1_n: | AY92: {=INDEX($B$88:$I$88,MATCH(AY91,$B$88:$I$88,1))} -> #N/A | AZ92: Rows: | BA92: =MATCH(MAX($A$89),$A$89,1) -> 1
B93: x2_n: | C93: {=INDEX($B$88:$I$88,IF(MATCH(C91,$B$88:$I$88,1)<E93,MATCH(C91,$B$88:$I$88,1)+1,MATCH(C91,$B$88:$I$88,1)))} -> 6800 | D93: Columns: | E93: =MATCH(MAX($B$88:$I$88),$B$88:$I$88,0) -> 8 | J93: x2_n: | K93: {=INDEX($B$88:$I$88,IF(MATCH(K91,$B$88:$I$88,1)<M93,MATCH(K91,$B$88:$I$88,1)+1,MATCH(K91,$B$88:$I$88,1)))} -> 5800 | L93: Columns: | M93: =MATCH(MAX($B$88:$I$88),$B$88:$I$88,0) -> 8 | R93: x2_n: | S93: {=INDEX($B$88:$I$88,IF(MATCH(S91,$B$88:$I$88,1)<U93,MATCH(S91,$B$88:$I$88,1)+1,MATCH(S91,$B$88:$I$88,1)))} -> 5800 | T93: Columns: | U93: =MATCH(MAX($B$88:$I$88),$B$88:$I$88,0) -> 8 | Z93: x2_n: | AA93: {=INDEX($B$88:$I$88,IF(MATCH(AA91,$B$88:$I$88,1)<AC93,MATCH(AA91,$B$88:$I$88,1)+1,MATCH(AA91,$B$88:$I$88,1)))} -> 5800 | AB93: Columns: | AC93: =MATCH(MAX($B$88:$I$88),$B$88:$I$88,0) -> 8 | AH93: x2_n: | AI93: {=INDEX($B$88:$I$88,IF(MATCH(AI91,$B$88:$I$88,1)<AK93,MATCH(AI91,$B$88:$I$88,1)+1,MATCH(AI91,$B$88:$I$88,1)))} -> 5800 | AJ93: Columns: | AK93: =MATCH(MAX($B$88:$I$88),$B$88:$I$88,0) -> 8 | AP93: x2_n: | AQ93: {=INDEX($B$88:$I$88,IF(MATCH(AQ91,$B$88:$I$88,1)<AS93,MATCH(AQ91,$B$88:$I$88,1)+1,MATCH(AQ91,$B$88:$I$88,1)))} -> 5800 | AR93: Columns: | AS93: =MATCH(MAX($B$88:$I$88),$B$88:$I$88,0) -> 8 | AX93: x2_n: | AY93: {=INDEX($B$88:$I$88,IF(MATCH(AY91,$B$88:$I$88,1)<BA93,MATCH(AY91,$B$88:$I$88,1)+1,MATCH(AY91,$B$88:$I$88,1)))} -> #N/A | AZ93: Columns: | BA93: =MATCH(MAX($B$88:$I$88),$B$88:$I$88,0) -> 8
B94: y_n: | C94: 0 | J94: y_n: | K94: 0 | R94: y_n: | S94: 0 | Z94: y_n: | AA94: 0 | AH94: y_n: | AI94: 0 | AP94: y_n: | AQ94: 0 | AX94: y_n: | AY94: 0
B95: n1: | C95: {=INDEX($A$89,MATCH(C94,$A$89,1))} -> 0 | J95: n1: | K95: {=INDEX($A$89,MATCH(K94,$A$89,1))} -> 0 | R95: n1: | S95: {=INDEX($A$89,MATCH(S94,$A$89,1))} -> 0 | Z95: n1: | AA95: {=INDEX($A$89,MATCH(AA94,$A$89,1))} -> 0 | AH95: n1: | AI95: {=INDEX($A$89,MATCH(AI94,$A$89,1))} -> 0 | AP95: n1: | AQ95: {=INDEX($A$89,MATCH(AQ94,$A$89,1))} -> 0 | AX95: n1: | AY95: {=INDEX($A$89,MATCH(AY94,$A$89,1))} -> 0
B96: n2: | C96: {=INDEX($A$89,IF(MATCH(C94,$A$89,1)<E92,MATCH(C94,$A$89,1)+1,MATCH(C94,$A$89,1)))} -> 0 | J96: n2: | K96: {=INDEX($A$89,IF(MATCH(K94,$A$89,1)<M92,MATCH(K94,$A$89,1)+1,MATCH(K94,$A$89,1)))} -> 0 | R96: n2: | S96: {=INDEX($A$89,IF(MATCH(S94,$A$89,1)<U92,MATCH(S94,$A$89,1)+1,MATCH(S94,$A$89,1)))} -> 0 | Z96: n2: | AA96: {=INDEX($A$89,IF(MATCH(AA94,$A$89,1)<AC92,MATCH(AA94,$A$89,1)+1,MATCH(AA94,$A$89,1)))} -> 0 | AH96: n2: | AI96: {=INDEX($A$89,IF(MATCH(AI94,$A$89,1)<AK92,MATCH(AI94,$A$89,1)+1,MATCH(AI94,$A$89,1)))} -> 0 | AP96: n2: | AQ96: {=INDEX($A$89,IF(MATCH(AQ94,$A$89,1)<AS92,MATCH(AQ94,$A$89,1)+1,MATCH(AQ94,$A$89,1)))} -> 0 | AX96: n2: | AY96: {=INDEX($A$89,IF(MATCH(AY94,$A$89,1)<BA92,MATCH(AY94,$A$89,1)+1,MATCH(AY94,$A$89,1)))} -> 0
B97: y1_n1: | C97: {=INDEX($B$89:$I$89,MATCH(C94,$A$89,1),MATCH(C91,$B$88:$I$88,1))} -> 6150 | J97: y1_n1: | K97: {=INDEX($B$89:$I$89,MATCH(K94,$A$89,1),MATCH(K91,$B$88:$I$88,1))} -> 5100 | R97: y1_n1: | S97: {=INDEX($B$89:$I$89,MATCH(S94,$A$89,1),MATCH(S91,$B$88:$I$88,1))} -> 5100 | Z97: y1_n1: | AA97: {=INDEX($B$89:$I$89,MATCH(AA94,$A$89,1),MATCH(AA91,$B$88:$I$88,1))} -> 5100 | AH97: y1_n1: | AI97: {=INDEX($B$89:$I$89,MATCH(AI94,$A$89,1),MATCH(AI91,$B$88:$I$88,1))} -> 5100 | AP97: y1_n1: | AQ97: {=INDEX($B$89:$I$89,MATCH(AQ94,$A$89,1),MATCH(AQ91,$B$88:$I$88,1))} -> 5100 | AX97: y1_n1: | AY97: {=INDEX($B$89:$I$89,MATCH(AY94,$A$89,1),MATCH(AY91,$B$88:$I$88,1))} -> #N/A
B98: y2_n1: | C98: {=INDEX($B$89:$I$89,MATCH(C94,$A$89,1),IF(MATCH(C91,$B$88:$I$88,1)<E93,MATCH(C91,$B$88:$I$88,1)+1,MATCH(C94,$A$89,1)))} -> 7200 | J98: y2_n1: | K98: {=INDEX($B$89:$I$89,MATCH(K94,$A$89,1),IF(MATCH(K91,$B$88:$I$88,1)<M93,MATCH(K91,$B$88:$I$88,1)+1,MATCH(K94,$A$89,1)))} -> 6150 | R98: y2_n1: | S98: {=INDEX($B$89:$I$89,MATCH(S94,$A$89,1),IF(MATCH(S91,$B$88:$I$88,1)<U93,MATCH(S91,$B$88:$I$88,1)+1,MATCH(S94,$A$89,1)))} -> 6150 | Z98: y2_n1: | AA98: {=INDEX($B$89:$I$89,MATCH(AA94,$A$89,1),IF(MATCH(AA91,$B$88:$I$88,1)<AC93,MATCH(AA91,$B$88:$I$88,1)+1,MATCH(AA94,$A$89,1)))} -> 6150 | AH98: y2_n1: | AI98: {=INDEX($B$89:$I$89,MATCH(AI94,$A$89,1),IF(MATCH(AI91,$B$88:$I$88,1)<AK93,MATCH(AI91,$B$88:$I$88,1)+1,MATCH(AI94,$A$89,1)))} -> 6150 | AP98: y2_n1: | AQ98: {=INDEX($B$89:$I$89,MATCH(AQ94,$A$89,1),IF(MATCH(AQ91,$B$88:$I$88,1)<AS93,MATCH(AQ91,$B$88:$I$88,1)+1,MATCH(AQ94,$A$89,1)))} -> 6150 | AX98: y2_n1: | AY98: {=INDEX($B$89:$I$89,MATCH(AY94,$A$89,1),IF(MATCH(AY91,$B$88:$I$88,1)<BA93,MATCH(AY91,$B$88:$I$88,1)+1,MATCH(AY94,$A$89,1)))} -> #N/A
B99: y1_n2: | C99: {=INDEX($B$89:$I$89,IF(MATCH(C94,$A$89,1)<E92,MATCH(C94,$A$89,1)+1,MATCH(C94,$A$89,1)),MATCH(C91,$B$88:$I$88,1))} -> 6150 | J99: y1_n2: | K99: {=INDEX($B$89:$I$89,IF(MATCH(K94,$A$89,1)<M92,MATCH(K94,$A$89,1)+1,MATCH(K94,$A$89,1)),MATCH(K91,$B$88:$I$88,1))} -> 5100 | R99: y1_n2: | S99: {=INDEX($B$89:$I$89,IF(MATCH(S94,$A$89,1)<U92,MATCH(S94,$A$89,1)+1,MATCH(S94,$A$89,1)),MATCH(S91,$B$88:$I$88,1))} -> 5100 | Z99: y1_n2: | AA99: {=INDEX($B$89:$I$89,IF(MATCH(AA94,$A$89,1)<AC92,MATCH(AA94,$A$89,1)+1,MATCH(AA94,$A$89,1)),MATCH(AA91,$B$88:$I$88,1))} -> 5100 | AH99: y1_n2: | AI99: {=INDEX($B$89:$I$89,IF(MATCH(AI94,$A$89,1)<AK92,MATCH(AI94,$A$89,1)+1,MATCH(AI94,$A$89,1)),MATCH(AI91,$B$88:$I$88,1))} -> 5100 | AP99: y1_n2: | AQ99: {=INDEX($B$89:$I$89,IF(MATCH(AQ94,$A$89,1)<AS92,MATCH(AQ94,$A$89,1)+1,MATCH(AQ94,$A$89,1)),MATCH(AQ91,$B$88:$I$88,1))} -> 5100 | AX99: y1_n2: | AY99: {=INDEX($B$89:$I$89,IF(MATCH(AY94,$A$89,1)<BA92,MATCH(AY94,$A$89,1)+1,MATCH(AY94,$A$89,1)),MATCH(AY91,$B$88:$I$88,1))} -> #N/A
B100: y2_n2: | C100: {=INDEX($B$89:$I$89,IF(MATCH(C94,$A$89,1)<E92,MATCH(C94,$A$89,1)+1,MATCH(C94,$A$89,1)),IF(MATCH(C91,$B$88:$I$88,1)<E93,MATCH(C91,$B$88:$I$88,1)+1,MATCH(C91,$B$88:$I$88,1)))} -> 7200 | J100: y2_n2: | K100: {=INDEX($B$89:$I$89,IF(MATCH(K94,$A$89,1)<M92,MATCH(K94,$A$89,1)+1,MATCH(K94,$A$89,1)),IF(MATCH(K91,$B$88:$I$88,1)<M93,MATCH(K91,$B$88:$I$88,1)+1,MATCH(K91,$B$88:$I$88,1)))} -> 6150 | R100: y2_n2: | S100: {=INDEX($B$89:$I$89,IF(MATCH(S94,$A$89,1)<U92,MATCH(S94,$A$89,1)+1,MATCH(S94,$A$89,1)),IF(MATCH(S91,$B$88:$I$88,1)<U93,MATCH(S91,$B$88:$I$88,1)+1,MATCH(S91,$B$88:$I$88,1)))} -> 6150 | Z100: y2_n2: | AA100: {=INDEX($B$89:$I$89,IF(MATCH(AA94,$A$89,1)<AC92,MATCH(AA94,$A$89,1)+1,MATCH(AA94,$A$89,1)),IF(MATCH(AA91,$B$88:$I$88,1)<AC93,MATCH(AA91,$B$88:$I$88,1)+1,MATCH(AA91,$B$88:$I$88,1)))} -> 6150 | AH100: y2_n2: | AI100: {=INDEX($B$89:$I$89,IF(MATCH(AI94,$A$89,1)<AK92,MATCH(AI94,$A$89,1)+1,MATCH(AI94,$A$89,1)),IF(MATCH(AI91,$B$88:$I$88,1)<AK93,MATCH(AI91,$B$88:$I$88,1)+1,MATCH(AI91,$B$88:$I$88,1)))} -> 6150 | AP100: y2_n2: | AQ100: {=INDEX($B$89:$I$89,IF(MATCH(AQ94,$A$89,1)<AS92,MATCH(AQ94,$A$89,1)+1,MATCH(AQ94,$A$89,1)),IF(MATCH(AQ91,$B$88:$I$88,1)<AS93,MATCH(AQ91,$B$88:$I$88,1)+1,MATCH(AQ91,$B$88:$I$88,1)))} -> 6150 | AX100: y2_n2: | AY100: {=INDEX($B$89:$I$89,IF(MATCH(AY94,$A$89,1)<BA92,MATCH(AY94,$A$89,1)+1,MATCH(AY94,$A$89,1)),IF(MATCH(AY91,$B$88:$I$88,1)<BA93,MATCH(AY91,$B$88:$I$88,1)+1,MATCH(AY91,$B$88:$I$88,1)))} -> #N/A
B101: y_n1: | C101: =IFERROR(C97+(C91-C92)*(C98-C97)/(C93-C92),C97) -> 6409.0672 | J101: y_n1: | K101: =IFERROR(K97+(K91-K92)*(K98-K97)/(K93-K92),K97) -> 6118.2072 | R101: y_n1: | S101: =IFERROR(S97+(S91-S92)*(S98-S97)/(S93-S92),S97) -> 5689.7409 | Z101: y_n1: | AA101: =IFERROR(AA97+(AA91-AA92)*(AA98-AA97)/(AA93-AA92),AA97) -> 5373.235 | AH101: y_n1: | AI101: =IFERROR(AI97+(AI91-AI92)*(AI98-AI97)/(AI93-AI92),AI97) -> 5277.2903 | AP101: y_n1: | AQ101: =IFERROR(AQ97+(AQ91-AQ92)*(AQ98-AQ97)/(AQ93-AQ92),AQ97) -> 5190.8147 | AX101: y_n1: | AY101: =IFERROR(AY97+(AY91-AY92)*(AY98-AY97)/(AY93-AY92),AY97) -> #N/A
B102: y_n2: | C102: =IFERROR(C99+(C91-C92)*(C100-C99)/(C93-C92),C99) -> 6409.0672 | J102: y_n2: | K102: =IFERROR(K99+(K91-K92)*(K100-K99)/(K93-K92),K99) -> 6118.2072 | R102: y_n2: | S102: =IFERROR(S99+(S91-S92)*(S100-S99)/(S93-S92),S99) -> 5689.7409 | Z102: y_n2: | AA102: =IFERROR(AA99+(AA91-AA92)*(AA100-AA99)/(AA93-AA92),AA99) -> 5373.235 | AH102: y_n2: | AI102: =IFERROR(AI99+(AI91-AI92)*(AI100-AI99)/(AI93-AI92),AI99) -> 5277.2903 | AP102: y_n2: | AQ102: =IFERROR(AQ99+(AQ91-AQ92)*(AQ100-AQ99)/(AQ93-AQ92),AQ99) -> 5190.8147 | AX102: y_n2: | AY102: =IFERROR(AY99+(AY91-AY92)*(AY100-AY99)/(AY93-AY92),AY99) -> #N/A
B103: Distance | C103: =IFERROR(C101+(C94-C95)*(C102-C101)/(C96-C95),C101) -> 6409.0672 | J103: Distance | K103: =IFERROR(K101+(K94-K95)*(K102-K101)/(K96-K95),K101) -> 6118.2072 | R103: Distance | S103: =IFERROR(S101+(S94-S95)*(S102-S101)/(S96-S95),S101) -> 5689.7409 | Z103: Distance | AA103: =IFERROR(AA101+(AA94-AA95)*(AA102-AA101)/(AA96-AA95),AA101) -> 5373.235 | AH103: Distance | AI103: =IFERROR(AI101+(AI94-AI95)*(AI102-AI101)/(AI96-AI95),AI101) -> 5277.2903 | AP103: Distance | AQ103: =IFERROR(AQ101+(AQ94-AQ95)*(AQ102-AQ101)/(AQ96-AQ95),AQ101) -> 5190.8147 | AX103: Distance | AY103: =IFERROR(AY101+(AY94-AY95)*(AY102-AY101)/(AY96-AY95),AY101) -> #N/A
B105: There is no correction to V1 with anti-skid off
A106: V1
A107: Wet Runway - flaps take off | I107: Wet Runway - flaps take off | Q107: Wet Runway - flaps take off | Y107: Wet Runway - flaps take off | AG107: Wet Runway - flaps take off | AO107: Wet Runway - flaps take off | AW107: Wet Runway - flaps take off
A108: Aircraft WEIGHT: | I108: Aircraft WEIGHT: | Q108: Aircraft WEIGHT: | Y108: Aircraft WEIGHT: | AG108: Aircraft WEIGHT: | AO108: Aircraft WEIGHT: | AW108: Aircraft WEIGHT:
C109: 16600 | D109: Lbs | K109: 16000 | L109: Lbs | S109: 15000 | T109: Lbs | AA109: 14000 | AB109: Lbs | AI109: 13000 | AJ109: Lbs | AQ109: 12000 | AR109: Lbs | AY109: 13000 | AZ109: Lbs
A110: Ambient Temperature | C110: Field Elevation (ft.) | I110: Ambient Temperature | K110: Field Elevation (ft.) | Q110: Ambient Temperature | S110: Field Elevation (ft.) | Y110: Ambient Temperature | AA110: Field Elevation (ft.) | AG110: Ambient Temperature | AI110: Field Elevation (ft.) | AO110: Ambient Temperature | AQ110: Field Elevation (ft.) | AW110: Ambient Temperature | AY110: Field Elevation (ft.)
...

Sheet Accelerate and GO (2)
B1: Pressure Alt | C1: x_n: | D1: =IF('Take-off'!$C$9="",'Take-off'!$C$16,MAX(0,'Take-off'!$C$16+30*(1013-'Take-off'!$C$9))) -> 770
B2: Temp in calc | C2: y_n: | D2: =IF('Take-off'!C13='Dropdown lists'!B30, 'Take-off'!$C$8+6, 'Take-off'!$C$8) -> 15 | E2: Includes ICE-Vane. Could be disregarded for us
B3: FLAPS UP | O3: FLAPS TAKEOFF | AB3: FLAPS APPROACH
B4: Density altitude | O4: Density altitude | AB4: Density altitude
A5: Temp/PA | B5: -500 | C5: 0 | D5: 1000 | E5: 2000 | F5: 3000 | G5: 4000 | N5: Temp/PA | O5: -500 | P5: 0 | Q5: 1000 | R5: 2000 | S5: 3000 | T5: 4000 | AA5: Temp/PA | AB5: -500 | AC5: 0 | AD5: 1000 | AE5: 2000 | AF5: 3000 | AG5: 4000
A6: -40 | B6: 2000 | C6: 2000 | D6: 2000 | E6: 2200 | F6: 2300 | G6: 99999 | N6: -40 | O6: 2000 | P6: 2000 | Q6: 2000 | R6: 2000 | S6: 2000 | T6: 99999 | AA6: -40 | AB6: 1800 | AC6: 1800 | AD6: 1800 | AE6: 1800 | AF6: 1800 | AG6: 99999
A7: -30 | B7: 2000 | C7: 2000 | D7: 2000 | E7: 2200 | F7: 2300 | G7: 99999 | N7: -30 | O7: 2000 | P7: 2000 | Q7: 2000 | R7: 2000 | S7: 2000 | T7: 99999 | AA7: -30 | AB7: 1800 | AC7: 1800 | AD7: 1800 | AE7: 1800 | AF7: 1800 | AG7: 99999
A8: -20 | B8: 2000 | C8: 2000 | D8: 2000 | E8: 2400 | F8: 2600 | G8: 99999 | N8: -20 | O8: 2000 | P8: 2000 | Q8: 2100 | R8: 2200 | S8: 2400 | T8: 99999 | AA8: -20 | AB8: 1800 | AC8: 1800 | AD8: 1900 | AE8: 2000 | AF8: 2100 | AG8: 99999
A9: -10 | B9: 2300 | C9: 2300 | D9: 2400 | E9: 2600 | F9: 2750 | G9: 99999 | N9: -10 | O9: 2100 | P9: 2100 | Q9: 2200 | R9: 2400 | S9: 2500 | T9: 99999 | AA9: -10 | AB9: 1800 | AC9: 1800 | AD9: 1900 | AE9: 2050 | AF9: 2200 | AG9: 99999
A10: 0 | B10: 2400 | C10: 2400 | D10: 2600 | E10: 2800 | F10: 2900 | G10: 99999 | N10: 0 | O10: 2200 | P10: 2200 | Q10: 2350 | R10: 2500 | S10: 2650 | T10: 99999 | AA10: 0 | AB10: 1950 | AC10: 1950 | AD10: 2100 | AE10: 2200 | AF10: 2300 | AG10: 99999
A11: 10 | B11: 2600 | C11: 2600 | D11: 2800 | E11: 2900 | F11: 3100 | G11: 99999 | N11: 10 | O11: 2400 | P11: 2400 | Q11: 2500 | R11: 2600 | S11: 2800 | T11: 99999 | AA11: 10 | AB11: 2000 | AC11: 2000 | AD11: 2200 | AE11: 2300 | AF11: 2400 | AG11: 99999
A12: 20 | B12: 2800 | C12: 2800 | D12: 2900 | E12: 3000 | F12: 3200 | G12: 99999 | N12: 20 | O12: 2500 | P12: 2500 | Q12: 2650 | R12: 2800 | S12: 3000 | T12: 99999 | AA12: 20 | AB12: 2200 | AC12: 2200 | AD12: 2400 | AE12: 2500 | AF12: 2600 | AG12: 99999
A13: 30 | B13: 2950 | C13: 2950 | D13: 3100 | E13: 3250 | F13: 3500 | G13: 99999 | N13: 30 | O13: 2600 | P13: 2600 | Q13: 2800 | R13: 3000 | S13: 3150 | T13: 99999 | AA13: 30 | AB13: 2300 | AC13: 2300 | AD13: 2400 | AE13: 2600 | AF13: 2800 | AG13: 99999
A14: 40 | B14: 3100 | C14: 3100 | D14: 3230 | E14: 3500 | F14: 3800 | G14: 99999 | N14: 40 | O14: 2800 | P14: 2800 | Q14: 3000 | R14: 3200 | S14: 3500 | T14: 99999 | AA14: 40 | AB14: 2450 | AC14: 2450 | AD14: 2700 | AE14: 2900 | AF14: 3150 | AG14: 99999
A15: 45 | B15: 99999 | C15: 99999 | D15: 99999 | E15: 99999 | F15: 99999 | G15: 99999 | N15: 45 | O15: 99999 | P15: 99999 | Q15: 99999 | R15: 99999 | S15: 99999 | T15: 99999 | AA15: 45 | AB15: 99999 | AC15: 99999 | AD15: 99999 | AE15: 99999 | AF15: 99999 | AG15: 99999
B17: x_n: | C17: =D1 -> 770 | D17: Table size | O17: x_n: | P17: =D1 -> 770 | Q17: Table size | AB17: x_n: | AC17: =D1 -> 770 | AD17: Table size
B18: x1_n: | C18: {=INDEX(B5:G5,MATCH(C17,B5:G5,1))} -> 0 | D18: Rows: | E18: =MATCH(MAX(A6:A15),A6:A15,1) -> 10 | O18: x1_n: | P18: {=INDEX(O5:T5,MATCH(P17,O5:T5,1))} -> 0 | Q18: Rows: | R18: =MATCH(MAX(N6:N15),N6:N15,1) -> 10 | AB18: x1_n: | AC18: {=INDEX(AB5:AG5,MATCH(AC17,AB5:AG5,1))} -> 0 | AD18: Rows: | AE18: =MATCH(MAX(AA6:AA15),AA6:AA15,1) -> 10
B19: x2_n: | C19: {=INDEX(B5:G5,IF(MATCH(C17,B5:G5,1)<E19,MATCH(C17,B5:G5,1)+1,MATCH(C17,B5:G5,1)))} -> 1000 | D19: Columns: | E19: =MATCH(MAX(B5:G5),B5:G5,0) -> 6 | O19: x2_n: | P19: {=INDEX(O5:T5,IF(MATCH(P17,O5:T5,1)<R19,MATCH(P17,O5:T5,1)+1,MATCH(P17,O5:T5,1)))} -> 1000 | Q19: Columns: | R19: =MATCH(MAX(O5:T5),O5:T5,0) -> 6 | AB19: x2_n: | AC19: {=INDEX(AB5:AG5,IF(MATCH(AC17,AB5:AG5,1)<AE19,MATCH(AC17,AB5:AG5,1)+1,MATCH(AC17,AB5:AG5,1)))} -> 1000 | AD19: Columns: | AE19: =MATCH(MAX(AB5:AG5),AB5:AG5,0) -> 6
B20: y_n: | C20: =D2 -> 15 | O20: y_n: | P20: =D2 -> 15 | AB20: y_n: | AC20: =D2 -> 15
B21: n1: | C21: {=INDEX(A6:A15,MATCH(C20,A6:A15,1))} -> 10 | O21: n1: | P21: {=INDEX(N6:N15,MATCH(P20,N6:N15,1))} -> 10 | AB21: n1: | AC21: {=INDEX(AA6:AA15,MATCH(AC20,AA6:AA15,1))} -> 10
B22: n2: | C22: {=INDEX(A6:A15,IF(MATCH(C20,A6:A15,1)<E18,MATCH(C20,A6:A15,1)+1,MATCH(C20,A6:A15,1)))} -> 20 | O22: n2: | P22: {=INDEX(N6:N15,IF(MATCH(P20,N6:N15,1)<R18,MATCH(P20,N6:N15,1)+1,MATCH(P20,N6:N15,1)))} -> 20 | AB22: n2: | AC22: {=INDEX(AA6:AA15,IF(MATCH(AC20,AA6:AA15,1)<AE18,MATCH(AC20,AA6:AA15,1)+1,MATCH(AC20,AA6:AA15,1)))} -> 20
B23: y1_n1: | C23: {=INDEX(B6:G15,MATCH(C20,A6:A15,1),MATCH(C17,B5:G5,1))} -> 2600 | O23: y1_n1: | P23: {=INDEX(O6:T15,MATCH(P20,N6:N15,1),MATCH(P17,O5:T5,1))} -> 2400 | AB23: y1_n1: | AC23: {=INDEX(AB6:AG15,MATCH(AC20,AA6:AA15,1),MATCH(AC17,AB5:AG5,1))} -> 2000
B24: y2_n1: | C24: {=INDEX(B6:G15,MATCH(C20,A6:A15,1),IF(MATCH(C17,B5:G5,1)<E19,MATCH(C17,B5:G5,1)+1,MATCH(C20,A6:A15,1)))} -> 2800 | O24: y2_n1: | P24: {=INDEX(O6:T15,MATCH(P20,N6:N15,1),IF(MATCH(P17,O5:T5,1)<R19,MATCH(P17,O5:T5,1)+1,MATCH(P20,N6:N15,1)))} -> 2500 | AB24: y2_n1: | AC24: {=INDEX(AB6:AG15,MATCH(AC20,AA6:AA15,1),IF(MATCH(AC17,AB5:AG5,1)<AE19,MATCH(AC17,AB5:AG5,1)+1,MATCH(AC20,AA6:AA15,1)))} -> 2200
B25: y1_n2: | C25: {=INDEX(B6:G15,IF(MATCH(C20,A6:A15,1)<E18,MATCH(C20,A6:A15,1)+1,MATCH(C20,A6:A15,1)),MATCH(C17,B5:G5,1))} -> 2800 | O25: y1_n2: | P25: {=INDEX(O6:T15,IF(MATCH(P20,N6:N15,1)<R18,MATCH(P20,N6:N15,1)+1,MATCH(P20,N6:N15,1)),MATCH(P17,O5:T5,1))} -> 2500 | AB25: y1_n2: | AC25: {=INDEX(AB6:AG15,IF(MATCH(AC20,AA6:AA15,1)<AE18,MATCH(AC20,AA6:AA15,1)+1,MATCH(AC20,AA6:AA15,1)),MATCH(AC17,AB5:AG5,1))} -> 2200
B26: y2_n2: | C26: {=INDEX(B6:G15,IF(MATCH(C20,A6:A15,1)<E18,MATCH(C20,A6:A15,1)+1,MATCH(C20,A6:A15,1)),IF(MATCH(C17,B5:G5,1)<E19,MATCH(C17,B5:G5,1)+1,MATCH(C17,B5:G5,1)))} -> 2900 | O26: y2_n2: | P26: {=INDEX(O6:T15,IF(MATCH(P20,N6:N15,1)<R18,MATCH(P20,N6:N15,1)+1,MATCH(P20,N6:N15,1)),IF(MATCH(P17,O5:T5,1)<R19,MATCH(P17,O5:T5,1)+1,MATCH(P17,O5:T5,1)))} -> 2650 | AB26: y2_n2: | AC26: {=INDEX(AB6:AG15,IF(MATCH(AC20,AA6:AA15,1)<AE18,MATCH(AC20,AA6:AA15,1)+1,MATCH(AC20,AA6:AA15,1)),IF(MATCH(AC17,AB5:AG5,1)<AE19,MATCH(AC17,AB5:AG5,1)+1,MATCH(AC17,AB5:AG5,1)))} -> 2400
B27: y_n1: | C27: =IFERROR(C23+(C17-C18)*(C24-C23)/(C19-C18),C23) -> 2754 | O27: y_n1: | P27: =IFERROR(P23+(P17-P18)*(P24-P23)/(P19-P18),P23) -> 2477 | AB27: y_n1: | AC27: =IFERROR(AC23+(AC17-AC18)*(AC24-AC23)/(AC19-AC18),AC23) -> 2154
B28: y_n2: | C28: =IFERROR(C25+(C17-C18)*(C26-C25)/(C19-C18),C25) -> 2877 | O28: y_n2: | P28: =IFERROR(P25+(P17-P18)*(P26-P25)/(P19-P18),P25) -> 2615.5 | AB28: y_n2: | AC28: =IFERROR(AC25+(AC17-AC18)*(AC26-AC25)/(AC19-AC18),AC25) -> 2354
B29: Distance | C29: =IFERROR(C27+(C20-C21)*(C28-C27)/(C22-C21),C27) -> 2815.5 | O29: Distance | P29: =IFERROR(P27+(P20-P21)*(P28-P27)/(P22-P21),P27) -> 2546.25 | AB29: Distance | AC29: =IFERROR(AC27+(AC20-AC21)*(AC28-AC27)/(AC22-AC21),AC27) -> 2254
B31: Vikt | O31: Vikt | AB31: Vikt
A32: % | B32: 2000 | C32: 3000 | D32: 4000 | E32: 4500 | N32: % | O32: 2000 | P32: 2500 | Q32: 3000 | R32: 4000 | S32: 4500 | AC32: % | AD32: 1000 | AE32: 2000 | AF32: 3000 | AG32: 3500
A33: 10000 | B33: 2000 | C33: 3000 | D33: 4000 | E33: 99999 | N33: 10000 | O33: 2000 | P33: 2500 | Q33: 3000 | R33: 4000 | S33: 99999 | AC33: 10000 | AD33: 1000 | AE33: 2000 | AF33: 3000 | AG33: 99999
A34: 11000 | B34: 2300 | C34: 3400 | D34: 4500 | E34: 99999 | N34: 11000 | O34: 2300 | P34: 2900 | Q34: 3400 | R34: 4500 | S34: 99999 | AC34: 11000 | AD34: 1000 | AE34: 2200 | AF34: 3400 | AG34: 99999
A35: 12000 | B35: 2600 | C35: 3800 | D35: 5200 | E35: 99999 | N35: 12000 | O35: 2550 | P35: 3100 | Q35: 3900 | R35: 5300 | S35: 99999 | AC35: 12000 | AD35: 1200 | AE35: 2400 | AF35: 3900 | AG35: 99999
A36: 13000 | B36: 2850 | C36: 4300 | D36: 6000 | E36: 99999 | N36: 13000 | O36: 2900 | P36: 3650 | Q36: 4400 | R36: 6200 | S36: 99999 | AC36: 13000 | AD36: 1300 | AE36: 2800 | AF36: 4500 | AG36: 99999
A37: 14000 | B37: 3100 | C37: 4800 | D37: 6800 | E37: 99999 | N37: 14000 | O37: 3200 | P37: 4100 | Q37: 5000 | R37: 7400 | S37: 99999 | AC37: 14000 | AD37: 1600 | AE37: 3200 | AF37: 5400 | AG37: 99999
A38: 15000 | B38: 3400 | C38: 5250 | D38: 7800 | E38: 99999 | N38: 15000 | O38: 3500 | P38: 4400 | Q38: 5400 | R38: 8500 | S38: 99999 | AC38: 15000 | AD38: 1800 | AE38: 3500 | AF38: 6400 | AG38: 99999
A39: 16000 | B39: 3700 | C39: 5800 | D39: 8800 | E39: 99999 | N39: 16000 | O39: 3700 | P39: 4900 | Q39: 6000 | R39: 9800 | S39: 99999 | AC39: 16000 | AD39: 2000 | AE39: 4300 | AF39: 8400 | AG39: 99999
A40: 16600 | B40: 4200 | C40: 6600 | D40: 10400 | E40: 99999 | N40: 16600 | O40: 4500 | P40: 6000 | Q40: 7400 | R40: 99999 | S40: 99999 | AC40: 16600 | AD40: 2200 | AE40: 5100 | AF40: 12000 | AG40: 99999
A41: 16700 | B41: 99999 | C41: 99999 | D41: 99999 | E41: 99999 | N41: 16700 | O41: 99999 | P41: 99999 | Q41: 99999 | R41: 99999 | S41: 99999 | AC41: 16700 | AD41: 99999 | AE41: 99999 | AF41: 99999 | AG41: 99999
B43: x_n: | C43: =C29 -> 2815.5 | D43: Table size | O43: x_n: | P43: =P29 -> 2546.25 | Q43: Table size | AB43: x_n: | AC43: =AC29 -> 2254 | AD43: Table size
B44: x1_n: | C44: {=INDEX(B32:E32,MATCH(C43,B32:E32,1))} -> 2000 | D44: Rows: | E44: =MATCH(MAX(A33:A41),A33:A41,1) -> 9 | O44: x1_n: | P44: {=INDEX(O32:S32,MATCH(P43,O32:S32,1))} -> 2500 | Q44: Rows: | R44: =MATCH(MAX(N33:N41),N33:N41,1) -> 9 | AB44: x1_n: | AC44: {=INDEX(AD32:AG32,MATCH(AC43,AD32:AG32,1))} -> 2000 | AD44: Rows: | AE44: =MATCH(MAX(AC33:AC41),AC33:AC41,1) -> 9
B45: x2_n: | C45: {=INDEX(B32:E32,IF(MATCH(C43,B32:E32,1)<E45,MATCH(C43,B32:E32,1)+1,MATCH(C43,B32:E32,1)))} -> 3000 | D45: Columns: | E45: =MATCH(MAX(B32:E32),B32:E32,0) -> 4 | O45: x2_n: | P45: {=INDEX(O32:S32,IF(MATCH(P43,O32:S32,1)<R45,MATCH(P43,O32:S32,1)+1,MATCH(P43,O32:S32,1)))} -> 3000 | Q45: Columns: | R45: =MATCH(MAX(O32:S32),O32:S32,0) -> 5 | AB45: x2_n: | AC45: {=INDEX(AD32:AG32,IF(MATCH(AC43,AD32:AG32,1)<AE45,MATCH(AC43,AD32:AG32,1)+1,MATCH(AC43,AD32:AG32,1)))} -> 3000 | AD45: Columns: | AE45: =MATCH(MAX(AD32:AG32),AD32:AG32,0) -> 4
B46: y_n: | C46: ='Take-off'!$C$14 -> 15800 | O46: y_n: | P46: ='Take-off'!$C$14 -> 15800 | AB46: y_n: | AC46: ='Take-off'!$C$14 -> 15800
B47: n1: | C47: {=INDEX(A33:A41,MATCH(C46,A33:A41,1))} -> 15000 | O47: n1: | P47: {=INDEX(N33:N41,MATCH(P46,N33:N41,1))} -> 15000 | AB47: n1: | AC47: {=INDEX(AC33:AC41,MATCH(AC46,AC33:AC41,1))} -> 15000
B48: n2: | C48: {=INDEX(A33:A41,IF(MATCH(C46,A33:A41,1)<E44,MATCH(C46,A33:A41,1)+1,MATCH(C46,A33:A41,1)))} -> 16000 | O48: n2: | P48: {=INDEX(N33:N41,IF(MATCH(P46,N33:N41,1)<R44,MATCH(P46,N33:N41,1)+1,MATCH(P46,N33:N41,1)))} -> 16000 | AB48: n2: | AC48: {=INDEX(AC33:AC41,IF(MATCH(AC46,AC33:AC41,1)<AE44,MATCH(AC46,AC33:AC41,1)+1,MATCH(AC46,AC33:AC41,1)))} -> 16000
B49: y1_n1: | C49: {=INDEX(B33:E41,MATCH(C46,A33:A41,1),MATCH(C43,B32:E32,1))} -> 3400 | O49: y1_n1: | P49: {=INDEX(O33:S41,MATCH(P46,N33:N41,1),MATCH(P43,O32:S32,1))} -> 4400 | AB49: y1_n1: | AC49: =INDEX(AD33:AG41,MATCH(AC46,AC33:AC41,1),MATCH(AC43,AD32:AG32,1)) -> 3500
B50: y2_n1: | C50: {=INDEX(B33:E41,MATCH(C46,A33:A41,1),IF(MATCH(C43,B32:E32,1)<E45,MATCH(C43,B32:E32,1)+1,MATCH(C46,A33:A41,1)))} -> 5250 | O50: y2_n1: | P50: {=INDEX(O33:S41,MATCH(P46,N33:N41,1),IF(MATCH(P43,O32:S32,1)<R45,MATCH(P43,O32:S32,1)+1,MATCH(P46,N33:N41,1)))} -> 5400 | AB50: y2_n1: | AC50: {=INDEX(AD33:AG41,MATCH(AC46,AC33:AC41,1),IF(MATCH(AC43,AD32:AG32,1)<AE45,MATCH(AC43,AD32:AG32,1)+1,MATCH(AC46,AC33:AC41,1)))} -> 6400
B51: y1_n2: | C51: {=INDEX(B33:E41,IF(MATCH(C46,A33:A41,1)<E44,MATCH(C46,A33:A41,1)+1,MATCH(C46,A33:A41,1)),MATCH(C43,B32:E32,1))} -> 3700 | O51: y1_n2: | P51: {=INDEX(O33:S41,IF(MATCH(P46,N33:N41,1)<R44,MATCH(P46,N33:N41,1)+1,MATCH(P46,N33:N41,1)),MATCH(P43,O32:S32,1))} -> 4900 | AB51: y1_n2: | AC51: {=INDEX(AD33:AG41,IF(MATCH(AC46,AC33:AC41,1)<AE44,MATCH(AC46,AC33:AC41,1)+1,MATCH(AC46,AC33:AC41,1)),MATCH(AC43,AD32:AG32,1))} -> 4300
B52: y2_n2: | C52: {=INDEX(B33:E41,IF(MATCH(C46,A33:A41,1)<E44,MATCH(C46,A33:A41,1)+1,MATCH(C46,A33:A41,1)),IF(MATCH(C43,B32:E32,1)<E45,MATCH(C43,B32:E32,1)+1,MATCH(C43,B32:E32,1)))} -> 5800 | O52: y2_n2: | P52: {=INDEX(O33:S41,IF(MATCH(P46,N33:N41,1)<R44,MATCH(P46,N33:N41,1)+1,MATCH(P46,N33:N41,1)),IF(MATCH(P43,O32:S32,1)<R45,MATCH(P43,O32:S32,1)+1,MATCH(P43,O32:S32,1)))} -> 6000 | AB52: y2_n2: | AC52: {=INDEX(AD33:AG41,IF(MATCH(AC46,AC33:AC41,1)<AE44,MATCH(AC46,AC33:AC41,1)+1,MATCH(AC46,AC33:AC41,1)),IF(MATCH(AC43,AD32:AG32,1)<AE45,MATCH(AC43,AD32:AG32,1)+1,MATCH(AC43,AD32:AG32,1)))} -> 8400
B53: y_n1: | C53: =IFERROR(C49+(C43-C44)*(C50-C49)/(C45-C44),C49) -> 4908.675 | O53: y_n1: | P53: =IFERROR(P49+(P43-P44)*(P50-P49)/(P45-P44),P49) -> 4492.5 | AB53: y_n1: | AC53: =IFERROR(AC49+(AC43-AC44)*(AC50-AC49)/(AC45-AC44),AC49) -> 4236.6
B54: y_n2: | C54: =IFERROR(C51+(C43-C44)*(C52-C51)/(C45-C44),C51) -> 5412.55 | O54: y_n2: | P54: =IFERROR(P51+(P43-P44)*(P52-P51)/(P45-P44),P51) -> 5001.75 | AB54: y_n2: | AC54: =IFERROR(AC51+(AC43-AC44)*(AC52-AC51)/(AC45-AC44),AC51) -> 5341.4
B55: Distance | C55: =IFERROR(C53+(C46-C47)*(C54-C53)/(C48-C47),C53) -> 5311.775 | O55: Distance | P55: =IFERROR(P53+(P46-P47)*(P54-P53)/(P48-P47),P53) -> 4899.9 | AB55: Distance | AC55: =IFERROR(AC53+(AC46-AC47)*(AC54-AC53)/(AC48-AC47),AC53) -> 5120.44
B57: Vind | O57: Vind | AB57: Vind
A58: Kt | B58: 2000 | C58: 3000 | D58: 4000 | E58: 5000 | F58: 6000 | G58: 7000 | H58: 8000 | I58: 9000 | J58: 10000 | K58: 11000 | L58: 12000 | N58: Kt | O58: 2000 | P58: 3000 | Q58: 4000 | R58: 5000 | S58: 6000 | T58: 7000 | U58: 8000 | V58: 9000 | W58: 10000 | AB58: Kt | AC58: 1000 | AD58: 2200 | AE58: 3000 | AF58: 4000 | AG58: 5000 | AH58: 6000 | AI58: 7000 | AJ58: 8000 | AK58: 9000 | AL58: 10000 | AM58: 11000 | AN58: 12000 | AO58: 12500
A59: -10 | B59: 2400 | C59: 3500 | D59: 4800 | E59: 5900 | F59: 7100 | G59: 8200 | H59: 9400 | I59: 10400 | J59: 11400 | K59: 99999 | L59: 99999 | N59: -10 | O59: 2400 | P59: 3600 | Q59: 4800 | R59: 5900 | S59: 7100 | T59: 8200 | U59: 9400 | V59: 10500 | W59: 99999 | AB59: -10 | AC59: 1500 | AD59: 2600 | AE59: 3600 | AF59: 4800 | AG59: 5900 | AH59: 7000 | AI59: 8100 | AJ59: 9300 | AK59: 10200 | AL59: 11600 | AM59: 99999 | AN59: 99999 | AO59: 99999
A60: 0 | B60: 2000 | C60: 3000 | D60: 4000 | E60: 5000 | F60: 6000 | G60: 7000 | H60: 8000 | I60: 9000 | J60: 10000 | K60: 11000 | L60: 99999 | N60: 0 | O60: 2000 | P60: 3000 | Q60: 4000 | R60: 5000 | S60: 6000 | T60: 7000 | U60: 8000 | V60: 9000 | W60: 99999 | AB60: 0 | AC60: 1000 | AD60: 2200 | AE60: 3000 | AF60: 4000 | AG60: 5000 | AH60: 6000 | AI60: 7000 | AJ60: 8000 | AK60: 9000 | AL60: 10000 | AM60: 11000 | AN60: 12000 | AO60: 99999
A61: 30 | B61: 1600 | C61: 2400 | D61: 3300 | E61: 4100 | F61: 5000 | G61: 5900 | H61: 6700 | I61: 7600 | J61: 8500 | K61: 9400 | L61: 99999 | N61: 30 | O61: 1600 | P61: 2500 | Q61: 3300 | R61: 4200 | S61: 5000 | T61: 5900 | U61: 6800 | V61: 7600 | W61: 99999 | AB61: 30 | AC61: 1000 | AD61: 1600 | AE61: 2400 | AF61: 3200 | AG61: 4200 | AH61: 5000 | AI61: 5800 | AJ61: 6700 | AK61: 7600 | AL61: 8500 | AM61: 9300 | AN61: 99999 | AO61: 99999
B63: x_n: | C63: =C55 -> 5311.775 | D63: Table size | O63: x_n: | P63: =P55 -> 4899.9 | Q63: Table size | AC63: x_n: | AD63: =AC55 -> 5120.44 | AE63: Table size
B64: x1_n: | C64: {=INDEX(B58:L58,MATCH(C63,B58:L58,1))} -> 5000 | D64: Rows: | E64: =MATCH(MAX(A59:A61),A59:A61,1) -> 3 | O64: x1_n: | P64: {=INDEX(O58:W58,MATCH(P63,O58:W58,1))} -> 4000 | Q64: Rows: | R64: =MATCH(MAX(N59:N61),N59:N61,1) -> 3 | AC64: x1_n: | AD64: {=INDEX(AC58:AO58,MATCH(AD63,AC58:AO58,1))} -> 5000 | AE64: Rows: | AF64: =MATCH(MAX(AB59:AB61),AB59:AB61,1) -> 3
B65: x2_n: | C65: {=INDEX(B58:L58,IF(MATCH(C63,B58:L58,1)<E65,MATCH(C63,B58:L58,1)+1,MATCH(C63,B58:L58,1)))} -> 6000 | D65: Columns: | E65: =MATCH(MAX(B58:L58),B58:L58,0) -> 11 | O65: x2_n: | P65: {=INDEX(O58:W58,IF(MATCH(P63,O58:W58,1)<R65,MATCH(P63,O58:W58,1)+1,MATCH(P63,O58:W58,1)))} -> 5000 | Q65: Columns: | R65: =MATCH(MAX(O58:W58),O58:W58,0) -> 9 | AC65: x2_n: | AD65: {=INDEX(AC58:AO58,IF(MATCH(AD63,AC58:AO58,1)<AF65,MATCH(AD63,AC58:AO58,1)+1,MATCH(AD63,AC58:AO58,1)))} -> 6000 | AE65: Columns: | AF65: =MATCH(MAX(AC58:AO58),AC58:AO58,0) -> 13
B66: y_n: | C66: ='Take-off'!$C$24 -> -2.394141 | O66: y_n: | P66: ='Take-off'!$C$24 -> -2.394141 | AC66: y_n: | AD66: ='Take-off'!$C$24 -> -2.394141
B67: n1: | C67: {=INDEX(A59:A61,MATCH(C66,A59:A61,1))} -> -10 | O67: n1: | P67: {=INDEX(N59:N61,MATCH(P66,N59:N61,1))} -> -10 | AC67: n1: | AD67: {=INDEX(AB59:AB61,MATCH(AD66,AB59:AB61,1))} -> -10
B68: n2: | C68: {=INDEX(A59:A61,IF(MATCH(C66,A59:A61,1)<E64,MATCH(C66,A59:A61,1)+1,MATCH(C66,A59:A61,1)))} -> 0 | O68: n2: | P68: {=INDEX(N59:N61,IF(MATCH(P66,N59:N61,1)<R64,MATCH(P66,N59:N61,1)+1,MATCH(P66,N59:N61,1)))} -> 0 | AC68: n2: | AD68: {=INDEX(AB59:AB61,IF(MATCH(AD66,AB59:AB61,1)<AF64,MATCH(AD66,AB59:AB61,1)+1,MATCH(AD66,AB59:AB61,1)))} -> 0
B69: y1_n1: | C69: {=INDEX(B59:L61,MATCH(C66,A59:A61,1),MATCH(C63,B58:L58,1))} -> 5900 | O69: y1_n1: | P69: {=INDEX(O59:W61,MATCH(P66,N59:N61,1),MATCH(P63,O58:W58,1))} -> 4800 | AC69: y1_n1: | AD69: {=INDEX(AC59:AO61,MATCH(AD66,AB59:AB61,1),MATCH(AD63,AC58:AO58,1))} -> 5900
B70: y2_n1: | C70: {=INDEX(B59:L61,MATCH(C66,A59:A61,1),IF(MATCH(C63,B58:L58,1)<E65,MATCH(C63,B58:L58,1)+1,MATCH(C66,A59:A61,1)))} -> 7100 | O70: y2_n1: | P70: {=INDEX(O59:W61,MATCH(P66,N59:N61,1),IF(MATCH(P63,O58:W58,1)<R65,MATCH(P63,O58:W58,1)+1,MATCH(P66,N59:N61,1)))} -> 5900 | AC70: y2_n1: | AD70: {=INDEX(AC59:AO61,MATCH(AD66,AB59:AB61,1),IF(MATCH(AD63,AC58:AO58,1)<AF65,MATCH(AD63,AC58:AO58,1)+1,MATCH(AD66,AB59:AB61,1)))} -> 7000
B71: y1_n2: | C71: {=INDEX(B59:L61,IF(MATCH(C66,A59:A61,1)<E64,MATCH(C66,A59:A61,1)+1,MATCH(C66,A59:A61,1)),MATCH(C63,B58:L58,1))} -> 5000 | O71: y1_n2: | P71: {=INDEX(O59:W61,IF(MATCH(P66,N59:N61,1)<R64,MATCH(P66,N59:N61,1)+1,MATCH(P66,N59:N61,1)),MATCH(P63,O58:W58,1))} -> 4000 | AC71: y1_n2: | AD71: {=INDEX(AC59:AO61,IF(MATCH(AD66,AB59:AB61,1)<AF64,MATCH(AD66,AB59:AB61,1)+1,MATCH(AD66,AB59:AB61,1)),MATCH(AD63,AC58:AO58,1))} -> 5000
B72: y2_n2: | C72: {=INDEX(B59:L61,IF(MATCH(C66,A59:A61,1)<E64,MATCH(C66,A59:A61,1)+1,MATCH(C66,A59:A61,1)),IF(MATCH(C63,B58:L58,1)<E65,MATCH(C63,B58:L58,1)+1,MATCH(C63,B58:L58,1)))} -> 6000 | O72: y2_n2: | P72: {=INDEX(O59:W61,IF(MATCH(P66,N59:N61,1)<R64,MATCH(P66,N59:N61,1)+1,MATCH(P66,N59:N61,1)),IF(MATCH(P63,O58:W58,1)<R65,MATCH(P63,O58:W58,1)+1,MATCH(P63,O58:W58,1)))} -> 5000 | AC72: y2_n2: | AD72: {=INDEX(AC59:AO61,IF(MATCH(AD66,AB59:AB61,1)<AF64,MATCH(AD66,AB59:AB61,1)+1,MATCH(AD66,AB59:AB61,1)),IF(MATCH(AD63,AC58:AO58,1)<AF65,MATCH(AD63,AC58:AO58,1)+1,MATCH(AD63,AC58:AO58,1)))} -> 6000
B73: y_n1: | C73: =IFERROR(C69+(C63-C64)*(C70-C69)/(C65-C64),C69) -> 6274.13 | O73: y_n1: | P73: =IFERROR(P69+(P63-P64)*(P70-P69)/(P65-P64),P69) -> 5789.89 | AC73: y_n1: | AD73: =IFERROR(AD69+(AD63-AD64)*(AD70-AD69)/(AD65-AD64),AD69) -> 6032.484
B74: y_n2: | C74: =IFERROR(C71+(C63-C64)*(C72-C71)/(C65-C64),C71) -> 5311.775 | O74: y_n2: | P74: =IFERROR(P71+(P63-P64)*(P72-P71)/(P65-P64),P71) -> 4899.9 | AC74: y_n2: | AD74: =IFERROR(AD71+(AD63-AD64)*(AD72-AD71)/(AD65-AD64),AD71) -> 5120.44
B75: Distance | C75: =IFERROR(C73+(C66-C67)*(C74-C73)/(C68-C67),C73) -> 5542.1764 | O75: Distance | P75: =IFERROR(P73+(P66-P67)*(P74-P73)/(P68-P67),P73) -> 5112.9762 | AC75: Distance | AD75: =IFERROR(AD73+(AD66-AD67)*(AD74-AD73)/(AD68-AD67),AD73) -> 5338.7962

Sheet OEI CLIMB GRADIENT
B1: Pressure Alt | C1: x_n: | D1: =IF(Landing!$C$9="",Landing!$C$15,MAX(0,Landing!$C$15+30*(1013-Landing!$C$9))) -> 770
B2: Temp in calc | C2: y_n: | D2: =Landing!C8 -> 15
B3: NET GRADIENT OF CLIMB - FLAPS UP
B4: Density altitude
A5: Temp/PA | B5: -500 | C5: 0 | D5: 1000 | E5: 2000 | F5: 3000 | G5: 4000
A6: -40 | B6: 560 | C6: 560 | D6: 560 | E6: 560 | F6: 530 | G6: -999
A7: -30 | B7: 560 | C7: 560 | D7: 560 | E7: 560 | F7: 530 | G7: -999
A8: -20 | B8: 560 | C8: 560 | D8: 540 | E8: 520 | F8: 500 | G8: -999
A9: -10 | B9: 540 | C9: 540 | D9: 520 | E9: 500 | F9: 480 | G9: -999
A10: 0 | B10: 520 | C10: 520 | D10: 500 | E10: 480 | F10: 460 | G10: -999
A11: 10 | B11: 500 | C11: 500 | D11: 480 | E11: 460 | F11: 430 | G11: -999
A12: 20 | B12: 480 | C12: 480 | D12: 460 | E12: 440 | F12: 360 | G12: -999
A13: 30 | B13: 420 | C13: 420 | D13: 360 | E13: 260 | F13: 180 | G13: -999
A14: 40 | B14: 260 | C14: 260 | D14: 180 | E14: 100 | F14: 40 | G14: -999
A15: 45 | B15: -999 | C15: -999 | D15: -999 | E15: -999 | F15: -999 | G15: -999
B17: x_n: | C17: =D1 -> 770 | D17: Table size
B18: x1_n: | C18: {=INDEX(B5:G5,MATCH(C17,B5:G5,1))} -> 0 | D18: Rows: | E18: =MATCH(MAX(A6:A15),A6:A15,1) -> 10
B19: x2_n: | C19: {=INDEX(B5:G5,IF(MATCH(C17,B5:G5,1)<E19,MATCH(C17,B5:G5,1)+1,MATCH(C17,B5:G5,1)))} -> 1000 | D19: Columns: | E19: =MATCH(MAX(B5:G5),B5:G5,0) -> 6
B20: y_n: | C20: =D2 -> 15
B21: n1: | C21: {=INDEX(A6:A15,MATCH(C20,A6:A15,1))} -> 10
B22: n2: | C22: {=INDEX(A6:A15,IF(MATCH(C20,A6:A15,1)<E18,MATCH(C20,A6:A15,1)+1,MATCH(C20,A6:A15,1)))} -> 20
B23: y1_n1: | C23: {=INDEX(B6:G15,MATCH(C20,A6:A15,1),MATCH(C17,B5:G5,1))} -> 500
B24: y2_n1: | C24: {=INDEX(B6:G15,MATCH(C20,A6:A15,1),IF(MATCH(C17,B5:G5,1)<E19,MATCH(C17,B5:G5,1)+1,MATCH(C20,A6:A15,1)))} -> 480
B25: y1_n2: | C25: {=INDEX(B6:G15,IF(MATCH(C20,A6:A15,1)<E18,MATCH(C20,A6:A15,1)+1,MATCH(C20,A6:A15,1)),MATCH(C17,B5:G5,1))} -> 480
B26: y2_n2: | C26: {=INDEX(B6:G15,IF(MATCH(C20,A6:A15,1)<E18,MATCH(C20,A6:A15,1)+1,MATCH(C20,A6:A15,1)),IF(MATCH(C17,B5:G5,1)<E19,MATCH(C17,B5:G5,1)+1,MATCH(C17,B5:G5,1)))} -> 460
B27: y_n1: | C27: =IFERROR(C23+(C17-C18)*(C24-C23)/(C19-C18),C23) -> 484.6
B28: y_n2: | C28: =IFERROR(C25+(C17-C18)*(C26-C25)/(C19-C18),C25) -> 464.6
B29: Distance | C29: =IFERROR(C27+(C20-C21)*(C28-C27)/(C22-C21),C27) -> 474.6
B31: Gradient | O31: Omvandling
A32: % | B32: 100 | C32: 200 | D32: 300 | E32: 400 | F32: 500 | G32: 600 | H32: 5 | P32: % | Q32: 100 | R32: 200 | S32: 300 | T32: 400 | U32: 500 | V32: 600 | W32: 700 | X32: 800 | Y32: 900 | Z32: 1000 | AA32: 1100
A33: 10000 | B33: 1000 | C33: 1000 | D33: 1000 | E33: 1000 | F33: 1000 | G33: 1000 | H33: 0 | P33: 1 | Q33: 0.7 | R33: 2.35 | S33: 2.05 | T33: 2.75 | U33: 3.5 | V33: 4.33 | W33: 5.25 | X33: 6.15 | Y33: 7.1 | Z33: 8 | AA33: 0
A34: 11000 | B34: 900 | C34: 1000 | D34: 1000 | E34: 1000 | F34: 1000 | G34: 1000 | H34: 0
A35: 12000 | B35: 710 | C35: 840 | D35: 960 | E35: 1000 | F35: 1000 | G35: 1000 | H35: 0 | O35: x_n: | P35: =C56 -> 498.33 | Q35: Table size
A36: 13000 | B36: 570 | C36: 680 | D36: 800 | E36: 900 | F36: 1000 | G36: 1000 | H36: 0 | O36: x1_n: | P36: {=INDEX(Q32:AA32,MATCH(P35,Q32:AA32,1))} -> 400 | Q36: Rows: | R36: =MATCH(MAX(P33),P33,1) -> 1
A37: 14000 | B37: 420 | C37: 520 | D37: 640 | E37: 740 | F37: 870 | G37: 1000 | H37: 0 | O37: x2_n: | P37: {=INDEX(Q32:AA32,IF(MATCH(P35,Q32:AA32,1)<R37,MATCH(P35,Q32:AA32,1)+1,MATCH(P35,Q32:AA32,1)))} -> 500 | Q37: Columns: | R37: =MATCH(MAX(Q32:AA32),Q32:AA32,0) -> 11
A38: 15000 | B38: 280 | C38: 390 | D38: 500 | E38: 600 | F38: 710 | G38: 820 | H38: 0 | O38: y_n: | P38: 1
A39: 16000 | B39: 160 | C39: 260 | D39: 370 | E39: 470 | F39: 570 | G39: 680 | H39: 0 | O39: n1: | P39: {=INDEX(P33,MATCH(P38,P33,1))} -> 1
A40: 16600 | B40: 100 | C40: 200 | D40: 300 | E40: 400 | F40: 500 | G40: 600 | H40: 0 | O40: n2: | P40: {=INDEX(P33,IF(MATCH(P38,P33,1)<R36,MATCH(P38,P33,1)+1,MATCH(P38,P33,1)))} -> 1
A41: 16700 | B41: 0 | C41: 0 | F41: 0 | G41: 0 | H41: 0 | O41: y1_n1: | P41: {=INDEX(Q33:AA33,MATCH(P38,P33,1),MATCH(P35,Q32:AA32,1))} -> 2.75
O42: y2_n1: | P42: {=INDEX(Q33:AA33,MATCH(P38,P33,1),IF(MATCH(P35,Q32:AA32,1)<R37,MATCH(P35,Q32:AA32,1)+1,MATCH(P38,P33,1)))} -> 3.5
B43: x_n: | C43: =C29 -> 474.6 | D43: Table size | O43: y1_n2: | P43: {=INDEX(Q33:AA33,IF(MATCH(P38,P33,1)<R36,MATCH(P38,P33,1)+1,MATCH(P38,P33,1)),MATCH(P35,Q32:AA32,1))} -> 2.75
B44: x1_n: | C44: {=INDEX(B32:H32,MATCH(C43,B32:H32,1))} -> 400 | D44: Rows: | E44: =MATCH(MAX(A33:A41),A33:A41,1) -> 9 | O44: y2_n2: | P44: {=INDEX(Q33:AA33,IF(MATCH(P38,P33,1)<R36,MATCH(P38,P33,1)+1,MATCH(P38,P33,1)),IF(MATCH(P35,Q32:AA32,1)<R37,MATCH(P35,Q32:AA32,1)+1,MATCH(P35,Q32:AA32,1)))} -> 3.5
B45: x2_n: | C45: {=INDEX(B32:H32,IF(MATCH(C43,B32:H32,1)<E45,MATCH(C43,B32:H32,1)+1,MATCH(C43,B32:H32,1)))} -> 500 | D45: Columns: | E45: =MATCH(MAX(B32:H32),B32:H32,0) -> 6 | O45: y_n1: | P45: =IFERROR(P41+(P35-P36)*(P42-P41)/(P37-P36),P41) -> 3.487475
B46: y_n: | C46: =Landing!C11 -> 15500 | O46: y_n2: | P46: =IFERROR(P43+(P35-P36)*(P44-P43)/(P37-P36),P43) -> 3.487475
B47: n1: | C47: {=INDEX(A33:A41,MATCH(C46,A33:A41,1))} -> 15000 | O47: Distance | P47: =IFERROR(P45+(P38-P39)*(P46-P45)/(P40-P39),P45) -> 3.487475
B48: n2: | C48: {=INDEX(A33:A41,IF(MATCH(C46,A33:A41,1)<E44,MATCH(C46,A33:A41,1)+1,MATCH(C46,A33:A41,1)))} -> 16000
B49: y1_n1: | C49: {=INDEX(B33:H41,MATCH(C46,A33:A41,1),MATCH(C43,B32:H32,1))} -> 600
B50: y2_n1: | C50: {=INDEX(B33:H41,MATCH(C46,A33:A41,1),IF(MATCH(C43,B32:H32,1)<E45,MATCH(C43,B32:H32,1)+1,MATCH(C46,A33:A41,1)))} -> 710
B51: y1_n2: | C51: {=INDEX(B33:H41,IF(MATCH(C46,A33:A41,1)<E44,MATCH(C46,A33:A41,1)+1,MATCH(C46,A33:A41,1)),MATCH(C43,B32:H32,1))} -> 470
B52: y2_n2: | C52: {=INDEX(B33:H41,IF(MATCH(C46,A33:A41,1)<E44,MATCH(C46,A33:A41,1)+1,MATCH(C46,A33:A41,1)),IF(MATCH(C43,B32:H32,1)<E45,MATCH(C43,B32:H32,1)+1,MATCH(C43,B32:H32,1)))} -> 570
B53: y_n1: | C53: =IFERROR(C49+(C43-C44)*(C50-C49)/(C45-C44),C49) -> 682.06
B54: y_n2: | C54: =IFERROR(C51+(C43-C44)*(C52-C51)/(C45-C44),C51) -> 544.6
B55: Distance | C55: =IFERROR(C53+(C46-C47)*(C54-C53)/(C48-C47),C53) -> 613.33
B56: ICE VANE CORR | C56: =C55-115 -> 498.33

Sheet NET GRADIENT OF CLIMB
B1: Pressure Alt | C1: x_n: | D1: =IF('Take-off'!$C$9="",'Take-off'!$C$16,MAX(0,'Take-off'!$C$16+30*(1013-'Take-off'!$C$9)))+35 -> 805 | F1: 35 fot extra
B2: Temp in calc | C2: y_n: | D2: ='Take-off'!$C$8 -> 15
B3: NET GRADIENT OF CLIMB - FLAPS UP | O3: NET GRADIENT OF CLIMB - FLAPS TAKEOFF | AB3: NET GRADIENT OF CLIMB - FLAPS APPROACH
B4: Density altitude | O4: Density altitude | AB4: Density altitude
A5: Temp/PA | B5: -500 | C5: 0 | D5: 1000 | E5: 2000 | F5: 3000 | G5: 4000 | N5: Temp/PA | O5: -500 | P5: 0 | Q5: 1000 | R5: 2000 | S5: 3000 | T5: 4000 | AA5: Temp/PA | AB5: -500 | AC5: 0 | AD5: 1000 | AE5: 2000 | AF5: 3000 | AG5: 4000
A6: -40 | B6: 3.9 | C6: 3.9 | D6: 3.9 | E6: 3.8 | F6: 3.6 | G6: -99 | N6: -40 | O6: 3.5 | P6: 3.5 | Q6: 3.5 | R6: 3.5 | S6: 3.3 | T6: -99 | AA6: -40 | AB6: 2.6 | AC6: 2.6 | AD6: 2.6 | AE6: 2.6 | AF6: 2.5 | AG6: -99
A7: -30 | B7: 3.9 | C7: 3.9 | D7: 3.9 | E7: 3.8 | F7: 3.6 | G7: -99 | N7: -30 | O7: 3.5 | P7: 3.5 | Q7: 3.5 | R7: 3.5 | S7: 3.3 | T7: -99 | AA7: -30 | AB7: 2.6 | AC7: 2.6 | AD7: 2.6 | AE7: 2.6 | AF7: 2.5 | AG7: -99
A8: -20 | B8: 3.9 | C8: 3.9 | D8: 3.7 | E8: 3.4 | F8: 3.2 | G8: -99 | N8: -20 | O8: 3.5 | P8: 3.5 | Q8: 3.4 | R8: 3.2 | S8: 2.85 | T8: -99 | AA8: -20 | AB8: 2.6 | AC8: 2.6 | AD8: 2.4 | AE8: 2.2 | AF8: 1.95 | AG8: -99
A9: -10 | B9: 3.7 | C9: 3.7 | D9: 3.45 | E9: 3.2 | F9: 3 | G9: -99 | N9: -10 | O9: 3.4 | P9: 3.4 | Q9: 3.1 | R9: 2.85 | S9: 2.6 | T9: -99 | AA9: -10 | AB9: 2.4 | AC9: 2.4 | AD9: 2.2 | AE9: 1.9 | AF9: 1.6 | AG9: -99
A10: 0 | B10: 3.5 | C10: 3.5 | D10: 3.2 | E10: 3 | F10: 2.75 | G10: -99 | N10: 0 | O10: 3.1 | P10: 3.1 | Q10: 2.8 | R10: 2.6 | S10: 2.3 | T10: -99 | AA10: 0 | AB10: 2.2 | AC10: 2.2 | AD10: 1.9 | AE10: 1.6 | AF10: 1.4 | AG10: -99
A11: 10 | B11: 3.2 | C11: 3.2 | D11: 3 | E11: 2.8 | F11: 2.5 | G11: -99 | N11: 10 | O11: 2.85 | P11: 2.85 | Q11: 2.6 | R11: 2.3 | S11: 2 | T11: -99 | AA11: 10 | AB11: 1.9 | AC11: 1.9 | AD11: 1.6 | AE11: 1.4 | AF11: 1.15 | AG11: -99
A12: 20 | B12: 3 | C12: 3 | D12: 2.75 | E12: 2.5 | F12: 2.25 | G12: -99 | N12: 20 | O12: 2.6 | P12: 2.6 | Q12: 2.4 | R12: 2.1 | S12: 1.8 | T12: -99 | AA12: 20 | AB12: 1.6 | AC12: 1.6 | AD12: 1.4 | AE12: 1.1 | AF12: 0.9 | AG12: -99
A13: 30 | B13: 2.8 | C13: 2.8 | D13: 2.5 | E13: 2.3 | F13: 1.9 | G13: -99 | N13: 30 | O13: 2.4 | P13: 2.4 | Q13: 2.2 | R13: 1.85 | S13: 1.6 | T13: -99 | AA13: 30 | AB13: 1.4 | AC13: 1.4 | AD13: 1.15 | AE13: 0.9 | AF13: 0.6 | AG13: -99
A14: 40 | B14: 2.5 | C14: 2.5 | D14: 2.2 | E14: 1.8 | F14: 1.2 | G14: -99 | N14: 40 | O14: 2.2 | P14: 2.2 | Q14: 1.8 | R14: 1.4 | S14: 0.8 | T14: -99 | AA14: 40 | AB14: 1.2 | AC14: 1.2 | AD14: 0.8 | AE14: 0.4 | AF14: -0.2 | AG14: -99
A15: 45 | B15: -99 | C15: -99 | D15: -99 | E15: -99 | F15: -99 | G15: -99 | N15: 45 | O15: -99 | P15: -99 | Q15: -99 | R15: -99 | S15: -99 | T15: -99 | AA15: 45 | AB15: -99 | AC15: -99 | AD15: -99 | AE15: -99 | AF15: -99 | AG15: -99
B17: x_n: | C17: =D1 -> 805 | D17: Table size | O17: x_n: | P17: =D1 -> 805 | Q17: Table size | AB17: x_n: | AC17: =D1 -> 805 | AD17: Table size
B18: x1_n: | C18: {=INDEX(B5:G5,MATCH(C17,B5:G5,1))} -> 0 | D18: Rows: | E18: =MATCH(MAX(A6:A15),A6:A15,1) -> 10 | O18: x1_n: | P18: {=INDEX(O5:T5,MATCH(P17,O5:T5,1))} -> 0 | Q18: Rows: | R18: =MATCH(MAX(N6:N15),N6:N15,1) -> 10 | AB18: x1_n: | AC18: {=INDEX(AB5:AG5,MATCH(AC17,AB5:AG5,1))} -> 0 | AD18: Rows: | AE18: =MATCH(MAX(AA6:AA15),AA6:AA15,1) -> 10
B19: x2_n: | C19: {=INDEX(B5:G5,IF(MATCH(C17,B5:G5,1)<E19,MATCH(C17,B5:G5,1)+1,MATCH(C17,B5:G5,1)))} -> 1000 | D19: Columns: | E19: =MATCH(MAX(B5:G5),B5:G5,0) -> 6 | O19: x2_n: | P19: {=INDEX(O5:T5,IF(MATCH(P17,O5:T5,1)<R19,MATCH(P17,O5:T5,1)+1,MATCH(P17,O5:T5,1)))} -> 1000 | Q19: Columns: | R19: =MATCH(MAX(O5:T5),O5:T5,0) -> 6 | AB19: x2_n: | AC19: {=INDEX(AB5:AG5,IF(MATCH(AC17,AB5:AG5,1)<AE19,MATCH(AC17,AB5:AG5,1)+1,MATCH(AC17,AB5:AG5,1)))} -> 1000 | AD19: Columns: | AE19: =MATCH(MAX(AB5:AG5),AB5:AG5,0) -> 6
B20: y_n: | C20: =D2 -> 15 | O20: y_n: | P20: =D2 -> 15 | AB20: y_n: | AC20: =D2 -> 15
B21: n1: | C21: {=INDEX(A6:A15,MATCH(C20,A6:A15,1))} -> 10 | O21: n1: | P21: {=INDEX(N6:N15,MATCH(P20,N6:N15,1))} -> 10 | AB21: n1: | AC21: {=INDEX(AA6:AA15,MATCH(AC20,AA6:AA15,1))} -> 10
B22: n2: | C22: {=INDEX(A6:A15,IF(MATCH(C20,A6:A15,1)<E18,MATCH(C20,A6:A15,1)+1,MATCH(C20,A6:A15,1)))} -> 20 | O22: n2: | P22: {=INDEX(N6:N15,IF(MATCH(P20,N6:N15,1)<R18,MATCH(P20,N6:N15,1)+1,MATCH(P20,N6:N15,1)))} -> 20 | AB22: n2: | AC22: {=INDEX(AA6:AA15,IF(MATCH(AC20,AA6:AA15,1)<AE18,MATCH(AC20,AA6:AA15,1)+1,MATCH(AC20,AA6:AA15,1)))} -> 20
B23: y1_n1: | C23: {=INDEX(B6:G15,MATCH(C20,A6:A15,1),MATCH(C17,B5:G5,1))} -> 3.2 | O23: y1_n1: | P23: {=INDEX(O6:T15,MATCH(P20,N6:N15,1),MATCH(P17,O5:T5,1))} -> 2.85 | AB23: y1_n1: | AC23: {=INDEX(AB6:AG15,MATCH(AC20,AA6:AA15,1),MATCH(AC17,AB5:AG5,1))} -> 1.9
B24: y2_n1: | C24: {=INDEX(B6:G15,MATCH(C20,A6:A15,1),IF(MATCH(C17,B5:G5,1)<E19,MATCH(C17,B5:G5,1)+1,MATCH(C20,A6:A15,1)))} -> 3 | O24: y2_n1: | P24: {=INDEX(O6:T15,MATCH(P20,N6:N15,1),IF(MATCH(P17,O5:T5,1)<R19,MATCH(P17,O5:T5,1)+1,MATCH(P20,N6:N15,1)))} -> 2.6 | AB24: y2_n1: | AC24: {=INDEX(AB6:AG15,MATCH(AC20,AA6:AA15,1),IF(MATCH(AC17,AB5:AG5,1)<AE19,MATCH(AC17,AB5:AG5,1)+1,MATCH(AC20,AA6:AA15,1)))} -> 1.6
B25: y1_n2: | C25: {=INDEX(B6:G15,IF(MATCH(C20,A6:A15,1)<E18,MATCH(C20,A6:A15,1)+1,MATCH(C20,A6:A15,1)),MATCH(C17,B5:G5,1))} -> 3 | O25: y1_n2: | P25: {=INDEX(O6:T15,IF(MATCH(P20,N6:N15,1)<R18,MATCH(P20,N6:N15,1)+1,MATCH(P20,N6:N15,1)),MATCH(P17,O5:T5,1))} -> 2.6 | AB25: y1_n2: | AC25: {=INDEX(AB6:AG15,IF(MATCH(AC20,AA6:AA15,1)<AE18,MATCH(AC20,AA6:AA15,1)+1,MATCH(AC20,AA6:AA15,1)),MATCH(AC17,AB5:AG5,1))} -> 1.6
B26: y2_n2: | C26: {=INDEX(B6:G15,IF(MATCH(C20,A6:A15,1)<E18,MATCH(C20,A6:A15,1)+1,MATCH(C20,A6:A15,1)),IF(MATCH(C17,B5:G5,1)<E19,MATCH(C17,B5:G5,1)+1,MATCH(C17,B5:G5,1)))} -> 2.75 | O26: y2_n2: | P26: {=INDEX(O6:T15,IF(MATCH(P20,N6:N15,1)<R18,MATCH(P20,N6:N15,1)+1,MATCH(P20,N6:N15,1)),IF(MATCH(P17,O5:T5,1)<R19,MATCH(P17,O5:T5,1)+1,MATCH(P17,O5:T5,1)))} -> 2.4 | AB26: y2_n2: | AC26: {=INDEX(AB6:AG15,IF(MATCH(AC20,AA6:AA15,1)<AE18,MATCH(AC20,AA6:AA15,1)+1,MATCH(AC20,AA6:AA15,1)),IF(MATCH(AC17,AB5:AG5,1)<AE19,MATCH(AC17,AB5:AG5,1)+1,MATCH(AC17,AB5:AG5,1)))} -> 1.4
B27: y_n1: | C27: =IFERROR(C23+(C17-C18)*(C24-C23)/(C19-C18),C23) -> 3.039 | O27: y_n1: | P27: =IFERROR(P23+(P17-P18)*(P24-P23)/(P19-P18),P23) -> 2.64875 | AB27: y_n1: | AC27: =IFERROR(AC23+(AC17-AC18)*(AC24-AC23)/(AC19-AC18),AC23) -> 1.6585
B28: y_n2: | C28: =IFERROR(C25+(C17-C18)*(C26-C25)/(C19-C18),C25) -> 2.79875 | O28: y_n2: | P28: =IFERROR(P25+(P17-P18)*(P26-P25)/(P19-P18),P25) -> 2.439 | AB28: y_n2: | AC28: =IFERROR(AC25+(AC17-AC18)*(AC26-AC25)/(AC19-AC18),AC25) -> 1.439
B29: Distance | C29: =IFERROR(C27+(C20-C21)*(C28-C27)/(C22-C21),C27) -> 2.918875 | O29: Distance | P29: =IFERROR(P27+(P20-P21)*(P28-P27)/(P22-P21),P27) -> 2.543875 | AB29: Distance | AC29: =IFERROR(AC27+(AC20-AC21)*(AC28-AC27)/(AC22-AC21),AC27) -> 1.54875
B31: Gradient | O31: Vikt | AB31: Vikt
A32: % | B32: 1 | C32: 2 | D32: 3 | E32: 4 | F32: 5 | N32: % | O32: 1 | P32: 2 | Q32: 3 | R32: 4 | S32: 5 | Z32: % | AA32: 0 | AB32: 1 | AC32: 2 | AD32: 3 | AE32: 4500
A33: 10000 | B33: 8.9 | C33: 10.8 | D33: 12 | E33: 12 | F33: 0 | N33: 10000 | O33: 9.2 | P33: 10 | Q33: 10 | R33: 10 | S33: 99999 | Z33: 10000 | AA33: 8.6 | AB33: 10 | AC33: 10 | AD33: 10 | AE33: 99999
A34: 11000 | B34: 7.3 | C34: 8.8 | D34: 10.2 | E34: 11.7 | F34: 0 | N34: 11000 | O34: 7.5 | P34: 9.1 | Q34: 10 | R34: 10 | S34: 99999 | Z34: 11000 | AA34: 6.9 | AB34: 8.4 | AC34: 10 | AD34: 10 | AE34: 99999
A35: 12000 | B35: 5.9 | C35: 7.2 | D35: 8.6 | E35: 9.9 | F35: 0 | N35: 12000 | O35: 6.1 | P35: 7.5 | Q35: 9 | R35: 10 | S35: 99999 | Z35: 12000 | AA35: 5.4 | AB35: 6.8 | AC35: 8.2 | AD35: 9.6 | AE35: 99999
A36: 13000 | B36: 4.9 | C36: 6.2 | D36: 7.2 | E36: 8.4 | F36: 0 | N36: 13000 | O36: 4.8 | P36: 6.2 | Q36: 7.4 | R36: 8.7 | S36: 99999 | Z36: 13000 | AA36: 4 | AB36: 5.2 | AC36: 6.6 | AD36: 8 | AE36: 99999
A37: 14000 | B37: 3.6 | C37: 4.75 | D37: 5.9 | E37: 7.1 | F37: 0 | N37: 14000 | O37: 3.7 | P37: 4.9 | Q37: 6 | R37: 7.2 | S37: 99999 | Z37: 14000 | AA37: 2.7 | AB37: 3.9 | AC37: 5.2 | AD37: 6.4 | AE37: 99999
A38: 15000 | B38: 2.5 | C38: 3.6 | D38: 4.7 | E38: 5.9 | F38: 0 | N38: 15000 | O38: 2.6 | P38: 3.7 | Q38: 4.8 | R38: 5.9 | S38: 99999 | Z38: 15000 | AA38: 1.6 | AB38: 2.6 | AC38: 3.8 | AD38: 5 | AE38: 99999
A39: 16000 | B39: 1.5 | C39: 2.6 | D39: 3.6 | E39: 4.5 | F39: 0 | N39: 16000 | O39: 1.6 | P39: 2.6 | Q39: 3.6 | R39: 4.7 | S39: 99999 | Z39: 16000 | AA39: 0.6 | AB39: 1.6 | AC39: 2.7 | AD39: 3.7 | AE39: 99999
