Workbook

Sheet Take-off
B1: SE-LTL
B2: Take-off distance Beech 200 | F2: SE-LTL | G2: Version
B3: Interpoleringsverktyg för startsträcka från AFM. | G3: 46266
B4: Flygplats och bana: | C4: ESUP RWY 29
C5: ESUP 300450Z AUTO 00000KT 9999 ///////// M02/M02 Q1034
B6: Wind direction: | C6: =IFERROR(__xludf.DUMMYFUNCTION("IF(E6<>"""", E6, IF($G$8, E6, IFERROR(IF(REGEXMATCH(C5, ""\bVRB""), ""000"", VALUE(REGEXEXTRACT(C5, ""\b(\d{3})\d{2,3}(?:G\d{2,3})?(?:KT|MPS)\b""))), ""-"")))"),0.0) -> 0 | D6: ° | F6: =IF(C24<0, "Tailwind", "")
B7: Wind speed: | C7: =IFERROR(__xludf.DUMMYFUNCTION("IF(E7<>"""", E7, IF($G$8, E7, IFERROR(VALUE(REGEXEXTRACT(C5, ""\b(?:\d{3}|VRB)(\d{2,3})(?:G\d{2,3})?(?:KT|MPS)\b"")), ""-"")))"),0.0) -> 0 | D7: kt
B8: Outside air temperature: | C8: =IFERROR(__xludf.DUMMYFUNCTION("IF(E8<>"""", E8, IF($G$8, E8, IFERROR(VALUE(SUBSTITUTE(REGEXEXTRACT(C5, ""\b(M?\d{2})\/(?:M?\d{2})\b""), ""M"", ""-"")), ""-"")))"),-2.0) -> -2 | D8: °C | F8: Remove manual MET | G8: FALSE
B9: QNH | C9: =IFERROR(__xludf.DUMMYFUNCTION("IF(E9<>"""", E9, IF($G$8, E9, IFERROR(VALUE(REGEXEXTRACT(C5, ""\bQ(\d{4})\b"")), ""-"")))"),1034.0) -> 1034 | D9: Hpa
B10: Runway Condition Code | C10: 5 | E10: MANUAL MET -> | F10: REFRESH METAR | G10: FALSE
B11: Runway contaminant | C11: No contaminant
B12: Contaminant depth | C12: 0 | D12: mm | E12: Max: | F12: =VLOOKUP(C11,'Dropdown lists'!B34:F40,5,FALSE) -> N/A
B13: Engine Anti-ice | C13: OFF | I13: Engine anti-ice can be disregarded (OFF in calculation) whenever 3300 lbs/ft take-off power can be obtained
B14: Take off mass: | C14: 12500 | D14: Lbs
B15: Airport data (Expandable) | I15: Från 1900an. Men borde vara lika på alla om man får ut max torque. Men det är inte utskrivet vad jag sett.
B16: Treshold elevation: | C16: {=INDEX('Airport data'!$A$5:$L1006,MATCH($C$4,'Airport data'!$A$5:$A1006,0),2)} -> 541 | D16: ft
B17: Runway Slope: | C17: {=INDEX('Airport data'!$A$5:$L1006,MATCH($C$4,'Airport data'!$A$5:$A1006,0),7)} -> 0 | D17: % | E17: + = upphill
B18: RWY Heading: | C18: {=INDEX('Airport data'!$A$5:$L1006,MATCH($C$4,'Airport data'!$A$5:$A1006,0),8)} -> 285 | D18: °
B19: ASDA: | C19: {=INDEX('Airport data'!$A$5:$L1006,MATCH($C$4,'Airport data'!$A$5:$A1006,0),5)-10} -> 2290 | D19: m | E19: Req gradient: | G19: {=INDEX('Airport data'!$A$5:$L1006,MATCH($C$4,'Airport data'!$A$5:$A1006,0),9)} -> 3.3
B20: TORA: | C20: {=INDEX('Airport data'!$A$5:$L1006,MATCH($C$4,'Airport data'!$A$5:$A1006,0),3)-10} -> 2290 | D20: m
B21: TODA: | C21: {=INDEX('Airport data'!$A$5:$L1006,MATCH($C$4,'Airport data'!$A$5:$A1006,0),4)-10} -> 2290 | D21: m | E21: TOR | F21: =C35*1.15 -> 560.27439 | J21: villkorsberoende format wind, xwind, limit
B22: LDA: | C22: {=INDEX('Airport data'!$A$5:$L1006,MATCH($C$4,'Airport data'!$A$5:$A1006,0),6)} -> 2300 | D22: m | J22: Ny källa metar script landing
B23: Calculated data | J23: Jämförelse rätt metar
B24: Head/Tail wind | C24: ='LTL_TAKE OFF Performance FLAPS '!D34 -> 0 | D24: Kt
B25: Crosswind | C25: =ABS('LTL_TAKE OFF Performance FLAPS '!C39*C7) -> 0 | D25: Kt | E25: Limit | F25: {=IF(ISBLANK(#REF!), 25, INDEX('Dropdown lists'!$B$4:$D$10,MATCH(C10,'Dropdown lists'!$B$4:$B$10,0),3))} -> 25
B26: FLAPS: | C26: UP | D26: TAKE-OFF | E26: APP | G26: FULL
B27: Dry Runway (Expandable)
B28: Ground Roll [m] | C28: ='LTL_TAKE OFF Performance FLAPS '!G28 -> 487.19512
B29: Take off distance [m] | C29: =MAX('LTL_TAKE OFF Performance FLAPS '!G29:G30) -> 963.41463
B30: Accelerade & STOP [m] | C30: =MAX('LTL_TAKE OFF Performance FLAPS '!G32) -> 926.82927
B31: V1 [kts] | C31: ='LTL_TAKE OFF Performance FLAPS '!E$22 -> 94
B32: VR [kts] | C32: ='LTL_TAKE OFF Performance FLAPS '!E$22 -> 94
B33: V2 [kts] | C33: ='LTL_TAKE OFF Performance FLAPS '!I22 -> 103
B34: Selected contaminant
B35: Ground Roll [m] | C35: ='LTL_TAKE OFF Performance FLAPS '!Q28 -> 487.19512
B36: Take off distance [m] | C36: =MAX('LTL_TAKE OFF Performance FLAPS '!Q29:Q31) -> 963.41463
B37: Accelerade & STOP [m] | C37: =MAX('LTL_TAKE OFF Performance FLAPS '!Q32) -> 926.82927
B38: V1 [kts] | C38: ='LTL_TAKE OFF Performance FLAPS '!E$22 -> 94
B39: VR [kts] | C39: ='LTL_TAKE OFF Performance FLAPS '!E$22 -> 94
B40: V2 [kts] | C40: ='LTL_TAKE OFF Performance FLAPS '!I$22 -> 103 | I40: Standard Procedure Design Gradient (PDG): 3,3%
B41: Climb
B42: Net Gradient OEI wings level [%] | C42: =IF( C24>0, 'LTL_NET GRADIENT OF CLIMB'!C55*(125/(125-50%*ABS(C24))), 'LTL_NET GRADIENT OF CLIMB'!C55*(125/(125+150%*ABS(C24))) ) -> 5.53985
B43: Gradient includes wind, 150% & 50% | C43: =IF(C42>G19,"", "Check jeppessen climb requriment")
B44: Emergency Return
B45: VREF [kts] | C45: ='LTL_LDG Performance'!K21 -> 121 | G45: ='LTL_LDG Performance'!I21 -> 97
B46: Landing Distance [m] | C46: =('LTL_LDG Performance'!D88/3.28)*'LTL_LDG Performance'!C55 -> 2320.9146 | G46: ='LTL_LDG Performance'!C54 -> 1365.2439
C54: Flaps UP
B55: ='Take-off'!$B19 -> ASDA: | C55: ='Take-off'!$C19 -> 2290
B56: ='Take-off'!$B20 -> TORA: | C56: ='Take-off'!$C20 -> 2290
B57: ='Take-off'!$B21 -> TODA: | C57: ='Take-off'!$C21 -> 2290
B58: =B35 -> Ground Roll [m] | C58: =C35 -> 487.19512
B59: =B36 -> Take off distance [m] | C59: =C36 -> 963.41463
B60: =B37 -> Accelerade & STOP [m] | C60: =C37 -> 926.82927
B68: Engine out procedure
B69: Minimum cloud base: | C69: {=INDEX('Airport data'!$B$5:$M$44,MATCH($C$4,'Airport data'!$A$5:$A$44,0),10)} | D69: ft
B70: Escape Route: | C70: {=INDEX('Airport data'!$B$5:$M$44,MATCH($C$4,'Airport data'!$A$5:$A$44,0),11)}

Sheet Landing
B2: Landning distance Beech 200 - SE-LTL | G2: Version
B3: Interpoleringsverktyg för landningsträcka | G3: 2026-XY-ZV
B4: Flygplats och bana: | C4: ESUP RWY 29
C5: ESUP 300450Z AUTO 00000KT 9999 ///////// M02/M02 Q1034
B6: Wind direction: | C6: =IFERROR(__xludf.DUMMYFUNCTION("IF(E6<>"""", E6, IF($G$8, E6, IFERROR(IF(REGEXMATCH(C5, ""\bVRB""), ""000"", VALUE(REGEXEXTRACT(C5, ""\b(\d{3})\d{2,3}(?:G\d{2,3})?(?:KT|MPS)\b""))), ""-"")))"),0.0) -> 0 | D6: ° | F6: =IF(C21<0, "Tailwind", "")
B7: Wind speed: | C7: =IFERROR(__xludf.DUMMYFUNCTION("IF(E7<>"""", E7, IF($G$8, E7, IFERROR(VALUE(REGEXEXTRACT(C5, ""\b(?:\d{3}|VRB)(\d{2,3})(?:G\d{2,3})?(?:KT|MPS)\b"")), ""-"")))"),0.0) -> 0 | D7: kt
B8: Outside air temperature: | C8: =IFERROR(__xludf.DUMMYFUNCTION("IF(E8<>"""", E8, IF($G$8, E8, IFERROR(VALUE(SUBSTITUTE(REGEXEXTRACT(C5, ""\b(M?\d{2})\/(?:M?\d{2})\b""), ""M"", ""-"")), ""-"")))"),-2.0) -> -2 | D8: °C | F8: Remove manual MET | G8: FALSE
B9: QNH | C9: =IFERROR(__xludf.DUMMYFUNCTION("IF(E9<>"""", E9, IF($G$8, E9, IFERROR(VALUE(REGEXEXTRACT(C5, ""\bQ(\d{4})\b"")), ""-"")))"),1034.0) -> 1034 | D9: Hpa
B10: Runway Condition Code | C10: 6 | E10: Manual MET -> | F10: REFRESH METAR | G10: FALSE
B11: Landing weight | C11: 12500 | D11: Lbs
B12: Max landing weight | C12: 12500 | D12: Lbs
B14: Airport data | C14: =IF(C11>C12, "Overweight landning","")
B15: Elevation: | C15: {=INDEX('Airport data'!$B$5:$H$43,MATCH($C$4,'Airport data'!$A$5:$A$43,0),1)} -> 541 | D15: ft
B16: Runway Slope: | C16: {=INDEX('Airport data'!$B$5:$H$43,MATCH($C$4,'Airport data'!$A$5:$A$43,0),5)} -> 2300 | D16: % | F16: + = upphill
B17: RWY Heading: | C17: {=INDEX('Airport data'!$B$5:$H$43,MATCH($C$4,'Airport data'!$A$5:$A$43,0),7)} -> 285 | D17: °
B18: LDA: | C18: {=INDEX('Airport data'!$B$5:$H$43,MATCH($C$4,'Airport data'!$A$5:$A$43,0),4)} -> 2300 | D18: m
B19: Calculated data
B20: Landing Distance Factor | C20: =IF( ISBLANK(Landing!C10),1.67, VLOOKUP(Landing!C10,'Dropdown lists'!B4:C10,2)) -> 1.67
B21: Head/Tail wind | C21: ='LTL_LDG Performance'!D32 -> 0 | D21: Kt
B22: Crosswind | C22: =ABS('LTL_LDG Performance'!C37*C7) -> 0 | D22: Kt | F22: Limit | G22: {=IF(ISBLANK(C10), 25, INDEX('Dropdown lists'!$B$4:$D$10,MATCH($C$10,'Dropdown lists'!$B$4:$B$10,0),3))} -> 25
B24: FLAPS: | C24: UP | D24: TAKE-OFF | F24: APP | G24: FULL
B25: Landing Distance
B26: VREF [kts] | C26: ='LTL_LDG Performance'!M21 -> 121 | G26: ='LTL_LDG Performance'!E21 -> 97
B27: Landing Distance factored [m] | C27: =('LTL_LDG Performance'!B88/3.28)*Landing!C20 -> 1926.5385 | G27: ='LTL_Landing distance data'!C102*C20 -> 1133.2579
B28: Flap Up based on AFM graph
C29: =IF(ISBLANK(C10), "Dry & Unfactored *1,67", "" )
B30: Missed approach
B31: OEI Climb Gradient [%] | C31: =IF( C21>0, 'LTL_OEI CLIMB GRADIENT'!P46*(125/(125+50%*C21)), 'LTL_OEI CLIMB GRADIENT'!P46*(125/(125-150%*C21)) ) -> 4.94 | D31: Gradient includes wind, 150% & 50%
C35: Flaps UP | D35: Flaps FULL
B36: LDA | C36: =Landing!$C$18 -> 2300 | D36: =Landing!$C$18 -> 2300
B37: Landing distance | C37: =C27 -> 1926.5385 | D37: =G27 -> 1133.2579

Sheet Airport data
A1: Airport | B1: Runway Threshold Elevation: | C1: TORA | D1: TODA | E1: ASDA | F1: LDA: | G1: RWY Slope: | H1: RWY HDG | I1: Minimum departure climb gradient, obstacles | J1: Uppdaterad | K1: ESCAPE ROUTE INFO
K2: Min cloud base | L2: Routing
B4: [ft] | C4: [m] | D4: [m] | E4: [m] | F4: [m] | G4: [%] | H4: [°] | I4: [%] | J4: [Date]
A5: No airport selected | B5: - | D5: - | E5: - | F5: - | G5: - | H5: - | J5: -
A6: Custom airport | B6: 200 | C6: 2000 | D6: 2000 | E6: 2000 | F6: 2000 | G6: 0 | H6: 120 | I6: 3.3 | K6: 666 | L6: Kör mot OY gör en racetrack entry och stig på QDR 090 till MSA. | N6: ÄNDRA ljusgröna RADER VID BEHOV
A8: ESKM RWY 16 | B8: 631 | C8: =D8 -> 1814 | D8: 1814 | E8: 1814 | F8: 1814 | G8: 0 | H8: 156 | I8: 5
A9: ESKM RWY 34 | B9: 618 | C9: =D9 -> 1814 | D9: 1814 | E9: 1814 | F9: 1814 | G9: 0 | H9: 336 | I9: 3.3
A10: ESND RWY 09 | B10: 1172 | C10: =D10 -> 1701 | D10: 1701 | E10: 1701 | F10: 1701 | G10: 0 | H10: 82 | I10: 3.3 | P10: ESSA
A11: ESND RWY 27 | B11: 1177 | C11: =D11 -> 1701 | D11: 1701 | E11: 1701 | F11: 1701 | G11: 0 | H11: 262 | I11: 3.3
A12: ESNU 14 B | B12: 25 | C12: =D12 -> 1721 | D12: 1721 | E12: 1721 | F12: 2302 | G12: 0 | H12: 130 | I12: 3.4 | J12: 45604
A13: ESNU 14 FULL | B13: 25 | C13: =D13 -> 2302 | D13: 2302 | E13: 2302 | F13: 2302 | G13: 0 | H13: 130 | I13: 3.4 | J13: 45604
A14: ESNU 32 | B14: 17 | C14: =D14 -> 2302 | D14: 2302 | E14: 2302 | F14: 2242 | G14: 0 | H14: 310 | I14: 3.3 | J14: 45604
A15: ESNU 32 D | B15: 17 | C15: =D15 -> 1599 | D15: 1599 | E15: 1599 | F15: 2242 | G15: 0 | H15: 310 | I15: 3.3 | J15: 45604
A16: ESNZ RWY 12 G | B16: 1194 | C16: =D16 -> 1907 | D16: 1907 | E16: 1907 | F16: 2500 | G16: 1.5 | H16: 109 | I16: 4.2
A17: ESNZ RWY 30 | B17: 1234 | C17: =D17 -> 2500 | D17: 2500 | E17: 2500 | F17: 2500 | G17: -1.5 | H17: 289 | I17: 3.5
A18: ESOH RWY 18 | B18: 474 | C18: =D18 -> 1508 | D18: 1508 | E18: 1508 | F18: 1508 | G18: 0 | H18: 172 | I18: 3.8
A19: ESOH RWY 36 | B19: 469 | C19: =D19 -> 1508 | D19: 1508 | E19: 1508 | F19: 1508 | G19: 0 | H19: 352 | I19: 5.5
A20: ESPA RWY 14 A3 | B20: 65 | C20: =D20 -> 2260 | D20: 2260 | E20: 3160 | F20: 3350 | G20: 0 | H20: 127 | I20: 3.3
A21: ESPA RWY 32 A5 | B21: 21 | C21: =D21 -> 2335 | D21: 2335 | E21: 2395 | F21: 3350 | G21: 0 | H21: 307 | I21: 3.3
A22: ESSA 01L FULL | B22: 98 | C22: =D22 -> 3301 | D22: 3301 | E22: 3301 | F22: 3301 | G22: 0 | H22: 4 | I22: 3.3
A23: ESSA 01L Y3 | B23: 98 | C23: =D23 -> 2276 | D23: 2276 | E23: 2276 | F23: 2500 | G23: 0 | H23: 4 | I23: 3.3
A24: ESSA 01R FULL | B24: 138 | C24: =D24 -> 2500 | D24: 2500 | E24: 2500 | F24: 2500 | G24: 0 | H24: 4 | I24: 3.3
A25: ESSA 01R W3 | B25: 138 | C25: =D25 -> 2147 | D25: 2147 | E25: 2147 | F25: 2147 | G25: 0 | H25: 4 | I25: 3.3
A26: ESSA 08 FULL | B26: 108 | C26: =D26 -> 2800 | D26: 2800 | E26: 2500 | F26: 2500 | G26: 0 | H26: 70 | I26: 3.3
A27: ESSA 08 X3 | B27: 108 | C27: =D27 -> 2179 | D27: 2179 | E27: 1879 | F27: 2500 | G27: 0 | H27: 70 | I27: 3.3
... A43: ESUP RWY 29 | B43: 541 | C43: =D43 -> 2300 | D43: 2300 | E43: 2300 | F43: 2300 | G43: 0 | H43: 285 | I43: 3.3
A44: ESUT RWY 15 | B44: 1503 | C44: 1594 | D44: 1594 | E44: 1594 | F44: 1445 | G44: 0 | H44: 150 | I44: 2.4 | K44: 150 | L44: Climb STRAIGHT ahead to "SUT" LOCATOR and enter published holding.
A46: Source: | B46: AIP | D46: AIP AD | E46: AIP AD | F46: AIP | G46: AIP AD 2.12 | H46: AIP | I46: Uträknat från AIP "AOC"

Sheet Dropdown lists
B1: Factors | D1: X-wind
B3: RWCC | C3: Faktor | D3: Limit
B4: 1 | C4: 2.9 | D4: 4
B5: 2 | C5: 2.7 | D5: 9
B6: 3 | C6: 2.4 | D6: 14
B7: 4 | C7: 2.2 | D7: 20
B8: 5 | C8: 2 | D8: 25
B9: 6 | C9: 1.67 | D9: 25
D10: 25
B12: FLAPS
B19: Runway take off
B27: Engine anti-ice
I29: =IF('Take-off'!$C$11='Dropdown lists'!B34,) -> FALSE
B30: ON
B31: OFF
B33: Runway contaminant | D33: Faktor | E33: Måttenhet | F33: Max
B34: Wet Runway | D34: 0 | F34: N/A
B35: Compacted snow | D35: 0 | F35: N/A
B36: Dry snow | D36: 0.005 | E36: mm | F36: N/A
B37: Wet snow | D37: 0.01 | E37: mm | F37: 50
B38: Slush | D38: 0.02 | E38: mm | F38: 25
B39: Standing water | D39: 0.02 | E39: mm | F39: 25
B40: No contaminant | D40: 0 | F40: N/A
B44: Technique
B47: Static T/O power
B48: Rolling take off

Sheet LTL_LDG Performance
A1: LANDING PERFORMANCE (Normal)
H2: EMG RETURN | I2: EMG RETURN | J2: FLAPS UP | K2: EMG RETURN | L2: FLAPS UP | M2: Normal
A3: Landing Mass | D3: Speeds | H3: Speeds | J3: Speeds | L3: Speeds
D4: Vref | H4: Vref | J4: Vref | L4: Vref
A5: 9000 | D5: 80 | H5: 80 | J5: 103 | L5: 103
A6: 10000 | D6: 85 | H6: 85 | J6: 108 | L6: 108
A7: 11000 | D7: 90 | H7: 90 | J7: 113 | L7: 113
A8: 12000 | D8: 95 | H8: 95 | J8: 119 | L8: 119
A9: 12500 | D9: 97 | H9: 97 | J9: 121 | L9: 121
A11: Table size Landing distance
B12: Rows: | C12: =MATCH(MAX(A5:A9),A5:A9,0) -> 5
B13: Columns: | C13: =MATCH(MAX(D5),D5,0) -> 1
D15: x_n: | E15: =D4 -> Vref | I15: =H4 -> Vref | K15: =J4 -> Vref | M15: =L4 -> Vref
D16: y_n: | E16: =Landing!C11 -> 12500 | I16: ='Take-off'!C14 -> 12500 | K16: ='Take-off'!C14 -> 12500 | M16: =Landing!C11 -> 12500
D17: n1: | E17: {=INDEX($A$5:$A$9,MATCH(E16,$A$5:$A$9,1))} -> 12500 | I17: {=INDEX($A$5:$A$9,MATCH(I16,$A$5:$A$9,1))} -> 12500 | K17: {=INDEX($A$5:$A$9,MATCH(K16,$A$5:$A$9,1))} -> 12500 | M17: {=INDEX($A$5:$A$9,MATCH(M16,$A$5:$A$9,1))} -> 12500
D18: n2: | E18: {=INDEX($A$5:$A$9,IF(MATCH(E16,$A$5:$A$9,1)<$C$12,MATCH(E16,$A$5:$A$9,1)+1,MATCH(E16,$A$5:$A$9,1)))} -> 12500 | I18: {=INDEX($A$5:$A$9,IF(MATCH(I16,$A$5:$A$9,1)<$C$12,MATCH(I16,$A$5:$A$9,1)+1,MATCH(I16,$A$5:$A$9,1)))} -> 12500 | K18: {=INDEX($A$5:$A$9,IF(MATCH(K16,$A$5:$A$9,1)<$C$12,MATCH(K16,$A$5:$A$9,1)+1,MATCH(K16,$A$5:$A$9,1)))} -> 12500 | M18: {=INDEX($A$5:$A$9,IF(MATCH(M16,$A$5:$A$9,1)<$C$12,MATCH(M16,$A$5:$A$9,1)+1,MATCH(M16,$A$5:$A$9,1)))} -> 12500
D19: y1_n1: | E19: {=INDEX(D5:D9,MATCH(E16,$A$5:$A$9,1),MATCH(E15,D4,1))} -> 97 | I19: {=INDEX(H5:H9,MATCH(I16,$A$5:$A$9,1),MATCH(I15,H4,1))} -> 97 | K19: {=INDEX(J5:J9,MATCH(K16,$A$5:$A$9,1),MATCH(K15,J4,1))} -> 121 | M19: {=INDEX(L5:L9,MATCH(M16,$A$5:$A$9,1),MATCH(M15,L4,1))} -> 121
D20: y1_n2: | E20: {=INDEX(D5:D9,IF(MATCH(E16,$A$5:$A$9,1)<$C$12,MATCH(E16,$A$5:$A$9,1)+1,MATCH(E16,$A$5:$A$9,1)),MATCH(E15,D4,1))} -> 97 | I20: {=INDEX(H5:H9,IF(MATCH(I16,$A$5:$A$9,1)<$C$12,MATCH(I16,$A$5:$A$9,1)+1,MATCH(I16,$A$5:$A$9,1)),MATCH(I15,H4,1))} -> 97 | K20: {=INDEX(J5:J9,IF(MATCH(K16,$A$5:$A$9,1)<$C$12,MATCH(K16,$A$5:$A$9,1)+1,MATCH(K16,$A$5:$A$9,1)),MATCH(K15,J4,1))} -> 121 | M20: {=INDEX(L5:L9,IF(MATCH(M16,$A$5:$A$9,1)<$C$12,MATCH(M16,$A$5:$A$9,1)+1,MATCH(M16,$A$5:$A$9,1)),MATCH(M15,L4,1))} -> 121
D21: Vref: | E21: =IFERROR(E19+(E16-E17)*(E20-E19)/(E18-E17),E19) -> 97 | I21: =IFERROR(I19+(I16-I17)*(I20-I19)/(I18-I17),I19) -> 97 | K21: =IFERROR(K19+(K16-K17)*(K20-K19)/(K18-K17),K19) -> 121 | M21: =IFERROR(M19+(M16-M17)*(M20-M19)/(M18-M17),M19) -> 121
B29: Windcalc
B31: WCA | C31: Factor | D31: H/T wind
B32: =IF(ABS(Landing!C17-Landing!C6)>270,360-ABS(Landing!C17-Landing!C6),Landing!C17-Landing!C6) -> 75 | C32: =IF(ABS(B32)>90,ABS(COS(B32*PI()/180))*(-1),ABS(COS(B32*PI()/180))) -> 0.25881905 | D32: =IF( ISBLANK(Landing!C6), Landing!C7*-1, Landing!C7*C32) -> 0
B37: Crosswind factor | C37: =IF(ABS(B32)>90,ABS(SIN(B32*PI()/180))*(-1),ABS(SIN(B32*PI()/180))) -> 0.96592583
A48: Emergency Return
B53: Unfactorised | C53: Factorised
B54: ='LTL_Landing distance data'!K102 -> 682.62195 | C54: =B54*C55 -> 1365.2439
B55: Landing Distance Factor: | C55: =IF( ISBLANK('Take-off'!C10),MIN('Dropdown lists'!C4:C10), VLOOKUP('Take-off'!C10,'Dropdown lists'!B4:C10,2)) -> 2
A66: LANDING PERFORMANCE (UP)
A68: Landing Distance Flaps LAND [feet] | B68: Landing distance | D68: EMG RETURN
B69: UP | D69: EMG RETURN
A70: 500 | B70: 850
A71: 1000 | B71: 1700
A72: 1500 | B72: 2550
A73: 2000 | B73: 3400
A74: 2500 | B74: 4250
A75: 2900 | B75: 5000 | G75: 2900Ft Max i grafen
A76: 3500 | B76: 99999
A78: Table size Landing distance
B79: Rows: | C79: =MATCH(MAX(A70:A76),A70:A76,0) -> 7
B80: Columns: | C80: =MATCH(MAX(B70),B70,0) -> 1
A82: x_n: | B82: =B69 -> UP | D82: =D69 -> EMG RETURN
A83: y_n: | B83: ='LTL_Landing distance data'!C102*3.28 -> 2225.8 | D83: ='LTL_Landing distance data'!K102*3.28 -> 2239
A84: n1: | B84: {=INDEX(A70:A76,MATCH(B83,A70:A76,1))} -> 2000 | D84: {=INDEX($A$70:$A$76,MATCH(D83,$A$70:$A$76,1))} -> 2000
A85: n2: | B85: {=INDEX(A70:A76,IF(MATCH(B83,A70:A76,1)<C79,MATCH(B83,A70:A76,1)+1,MATCH(B83,A70:A76,1)))} -> 2500 | D85: {=INDEX($A$70:$A$76,IF(MATCH(D83,$A$70:$A$76,1)<$C$79,MATCH(D83,$A$70:$A$76,1)+1,MATCH(D83,$A$70:$A$76,1)))} -> 2500
A86: y1_n1: | B86: {=INDEX(B70:B76,MATCH(B83,A70:A76,1),MATCH(B82,B69,1))} -> 3400 | D86: {=INDEX(B70:B76,MATCH(D83,$A$70:$A$76,1),MATCH(D82,D69,1))} -> 3400
A87: y1_n2: | B87: {=INDEX(B70:B76,IF(MATCH(B83,A70:A76,1)<C79,MATCH(B83,A70:A76,1)+1,MATCH(B83,A70:A76,1)),MATCH(B82,B69,1))} -> 4250 | D87: {=INDEX(B70:B76,IF(MATCH(D83,$A$70:$A$76,1)<$C$79,MATCH(D83,$A$70:$A$76,1)+1,MATCH(D83,$A$70:$A$76,1)),MATCH(D82,D69,1))} -> 4250
A88: T/O Distance: | B88: =IFERROR(B86+(B83-B84)*(B87-B86)/(B85-B84),B86) -> 3783.86 | D88: =IFERROR(D86+(D83-D84)*(D87-D86)/(D85-D84),D86) -> 3806.3

Sheet LTL_TAKE OFF Performance FLAPS 
A1: Take off PERFORMANCE (FLAPS UP)
A2: UP
A3: Landing Mass | D3: Speeds | H3: Speeds
D4: V1/R | H4: V2
A5: 9000 | D5: 94 | H5: 103
A6: 10000 | D6: 94 | H6: 103
A7: 11000 | D7: 94 | H7: 103
A8: 11500 | D8: 94 | H8: 103
A9: 12000 | D9: 94 | H9: 103
A10: 12500 | D10: 94 | H10: 103
D12: Table size Vref | H12: V2
D13: Rows: | E13: =MATCH(MAX($A5:$A10),$A5:$A10,0) -> 6 | I13: =MATCH(MAX($A5:$A10),$A5:$A10,0) -> 6
D14: Columns: | E14: =MATCH(MAX(D5),D5,0) -> 1 | I14: =MATCH(MAX(H5),H5,0) -> 1
D16: x_n: | E16: =D4 -> V1/R | I16: =H4 -> V2
D17: y_n: | E17: ='Take-off'!$C$14 -> 12500 | I17: ='Take-off'!$C$14 -> 12500
D18: n1: | E18: {=INDEX($A5:$A10,MATCH(E17,$A5:$A10,1))} -> 12500 | I18: {=INDEX($A5:$A10,MATCH(I17,$A5:$A10,1))} -> 12500
D19: n2: | E19: {=INDEX($A5:$A10,IF(MATCH(E17,$A5:$A10,1)<E13,MATCH(E17,$A5:$A10,1)+1,MATCH(E17,$A5:$A10,1)))} -> 12500 | I19: {=INDEX($A5:$A10,IF(MATCH(I17,$A5:$A10,1)<I13,MATCH(I17,$A5:$A10,1)+1,MATCH(I17,$A5:$A10,1)))} -> 12500
D20: y1_n1: | E20: {=INDEX(D5:D10,MATCH(E17,$A5:$A10,1),MATCH(E16,D4,1))} -> 94 | I20: {=INDEX(H5:H10,MATCH(I17,$A5:$A10,1),MATCH(I16,H4,1))} -> 103
D21: y1_n2: | E21: {=INDEX(D5:D10,IF(MATCH(E17,$A5:$A10,1)<E13,MATCH(E17,$A5:$A10,1)+1,MATCH(E17,$A5:$A10,1)),MATCH(E16,D4,1))} -> 94 | I21: {=INDEX(H5:H10,IF(MATCH(I17,$A5:$A10,1)<I13,MATCH(I17,$A5:$A10,1)+1,MATCH(I17,$A5:$A10,1)),MATCH(I16,H4,1))} -> 103
D22: Vref: | E22: =IFERROR(E20+(E17-E18)*(E21-E20)/(E19-E18),E20) -> 94 | I22: =IFERROR(I20+(I17-I18)*(I21-I20)/(I19-I18),I20) -> 103
A25: Landing distance required calculations
B27: Flat | C27: Teknik | D27: Runwayfactor <5 | E27: Runwayfactor <3 | F27: Slope | G27: Totalt | I27: Factor for Contaminant type | J27: Contaminant depth | K27: Tot before | L27: Correction | M27: Runwayfactor <5 | N27: Runwayfactor <3 | O27: Rulebased factor | P27: Correction 15ft istället för 35ft | Q27: Total contaminated
A28: Ground Roll | B28: ='LTL_Takeoff distance (2)'!C74/3.28 -> 487.19512 | C28: 0 | D28: N/A | E28: N/A | F28: =IF('Take-off'!$C$17>0, ((+'Take-off'!$C$17*5)%*SUM(B28:E28)),0 ) -> 0 | G28: =SUM(B28:F28) -> 487.19512 | I28: =VLOOKUP('Take-off'!$C$11, 'Dropdown lists'!$B$34:$D$40, 3, FALSE) -> 0 | J28: ='Take-off'!$C$12 -> 0 | K28: =SUM(B28:F28) -> 487.19512 | L28: =K28*(I28*J28) -> 0 | M28: =IF('Take-off'!$C$10<5, 30%*K28, 0) -> 0 | N28: =IF('Take-off'!$C$10<3, 20%*K28, 0) -> 0 | O28: 0 | Q28: =SUM(K28:O28) -> 487.19512
A29: Take off distance | B29: ='LTL_Takeoff distance (2)'!C93/3.28 -> 618.10976 | C29: 0 | D29: N/A | E29: N/A | F29: =IF('Take-off'!$C$17>0, ((+'Take-off'!$C$17*5)%*SUM(B29:E29)),0 ) -> 0 | G29: =SUM(B29:F29)*115% -> 710.82622 | I29: =VLOOKUP('Take-off'!$C$11, 'Dropdown lists'!$B$34:$D$40, 3, FALSE) -> 0 | J29: ='Take-off'!$C$12 -> 0 | K29: =SUM(B29:F29) -> 618.10976 | L29: =K29*(I29*J29) -> 0 | M29: =IF('Take-off'!$C$10<5, 30%*K29, 0) -> 0 | N29: =IF('Take-off'!$C$10<3, 20%*K29, 0) -> 0 | O29: =15%*SUM(K29:N29) -> 92.716463 | Q29: =SUM(K29:O29) -> 710.82622
A30: Accelerate GO DRY | B30: ='LTL_Accelerate and GO (2)'!C74/3.28 -> 963.41463 | C30: 0 | D30: N/A | E30: N/A | F30: =IF('Take-off'!$C$17>0, ((+'Take-off'!$C$17*5)%*SUM(B30:E30)),0 ) -> 0 | G30: =SUM(B30:F30) -> 963.41463 | I30: =VLOOKUP('Take-off'!$C$11, 'Dropdown lists'!$B$34:$D$40, 3, FALSE) -> 0 | J30: ='Take-off'!$C$12 -> 0 | K30: =SUM(B30:F30) -> 963.41463 | Q30: =G30 -> 963.41463
A31: Accelerate GO WET/CONT | B31: =B30 -> 963.41463 | C31: 0 | D31: N/A | E31: N/A | F31: =IF('Take-off'!$C$17>0, ((+'Take-off'!$C$17*5)%*SUM(B31:E31)),0 ) -> 0 | G31: =SUM(B31:F31) -> 963.41463 | H31: 35 fot | I31: =VLOOKUP('Take-off'!$C$11, 'Dropdown lists'!$B$34:$D$40, 3, FALSE) -> 0 | J31: ='Take-off'!$C$12 -> 0 | K31: =SUM(B31:F31) -> 963.41463 | L31: =K31*(I31*J31) -> 0 | M31: =IF('Take-off'!$C$10<5, 30%*K31, 0) -> 0 | N31: =IF('Take-off'!$C$10<3, 20%*K31, 0) -> 0 | O31: 0 | P31: =-20/('Take-off'!C42/100)/3.28 -> -110.06726 | Q31: =SUM(K31:P31) -> 853.34738
A32: Accelerate stop | B32: ='LTL_Accelerate and stop2'!C74/3.28 -> 926.82927 | C32: 0 | D32: N/A | E32: N/A | F32: =IF('Take-off'!$C$17>0, ((+'Take-off'!$C$17*5)%*SUM(B32:E32)),0 ) -> 0 | G32: =SUM(B32:F32) -> 926.82927 | I32: =VLOOKUP('Take-off'!$C$11, 'Dropdown lists'!$B$34:$D$40, 3, FALSE) -> 0 | J32: ='Take-off'!$C$12 -> 0 | K32: =SUM(B32:F32) -> 926.82927 | L32: =K32*(I32*J32) -> 0 | M32: =IF('Take-off'!$C$10<5, 30%*K32, 0) -> 0 | N32: =IF('Take-off'!$C$10<3, 20%*K32, 0) -> 0 | O32: 0 | Q32: =SUM(K32:O32) -> 926.82927
B33: WCA | C33: Factor | D33: H/T wind
B34: =IF(ABS('Take-off'!C18-'Take-off'!C6)>270,360-ABS('Take-off'!C18-'Take-off'!C6),'Take-off'!C18-'Take-off'!C6) -> 75 | C34: =IF(ABS(B34)>90,ABS(COS(B34*PI()/180))*(-1),ABS(COS(B34*PI()/180))) -> 0.25881905 | D34: =IF( ISBLANK('Take-off'!C6), 'Take-off'!C7*-1, 'Take-off'!C7*C34) -> 0
A35: TDR | B35: Unfactorised | C35: Factorised
B39: Crosswind factor | C39: =IF(ABS(B34)>90,ABS(SIN(B34*PI()/180))*(-1),ABS(SIN(B34*PI()/180))) -> 0.96592583

Sheet Blad3
A1: TAKE OFF PERFORMANCE (FLAPS APPROACH)
A2: TAKE-OFF
A3: Mass | D3: Speeds | H3: Speeds
D4: V1/R | H4: V2
A5: 9000 | D5: 1 | H5: 2
A6: 10000 | D6: 1 | H6: 2
A7: 11000 | D7: 1 | H7: 2
A8: 11500 | D8: 1 | H8: 2
A9: 12000 | D9: 1 | H9: 2
A10: 12500 | D10: 1 | H10: 2
D12: Table size Vref | H12: V2
D13: Rows: | E13: =MATCH(MAX($A5:$A10),$A5:$A10,0) -> 6 | I13: =MATCH(MAX($A5:$A10),$A5:$A10,0) -> 6
D14: Columns: | E14: =MATCH(MAX(D5),D5,0) -> 1 | I14: =MATCH(MAX(H5),H5,0) -> 1
D16: x_n: | E16: =D4 -> V1/R | I16: =H4 -> V2
D17: y_n: | E17: ='Take-off'!$C$14 -> 12500 | I17: ='Take-off'!$C$14 -> 12500
D18: n1: | E18: {=INDEX($A5:$A10,MATCH(E17,$A5:$A10,1))} -> 12500 | I18: {=INDEX($A5:$A10,MATCH(I17,$A5:$A10,1))} -> 12500
D19: n2: | E19: {=INDEX($A5:$A10,IF(MATCH(E17,$A5:$A10,1)<E13,MATCH(E17,$A5:$A10,1)+1,MATCH(E17,$A5:$A10,1)))} -> 12500 | I19: {=INDEX($A5:$A10,IF(MATCH(I17,$A5:$A10,1)<I13,MATCH(I17,$A5:$A10,1)+1,MATCH(I17,$A5:$A10,1)))} -> 12500
D20: y1_n1: | E20: {=INDEX(D5:D10,MATCH(E17,$A5:$A10,1),MATCH(E16,D4,1))} -> 1 | I20: {=INDEX(H5:H10,MATCH(I17,$A5:$A10,1),MATCH(I16,H4,1))} -> 2
D21: y1_n2: | E21: {=INDEX(D5:D10,IF(MATCH(E17,$A5:$A10,1)<E13,MATCH(E17,$A5:$A10,1)+1,MATCH(E17,$A5:$A10,1)),MATCH(E16,D4,1))} -> 1 | I21: {=INDEX(H5:H10,IF(MATCH(I17,$A5:$A10,1)<I13,MATCH(I17,$A5:$A10,1)+1,MATCH(I17,$A5:$A10,1)),MATCH(I16,H4,1))} -> 2
D22: Vref: | E22: =IFERROR(E20+(E17-E18)*(E21-E20)/(E19-E18),E20) -> 1 | I22: =IFERROR(I20+(I17-I18)*(I21-I20)/(I19-I18),I20) -> 2
A23: Windcorrected distances
A25: Landing distance required calculations
B27: Flat | C27: Technique | D27: Runwayfactor <5 | E27: Runwayfactor <3 | F27: Slope | G27: Totalt | I27: Factor for Contaminant type | J27: Contaminant depth | K27: Tot before | L27: Correction | M27: Runwayfactor <5 | N27: Runwayfactor <3 | O27: Rulebased factor | P27: Correction 15ft istället för 35ft | Q27: Total contaminated
A28: Take off distance | B28: ='LTL_Takeoff distance (2)'!AC93/3.28 -> #N/A | C28: =IF('Take-off'!#REF!='Dropdown lists'!$B$48, 500/3.28, 0) -> #ERROR! | D28: N/A | E28: N/A | F28: =IF('Take-off'!$C$17>0, ((+'Take-off'!$C$17*5)%*SUM(B28:E28)),0 ) -> 0 | G28: =SUM(B28:F28)*115% -> #N/A | I28: =VLOOKUP('Take-off'!$C$11, 'Dropdown lists'!$B$34:$D$40, 3, FALSE) -> 0 | J28: ='Take-off'!$C$12 -> 0 | K28: =SUM(B28:F28) -> #N/A | L28: =K28*(I28*J28) -> #N/A | M28: =IF('Take-off'!$C$10<5, 30%*K28, 0) -> 0 | N28: =IF('Take-off'!$C$10<3, 20%*K28, 0) -> 0 | O28: =15%*SUM(K28:N28) -> #N/A | Q28: =SUM(K28:O28) -> #N/A
A29: Accelerate STOP distance | B29: ='LTL_Accelerate and stop2'!AC74/3.28 -> #N/A | C29: =IF('Take-off'!#REF!='Dropdown lists'!$B$48, 500/3.28, 0) -> #ERROR! | D29: N/A | E29: N/A | F29: =IF('Take-off'!$C$17>0, ((+'Take-off'!$C$17*5)%*SUM(B29:E29)),0 ) -> 0 | G29: =SUM(B29:F29) -> #N/A | I29: =VLOOKUP('Take-off'!$C$11, 'Dropdown lists'!$B$34:$D$40, 3, FALSE) -> 0 | J29: ='Take-off'!$C$12 -> 0 | K29: =SUM(B29:F29) -> #N/A | L29: =K29*(I29*J29) -> #N/A | M29: =IF('Take-off'!$C$10<5, 30%*K29, 0) -> 0 | N29: =IF('Take-off'!$C$10<3, 20%*K29, 0) -> 0 | O29: 0 | Q29: =SUM(K29:O29) -> #N/A
A30: Accelerate GO DRY | B30: ='LTL_Accelerate and GO (2)'!AD74/3.28 -> #N/A | C30: =IF('Take-off'!#REF!='Dropdown lists'!$B$48, 500/3.28, 0) -> #ERROR! | D30: N/A | E30: N/A | F30: =IF('Take-off'!$C$17>0, ((+'Take-off'!$C$17*5)%*SUM(B30:E30)),0 ) -> 0 | G30: =SUM(B30:F30) -> #N/A | I30: =VLOOKUP('Take-off'!$C$11, 'Dropdown lists'!$B$34:$D$40, 3, FALSE) -> 0 | J30: ='Take-off'!$C$12 -> 0 | K30: =SUM(B30:F30) -> #N/A | L30: =K30*(I30*J30) -> #N/A | M30: =IF('Take-off'!$C$10<5, 30%*K30, 0) -> 0 | N30: =IF('Take-off'!$C$10<3, 20%*K30, 0) -> 0 | O30: 0 | Q30: =G30 -> #N/A
A31: Accelerate GO WET/CONT | B31: =B30 -> #N/A | C31: =IF('Take-off'!#REF!='Dropdown lists'!$B$48, 500/3.28, 0) -> #ERROR! | D31: N/A | E31: N/A | F31: =IF('Take-off'!$C$17>0, ((+'Take-off'!$C$17*5)%*SUM(B31:E31)),0 ) -> 0 | G31: =SUM(B31:F31) -> #N/A | H31: 35 fot | I31: =VLOOKUP('Take-off'!$C$11, 'Dropdown lists'!$B$34:$D$40, 3, FALSE) -> 0 | J31: ='Take-off'!$C$12 -> 0 | K31: =SUM(B31:F31) -> #N/A | L31: =K31*(I31*J31) -> #N/A | M31: =IF('Take-off'!$C$10<5, 30%*K31, 0) -> 0 | N31: =IF('Take-off'!$C$10<3, 20%*K31, 0) -> 0 | O31: 0 | P31: =-20/('Take-off'!E42/100)/3.28 -> #DIV/0! | Q31: =SUM(K31:P31) -> #N/A
B33: WCA | C33: Factor | D33: H/T wind
B34: =IF(ABS('Take-off'!C18-'Take-off'!C6)>270,360-ABS('Take-off'!C18-'Take-off'!C6),'Take-off'!C18-'Take-off'!C6) -> 75 | C34: =IF(ABS(B34)>90,ABS(COS(B34*PI()/180))*(-1),ABS(COS(B34*PI()/180))) -> 0.25881905 | D34: =IF( ISBLANK('Take-off'!C6), 'Take-off'!C7*-1, 'Take-off'!C7*C34) -> 0
B39: Crosswind factor | C39: =IF(ABS(B34)>90,ABS(SIN(B34*PI()/180))*(-1),ABS(SIN(B34*PI()/180))) -> 0.96592583
A40: GRadient adjustments

Sheet LTL_Landing distance data
B1: Pressure Alt | C1: x_n: | D1: =IF(Landing!$C$9="",Landing!$C$15,MAX(0,Landing!$C$15+30*(1013-Landing!$C$9))) -> 0 | F1: EMG Return | G1: =IF('Take-off'!$C$9="",'Take-off'!$C$16,MAX(0,'Take-off'!$C$16+30*(1013-'Take-off'!$C$9))) -> 0
B2: Temp in calc | C2: y_n: | D2: =Landing!C8 -> -2 | G2: =MAX( IF('Take-off'!C13='Dropdown lists'!B30, 'Take-off'!$C$8+5, 'Take-off'!$C$8),0) -> 0
I5: EMG RETURN
C6: NORMAL
A8: Landing
B10: Density Altitude
B11: 0 | C11: 1000 | D11: 2000 | E11: 3000 | F11: 3500
A12: -30 | B12: 800 | C12: 830 | D12: 860 | E12: 900 | F12: 99999
A13: -20 | B13: 800 | C13: 830 | D13: 860 | E13: 900 | F13: 99999
A14: -10 | B14: 810 | C14: 850 | D14: 900 | E14: 950 | F14: 99999
A15: 0 | B15: 830 | C15: 880 | D15: 915 | E15: 975 | F15: 99999
A16: 10 | B16: 850 | C16: 900 | D16: 930 | E16: 1000 | F16: 99999
A17: 20 | B17: 900 | C17: 950 | D17: 990 | E17: 1050 | F17: 99999
A18: 30 | B18: 910 | C18: 975 | D18: 1020 | E18: 1075 | F18: 99999
A19: 35 | B19: 99999 | C19: 99999 | D19: 99999 | E19: 99999 | F19: 99999
B21: x_n: | C21: =D1 -> 0 | D21: Table size | J21: x_n: | K21: =G1 -> 0 | L21: Table size
B22: x1_n: | C22: {=INDEX($B11:$F11,MATCH(C21,$B11:$F11,1))} -> 0 | D22: Rows: | E22: =MATCH(MAX($A12:$A19),$A12:$A19,1) -> 8 | J22: x1_n: | K22: {=INDEX($B11:$F11,MATCH(K21,$B11:$F11,1))} -> 0 | L22: Rows: | M22: =MATCH(MAX($A12:$A19),$A12:$A19,1) -> 8
B23: x2_n: | C23: {=INDEX($B11:$F11,IF(MATCH(C21,$B11:$F11,1)<E23,MATCH(C21,$B11:$F11,1)+1,MATCH(C21,$B11:$F11,1)))} -> 1000 | D23: Columns: | E23: =MATCH(MAX($B11:$F11),$B11:$F11,0) -> 5 | J23: x2_n: | K23: {=INDEX($B11:$F11,IF(MATCH(K21,$B11:$F11,1)<M23,MATCH(K21,$B11:$F11,1)+1,MATCH(K21,$B11:$F11,1)))} -> 1000 | L23: Columns: | M23: =MATCH(MAX($B11:$F11),$B11:$F11,0) -> 5
B24: y_n: | C24: =D2 -> -2 | J24: y_n: | K24: =G2 -> 0
B25: n1: | C25: {=INDEX($A12:$A19,MATCH(C24,$A12:$A19,1))} -> -10 | J25: n1: | K25: {=INDEX($A12:$A19,MATCH(K24,$A12:$A19,1))} -> 0
B26: n2: | C26: {=INDEX($A12:$A19,IF(MATCH(C24,$A12:$A19,1)<E22,MATCH(C24,$A12:$A19,1)+1,MATCH(C24,$A12:$A19,1)))} -> 0 | J26: n2: | K26: {=INDEX($A12:$A19,IF(MATCH(K24,$A12:$A19,1)<M22,MATCH(K24,$A12:$A19,1)+1,MATCH(K24,$A12:$A19,1)))} -> 10
B27: y1_n1: | C27: {=INDEX($B12:$F19,MATCH(C24,$A12:$A19,1),MATCH(C21,$B11:$F11,1))} -> 810 | J27: y1_n1: | K27: {=INDEX($B12:$F19,MATCH(K24,$A12:$A19,1),MATCH(K21,$B11:$F11,1))} -> 830
B28: y2_n1: | C28: {=INDEX($B12:$F19,MATCH(C24,$A12:$A19,1),IF(MATCH(C21,$B11:$F11,1)<E23,MATCH(C21,$B11:$F11,1)+1,MATCH(C24,$A12:$A19,1)))} -> 850 | J28: y2_n1: | K28: {=INDEX($B12:$F19,MATCH(K24,$A12:$A19,1),IF(MATCH(K21,$B11:$F11,1)<M23,MATCH(K21,$B11:$F11,1)+1,MATCH(K24,$A12:$A19,1)))} -> 880
B29: y1_n2: | C29: {=INDEX($B12:$F19,IF(MATCH(C24,$A12:$A19,1)<E22,MATCH(C24,$A12:$A19,1)+1,MATCH(C24,$A12:$A19,1)),MATCH(C21,$B11:$F11,1))} -> 830 | J29: y1_n2: | K29: {=INDEX($B12:$F19,IF(MATCH(K24,$A12:$A19,1)<M22,MATCH(K24,$A12:$A19,1)+1,MATCH(K24,$A12:$A19,1)),MATCH(K21,$B11:$F11,1))} -> 850
B30: y2_n2: | C30: {=INDEX($B12:$F19,IF(MATCH(C24,$A12:$A19,1)<E22,MATCH(C24,$A12:$A19,1)+1,MATCH(C24,$A12:$A19,1)),IF(MATCH(C21,$B11:$F11,1)<E23,MATCH(C21,$B11:$F11,1)+1,MATCH(C21,$B11:$F11,1)))} -> 880 | J30: y2_n2: | K30: {=INDEX($B12:$F19,IF(MATCH(K24,$A12:$A19,1)<M22,MATCH(K24,$A12:$A19,1)+1,MATCH(K24,$A12:$A19,1)),IF(MATCH(K21,$B11:$F11,1)<M23,MATCH(K21,$B11:$F11,1)+1,MATCH(K21,$B11:$F11,1)))} -> 900
B31: y_n1: | C31: =IFERROR(C27+(C21-C22)*(C28-C27)/(C23-C22),C27) -> 810 | J31: y_n1: | K31: =IFERROR(K27+(K21-K22)*(K28-K27)/(K23-K22),K27) -> 830
B32: y_n2: | C32: =IFERROR(C29+(C21-C22)*(C30-C29)/(C23-C22),C29) -> 830 | J32: y_n2: | K32: =IFERROR(K29+(K21-K22)*(K30-K29)/(K23-K22),K29) -> 850
B33: Distance | C33: =IFERROR(C31+(C24-C25)*(C32-C31)/(C26-C25),C31) -> 826 | J33: Distance | K33: =IFERROR(K31+(K24-K25)*(K32-K31)/(K26-K25),K31) -> 830
B35: Vikt
B36: 500 | C36: 1000 | D36: 1500 | E36: 2000
A37: 9000 | B37: 375 | C37: 690 | D37: 1090 | E37: 99999
A38: 9500 | B38: 390 | C38: 750 | D38: 1150 | E38: 99999
A39: 10000 | B39: 400 | C39: 780 | D39: 1200 | E39: 99999
A40: 10500 | B40: 410 | C40: 810 | D40: 1250 | E40: 99999
A41: 11000 | B41: 440 | C41: 850 | D41: 1320 | E41: 99999
A42: 11500 | B42: 475 | C42: 900 | D42: 1390 | E42: 99999
A43: 12000 | B43: 490 | C43: 950 | D43: 1450 | E43: 99999
A44: 12500 | B44: 500 | C44: 1000 | D44: 1500 | E44: 99999
B46: x_n: | C46: =C33 -> 826 | D46: Table size | J46: x_n: | K46: =K33 -> 830 | L46: Table size
B47: x1_n: | C47: {=INDEX($B36:$E36,MATCH(C46,$B36:$E36,1))} -> 500 | D47: Rows: | E47: =MATCH(MAX($A37:$A44),$A37:$A44,1) -> 8 | J47: x1_n: | K47: {=INDEX($B36:$E36,MATCH(K46,$B36:$E36,1))} -> 500 | L47: Rows: | M47: =MATCH(MAX($A37:$A44),$A37:$A44,1) -> 8
B48: x2_n: | C48: {=INDEX($B36:$E36,IF(MATCH(C46,$B36:$E36,1)<E48,MATCH(C46,$B36:$E36,1)+1,MATCH(C46,$B36:$E36,1)))} -> 1000 | D48: Columns: | E48: =MATCH(MAX($B36:$E36),$B36:$E36,0) -> 4 | J48: x2_n: | K48: {=INDEX($B36:$E36,IF(MATCH(K46,$B36:$E36,1)<M48,MATCH(K46,$B36:$E36,1)+1,MATCH(K46,$B36:$E36,1)))} -> 1000 | L48: Columns: | M48: =MATCH(MAX($B36:$E36),$B36:$E36,0) -> 4
B49: y_n: | C49: =Landing!C11 -> 12500 | J49: y_n: | K49: ='Take-off'!C14 -> 12500
B50: n1: | C50: {=INDEX($A37:$A44,MATCH(C49,$A37:$A44,1))} -> 12500 | J50: n1: | K50: {=INDEX($A37:$A44,MATCH(K49,$A37:$A44,1))} -> 12500
B51: n2: | C51: {=INDEX($A37:$A44,IF(MATCH(C49,$A37:$A44,1)<E47,MATCH(C49,$A37:$A44,1)+1,MATCH(C49,$A37:$A44,1)))} -> 12500 | J51: n2: | K51: {=INDEX($A37:$A44,IF(MATCH(K49,$A37:$A44,1)<M47,MATCH(K49,$A37:$A44,1)+1,MATCH(K49,$A37:$A44,1)))} -> 12500
B52: y1_n1: | C52: {=INDEX($B37:$E44,MATCH(C49,$A37:$A44,1),MATCH(C46,$B36:$E36,1))} -> 500 | J52: y1_n1: | K52: {=INDEX($B37:$E44,MATCH(K49,$A37:$A44,1),MATCH(K46,$B36:$E36,1))} -> 500
B53: y2_n1: | C53: {=INDEX($B37:$E44,MATCH(C49,$A37:$A44,1),IF(MATCH(C46,$B36:$E36,1)<E48,MATCH(C46,$B36:$E36,1)+1,MATCH(C49,$A37:$A44,1)))} -> 1000 | J53: y2_n1: | K53: {=INDEX($B37:$E44,MATCH(K49,$A37:$A44,1),IF(MATCH(K46,$B36:$E36,1)<M48,MATCH(K46,$B36:$E36,1)+1,MATCH(K49,$A37:$A44,1)))} -> 1000
B54: y1_n2: | C54: {=INDEX($B37:$E44,IF(MATCH(C49,$A37:$A44,1)<E47,MATCH(C49,$A37:$A44,1)+1,MATCH(C49,$A37:$A44,1)),MATCH(C46,$B36:$E36,1))} -> 500 | J54: y1_n2: | K54: {=INDEX($B37:$E44,IF(MATCH(K49,$A37:$A44,1)<M47,MATCH(K49,$A37:$A44,1)+1,MATCH(K49,$A37:$A44,1)),MATCH(K46,$B36:$E36,1))} -> 500
B55: y2_n2: | C55: {=INDEX($B37:$E44,IF(MATCH(C49,$A37:$A44,1)<E47,MATCH(C49,$A37:$A44,1)+1,MATCH(C49,$A37:$A44,1)),IF(MATCH(C46,$B36:$E36,1)<E48,MATCH(C46,$B36:$E36,1)+1,MATCH(C46,$B36:$E36,1)))} -> 1000 | J55: y2_n2: | K55: {=INDEX($B37:$E44,IF(MATCH(K49,$A37:$A44,1)<M47,MATCH(K49,$A37:$A44,1)+1,MATCH(K49,$A37:$A44,1)),IF(MATCH(K46,$B36:$E36,1)<M48,MATCH(K46,$B36:$E36,1)+1,MATCH(K46,$B36:$E36,1)))} -> 1000
B56: y_n1: | C56: =IFERROR(C52+(C46-C47)*(C53-C52)/(C48-C47),C52) -> 826 | J56: y_n1: | K56: =IFERROR(K52+(K46-K47)*(K53-K52)/(K48-K47),K52) -> 830
B57: y_n2: | C57: =IFERROR(C54+(C46-C47)*(C55-C54)/(C48-C47),C54) -> 826 | J57: y_n2: | K57: =IFERROR(K54+(K46-K47)*(K55-K54)/(K48-K47),K54) -> 830
B58: Distance | C58: =IFERROR(C56+(C49-C50)*(C57-C56)/(C51-C50),C56) -> 826 | J58: Distance | K58: =IFERROR(K56+(K49-K50)*(K57-K56)/(K51-K50),K56) -> 830
B61: Vind
A62: Kt | B62: 500 | C62: 1000 | D62: 1500 | E62: 2000
A63: -10 | B63: 800 | C63: 1230 | D63: 1910 | E63: 99999
A64: 0 | B64: 500 | C64: 1000 | D64: 1500 | E64: 99999
A65: 30 | B65: 390 | C65: 800 | D65: 1250 | E65: 99999
B67: x_n: | C67: =C58 -> 826 | D67: Table size | J67: x_n: | K67: =K58 -> 830 | L67: Table size
B68: x1_n: | C68: {=INDEX($B62:$E62,MATCH(C67,$B62:$E62,1))} -> 500 | D68: Rows: | E68: =MATCH(MAX($A63:$A65),$A63:$A65,1) -> 3 | J68: x1_n: | K68: {=INDEX($B62:$E62,MATCH(K67,$B62:$E62,1))} -> 500 | L68: Rows: | M68: =MATCH(MAX($A63:$A65),$A63:$A65,1) -> 3
B69: x2_n: | C69: {=INDEX($B62:$E62,IF(MATCH(C67,$B62:$E62,1)<E69,MATCH(C67,$B62:$E62,1)+1,MATCH(C67,$B62:$E62,1)))} -> 1000 | D69: Columns: | E69: =MATCH(MAX($B62:$E62),$B62:$E62,0) -> 4 | J69: x2_n: | K69: {=INDEX($B62:$E62,IF(MATCH(K67,$B62:$E62,1)<M69,MATCH(K67,$B62:$E62,1)+1,MATCH(K67,$B62:$E62,1)))} -> 1000 | L69: Columns: | M69: =MATCH(MAX($B62:$E62),$B62:$E62,0) -> 4
B70: y_n: | C70: =Landing!C21 -> 0 | J70: y_n: | K70: ='Take-off'!$C$24 -> 0
B71: n1: | C71: {=INDEX($A63:$A65,MATCH(C70,$A63:$A65,1))} -> 0 | J71: n1: | K71: {=INDEX($A63:$A65,MATCH(K70,$A63:$A65,1))} -> 0
B72: n2: | C72: {=INDEX($A63:$A65,IF(MATCH(C70,$A63:$A65,1)<E68,MATCH(C70,$A63:$A65,1)+1,MATCH(C70,$A63:$A65,1)))} -> 30 | J72: n2: | K72: {=INDEX($A63:$A65,IF(MATCH(K70,$A63:$A65,1)<M68,MATCH(K70,$A63:$A65,1)+1,MATCH(K70,$A63:$A65,1)))} -> 30
B73: y1_n1: | C73: {=INDEX($B63:$E65,MATCH(C70,$A63:$A65,1),MATCH(C67,$B62:$E62,1))} -> 500 | J73: y1_n1: | K73: {=INDEX($B63:$E65,MATCH(K70,$A63:$A65,1),MATCH(K67,$B62:$E62,1))} -> 500
B74: y2_n1: | C74: {=INDEX($B63:$E65,MATCH(C70,$A63:$A65,1),IF(MATCH(C67,$B62:$E62,1)<E69,MATCH(C67,$B62:$E62,1)+1,MATCH(C70,$A63:$A65,1)))} -> 1000 | J74: y2_n1: | K74: {=INDEX($B63:$E65,MATCH(K70,$A63:$A65,1),IF(MATCH(K67,$B62:$E62,1)<M69,MATCH(K67,$B62:$E62,1)+1,MATCH(K70,$A63:$A65,1)))} -> 1000
B75: y1_n2: | C75: {=INDEX($B63:$E65,IF(MATCH(C70,$A63:$A65,1)<E68,MATCH(C70,$A63:$A65,1)+1,MATCH(C70,$A63:$A65,1)),MATCH(C67,$B62:$E62,1))} -> 390 | J75: y1_n2: | K75: {=INDEX($B63:$E65,IF(MATCH(K70,$A63:$A65,1)<M68,MATCH(K70,$A63:$A65,1)+1,MATCH(K70,$A63:$A65,1)),MATCH(K67,$B62:$E62,1))} -> 390
B76: y2_n2: | C76: {=INDEX($B63:$E65,IF(MATCH(C70,$A63:$A65,1)<E68,MATCH(C70,$A63:$A65,1)+1,MATCH(C70,$A63:$A65,1)),IF(MATCH(C67,$B62:$E62,1)<E69,MATCH(C67,$B62:$E62,1)+1,MATCH(C67,$B62:$E62,1)))} -> 800 | J76: y2_n2: | K76: {=INDEX($B63:$E65,IF(MATCH(K70,$A63:$A65,1)<M68,MATCH(K70,$A63:$A65,1)+1,MATCH(K70,$A63:$A65,1)),IF(MATCH(K67,$B62:$E62,1)<M69,MATCH(K67,$B62:$E62,1)+1,MATCH(K67,$B62:$E62,1)))} -> 800
B77: y_n1: | C77: =IFERROR(C73+(C67-C68)*(C74-C73)/(C69-C68),C73) -> 826 | J77: y_n1: | K77: =IFERROR(K73+(K67-K68)*(K74-K73)/(K69-K68),K73) -> 830
B78: y_n2: | C78: =IFERROR(C75+(C67-C68)*(C76-C75)/(C69-C68),C75) -> 657.32 | J78: y_n2: | K78: =IFERROR(K75+(K67-K68)*(K76-K75)/(K69-K68),K75) -> 660.6
B79: Distance | C79: =IFERROR(C77+(C70-C71)*(C78-C77)/(C72-C71),C77) -> 826 | J79: Distance | K79: =IFERROR(K77+(K70-K71)*(K78-K77)/(K72-K71),K77) -> 830
B81: Obstacle height
B82: 500 | C82: 1000 | D82: 1500 | E82: 2000 | F82: 2100
A83: 0 | B83: 500 | C83: 1000 | D83: 1500 | E83: 2000 | F83: 99999
A84: 50 | B84: 1150 | C84: 2800 | D84: 1950 | E84: 3100 | F84: 99999
B86: x_n: | C86: =C79 -> 826 | D86: Table size | J86: x_n: | K86: =K79 -> 830 | L86: Table size
B87: x1_n: | C87: {=INDEX($B82:$F82,MATCH(C86,$B82:$F82,1))} -> 500 | D87: Rows: | E87: =MATCH(MAX($A83:$A84),$A83:$A84,1) -> 2 | J87: x1_n: | K87: {=INDEX($B82:$F82,MATCH(K86,$B82:$F82,1))} -> 500 | L87: Rows: | M87: =MATCH(MAX($A83:$A84),$A83:$A84,1) -> 2
B88: x2_n: | C88: {=INDEX($B82:$F82,IF(MATCH(C86,$B82:$F82,1)<E88,MATCH(C86,$B82:$F82,1)+1,MATCH(C86,$B82:$F82,1)))} -> 1000 | D88: Columns: | E88: =MATCH(MAX($B82:$F82),$B82:$F82,0) -> 5 | J88: x2_n: | K88: {=INDEX($B82:$F82,IF(MATCH(K86,$B82:$F82,1)<M88,MATCH(K86,$B82:$F82,1)+1,MATCH(K86,$B82:$F82,1)))} -> 1000 | L88: Columns: | M88: =MATCH(MAX($B82:$F82),$B82:$F82,0) -> 5
B89: y_n: | C89: 50 | J89: y_n: | K89: 50
B90: n1: | C90: {=INDEX($A83:$A84,MATCH(C89,$A83:$A84,1))} -> 50 | J90: n1: | K90: {=INDEX($A83:$A84,MATCH(K89,$A83:$A84,1))} -> 50
B91: n2: | C91: {=INDEX($A83:$A84,IF(MATCH(C89,$A83:$A84,1)<E87,MATCH(C89,$A83:$A84,1)+1,MATCH(C89,$A83:$A84,1)))} -> 50 | J91: n2: | K91: {=INDEX($A83:$A84,IF(MATCH(K89,$A83:$A84,1)<M87,MATCH(K89,$A83:$A84,1)+1,MATCH(K89,$A83:$A84,1)))} -> 50
B92: y1_n1: | C92: {=INDEX($B83:$F84,MATCH(C89,$A83:$A84,1),MATCH(C86,$B82:$F82,1))} -> 1150 | J92: y1_n1: | K92: {=INDEX($B83:$F84,MATCH(K89,$A83:$A84,1),MATCH(K86,$B82:$F82,1))} -> 1150
B93: y2_n1: | C93: {=INDEX($B83:$F84,MATCH(C89,$A83:$A84,1),IF(MATCH(C86,$B82:$F82,1)<E88,MATCH(C86,$B82:$F82,1)+1,MATCH(C89,$A83:$A84,1)))} -> 2800 | J93: y2_n1: | K93: {=INDEX($B83:$F84,MATCH(K89,$A83:$A84,1),IF(MATCH(K86,$B82:$F82,1)<M88,MATCH(K86,$B82:$F82,1)+1,MATCH(K89,$A83:$A84,1)))} -> 2800
B94: y1_n2: | C94: {=INDEX($B83:$F84,IF(MATCH(C89,$A83:$A84,1)<E87,MATCH(C89,$A83:$A84,1)+1,MATCH(C89,$A83:$A84,1)),MATCH(C86,$B82:$F82,1))} -> 1150 | J94: y1_n2: | K94: {=INDEX($B83:$F84,IF(MATCH(K89,$A83:$A84,1)<M87,MATCH(K89,$A83:$A84,1)+1,MATCH(K89,$A83:$A84,1)),MATCH(K86,$B82:$F82,1))} -> 1150
B95: y2_n2: | C95: {=INDEX($B83:$F84,IF(MATCH(C89,$A83:$A84,1)<E87,MATCH(C89,$A83:$A84,1)+1,MATCH(C89,$A83:$A84,1)),IF(MATCH(C86,$B82:$F82,1)<E88,MATCH(C86,$B82:$F82,1)+1,MATCH(C86,$B82:$F82,1)))} -> 2800 | J95: y2_n2: | K95: {=INDEX($B83:$F84,IF(MATCH(K89,$A83:$A84,1)<M87,MATCH(K89,$A83:$A84,1)+1,MATCH(K89,$A83:$A84,1)),IF(MATCH(K86,$B82:$F82,1)<M88,MATCH(K86,$B82:$F82,1)+1,MATCH(K86,$B82:$F82,1)))} -> 2800
B96: y_n1: | C96: =IFERROR(C92+(C86-C87)*(C93-C92)/(C88-C87),C92) -> 2225.8 | J96: y_n1: | K96: =IFERROR(K92+(K86-K87)*(K93-K92)/(K88-K87),K92) -> 2239
B97: y_n2: | C97: =IFERROR(C94+(C86-C87)*(C95-C94)/(C88-C87),C94) -> 2225.8 | J97: y_n2: | K97: =IFERROR(K94+(K86-K87)*(K95-K94)/(K88-K87),K94) -> 2239
B98: Distance | C98: =IFERROR(C96+(C89-C90)*(C97-C96)/(C91-C90),C96) -> 2225.8 | J98: Distance | K98: =IFERROR(K96+(K89-K90)*(K97-K96)/(K91-K90),K96) -> 2239
A100: Meter | C100: =C98/3.28 -> 678.59756 | K100: =K98/3.28 -> 682.62195
B101: Slope | C101: =IF(Landing!$C$16<0, ((-Landing!$C$16*5)%*C100),0 ) -> 0 | K101: =IF('Take-off'!$C$17<0, ((-'Take-off'!$C$17*5)%*K100),0 ) -> 0
B102: Totalt | C102: =SUM(C100:C101) -> 678.59756 | K102: =SUM(K100:K101) -> 682.62195

Sheet LTL_Accelerate and GO (2)
B1: Pressure Alt | C1: x_n: | D1: =IF('Take-off'!$C$9="",'Take-off'!$C$16,MAX(0,'Take-off'!$C$16+30*(1013-'Take-off'!$C$9))) -> 0
B2: Temp in calc | C2: y_n: | D2: =IF('Take-off'!C13='Dropdown lists'!B30, 'Take-off'!$C$8+6, 'Take-off'!$C$8) -> -2 | E2: Includes ICE-Vane. Could be disregarded for us
B3: FLAPS UP | O3: FLAPS TAKEOFF | AB3: FLAPS APPROACH
B4: Density altitude | O4: Density altitude | AB4: Density altitude
A5: Temp/PA | B5: 0 | C5: 1000 | D5: 2000 | E5: 3000 | F5: 4000 | N5: Temp/PA | O5: 0 | P5: 1000 | Q5: 2000 | R5: 3000 | S5: 4000 | AA5: Temp/PA | AB5: 0 | AC5: 1000 | AD5: 2000 | AE5: 3000 | AF5: 4000
A6: -30 | B6: 2700 | C6: 2800 | D6: 2900 | E6: 3200 | F6: 99999 | N6: -30 | S6: 99999 | AA6: -30 | AF6: 99999
A7: -20 | B7: 2800 | C7: 2980 | D7: 3100 | E7: 3400 | F7: 99999 | N7: -20 | S7: 99999 | AA7: -20 | AF7: 99999
A8: -10 | B8: 3000 | C8: 3200 | D8: 3400 | E8: 3600 | F8: 99999 | N8: -10 | S8: 99999 | AA8: -10 | AF8: 99999
A9: 0 | B9: 3200 | C9: 3400 | D9: 3600 | E9: 3900 | F9: 99999 | N9: 0 | S9: 99999 | AA9: 0 | AF9: 99999
A10: 10 | B10: 3370 | C10: 3600 | D10: 3800 | E10: 4200 | F10: 99999 | N10: 10 | S10: 99999 | AA10: 10 | AF10: 99999
A11: 20 | B11: 3570 | C11: 3800 | D11: 4150 | E11: 4700 | F11: 99999 | N11: 20 | S11: 99999 | AA11: 20 | AF11: 99999
A12: 30 | B12: 3800 | C12: 4200 | D12: 4600 | E12: 5300 | F12: 99999 | AA12: 30 | AF12: 99999
A13: 40 | B13: 4400 | C13: 5000 | D13: 5600 | E13: 6800 | F13: 99999 | N13: 30 | S13: 99999 | AA13: 40 | AF13: 99999
A14: 35 | B14: 99999 | C14: 99999 | D14: 99999 | E14: 99999 | F14: 99999 | N14: 35 | O14: 99999 | P14: 99999 | Q14: 99999 | R14: 99999 | S14: 99999 | AA14: 45 | AB14: 99999 | AC14: 99999 | AD14: 99999 | AE14: 99999 | AF14: 99999
B16: x_n: | C16: =D1 -> 0 | D16: Table size | O16: x_n: | P16: =D1 -> 0 | Q16: Table size | AB16: x_n: | AC16: =D1 -> 0 | AD16: Table size
B17: x1_n: | C17: {=INDEX(B5:F5,MATCH(C16,B5:F5,1))} -> 0 | D17: Rows: | E17: =MATCH(MAX(A6:A14),A6:A14,1) -> 9 | O17: x1_n: | P17: {=INDEX(O5:S5,MATCH(P16,O5:S5,1))} -> 0 | Q17: Rows: | R17: =MATCH(MAX(N6:N14),N6:N14,1) -> 9 | AB17: x1_n: | AC17: {=INDEX(AB5:AF5,MATCH(AC16,AB5:AF5,1))} -> 0 | AD17: Rows: | AE17: =MATCH(MAX(AA6:AA14),AA6:AA14,1) -> 9
B18: x2_n: | C18: {=INDEX(B5:F5,IF(MATCH(C16,B5:F5,1)<E18,MATCH(C16,B5:F5,1)+1,MATCH(C16,B5:F5,1)))} -> 1000 | D18: Columns: | E18: =MATCH(MAX(B5:F5),B5:F5,0) -> 5 | O18: x2_n: | P18: {=INDEX(O5:S5,IF(MATCH(P16,O5:S5,1)<R18,MATCH(P16,O5:S5,1)+1,MATCH(P16,O5:S5,1)))} -> 1000 | Q18: Columns: | R18: =MATCH(MAX(O5:S5),O5:S5,0) -> 5 | AB18: x2_n: | AC18: {=INDEX(AB5:AF5,IF(MATCH(AC16,AB5:AF5,1)<AE18,MATCH(AC16,AB5:AF5,1)+1,MATCH(AC16,AB5:AF5,1)))} -> 1000 | AD18: Columns: | AE18: =MATCH(MAX(AB5:AF5),AB5:AF5,0) -> 5
B19: y_n: | C19: =D2 -> -2 | O19: y_n: | P19: =D2 -> -2 | AB19: y_n: | AC19: =D2 -> -2
B20: n1: | C20: {=INDEX(A6:A14,MATCH(C19,A6:A14,1))} -> -10 | O20: n1: | P20: {=INDEX(N6:N14,MATCH(P19,N6:N14,1))} -> -10 | AB20: n1: | AC20: {=INDEX(AA6:AA14,MATCH(AC19,AA6:AA14,1))} -> -10
B21: n2: | C21: {=INDEX(A6:A14,IF(MATCH(C19,A6:A14,1)<E17,MATCH(C19,A6:A14,1)+1,MATCH(C19,A6:A14,1)))} -> 0 | O21: n2: | P21: {=INDEX(N6:N14,IF(MATCH(P19,N6:N14,1)<R17,MATCH(P19,N6:N14,1)+1,MATCH(P19,N6:N14,1)))} -> 0 | AB21: n2: | AC21: {=INDEX(AA6:AA14,IF(MATCH(AC19,AA6:AA14,1)<AE17,MATCH(AC19,AA6:AA14,1)+1,MATCH(AC19,AA6:AA14,1)))} -> 0
B22: y1_n1: | C22: {=INDEX(B6:F14,MATCH(C19,A6:A14,1),MATCH(C16,B5:F5,1))} -> 3000 | O22: y1_n1: | P22: {=INDEX(O6:S14,MATCH(P19,N6:N14,1),MATCH(P16,O5:S5,1))} | AB22: y1_n1: | AC22: {=INDEX(AB6:AF14,MATCH(AC19,AA6:AA14,1),MATCH(AC16,AB5:AF5,1))}
B23: y2_n1: | C23: {=INDEX(B6:F14,MATCH(C19,A6:A14,1),IF(MATCH(C16,B5:F5,1)<E18,MATCH(C16,B5:F5,1)+1,MATCH(C19,A6:A14,1)))} -> 3200 | O23: y2_n1: | P23: {=INDEX(O6:S14,MATCH(P19,N6:N14,1),IF(MATCH(P16,O5:S5,1)<R18,MATCH(P16,O5:S5,1)+1,MATCH(P19,N6:N14,1)))} | AB23: y2_n1: | AC23: {=INDEX(AB6:AF14,MATCH(AC19,AA6:AA14,1),IF(MATCH(AC16,AB5:AF5,1)<AE18,MATCH(AC16,AB5:AF5,1)+1,MATCH(AC19,AA6:AA14,1)))}
B24: y1_n2: | C24: {=INDEX(B6:F14,IF(MATCH(C19,A6:A14,1)<E17,MATCH(C19,A6:A14,1)+1,MATCH(C19,A6:A14,1)),MATCH(C16,B5:F5,1))} -> 3200 | O24: y1_n2: | P24: {=INDEX(O6:S14,IF(MATCH(P19,N6:N14,1)<R17,MATCH(P19,N6:N14,1)+1,MATCH(P19,N6:N14,1)),MATCH(P16,O5:S5,1))} | AB24: y1_n2: | AC24: {=INDEX(AB6:AF14,IF(MATCH(AC19,AA6:AA14,1)<AE17,MATCH(AC19,AA6:AA14,1)+1,MATCH(AC19,AA6:AA14,1)),MATCH(AC16,AB5:AF5,1))}
B25: y2_n2: | C25: {=INDEX(B6:F14,IF(MATCH(C19,A6:A14,1)<E17,MATCH(C19,A6:A14,1)+1,MATCH(C19,A6:A14,1)),IF(MATCH(C16,B5:F5,1)<E18,MATCH(C16,B5:F5,1)+1,MATCH(C16,B5:F5,1)))} -> 3400 | O25: y2_n2: | P25: {=INDEX(O6:S14,IF(MATCH(P19,N6:N14,1)<R17,MATCH(P19,N6:N14,1)+1,MATCH(P19,N6:N14,1)),IF(MATCH(P16,O5:S5,1)<R18,MATCH(P16,O5:S5,1)+1,MATCH(P16,O5:S5,1)))} | AB25: y2_n2: | AC25: {=INDEX(AB6:AF14,IF(MATCH(AC19,AA6:AA14,1)<AE17,MATCH(AC19,AA6:AA14,1)+1,MATCH(AC19,AA6:AA14,1)),IF(MATCH(AC16,AB5:AF5,1)<AE18,MATCH(AC16,AB5:AF5,1)+1,MATCH(AC16,AB5:AF5,1)))}
B26: y_n1: | C26: =IFERROR(C22+(C16-C17)*(C23-C22)/(C18-C17),C22) -> 3000 | O26: y_n1: | P26: =IFERROR(P22+(P16-P17)*(P23-P22)/(P18-P17),P22) -> 0 | AB26: y_n1: | AC26: =IFERROR(AC22+(AC16-AC17)*(AC23-AC22)/(AC18-AC17),AC22) -> 0
B27: y_n2: | C27: =IFERROR(C24+(C16-C17)*(C25-C24)/(C18-C17),C24) -> 3200 | O27: y_n2: | P27: =IFERROR(P24+(P16-P17)*(P25-P24)/(P18-P17),P24) -> 0 | AB27: y_n2: | AC27: =IFERROR(AC24+(AC16-AC17)*(AC25-AC24)/(AC18-AC17),AC24) -> 0
B28: Distance | C28: =IFERROR(C26+(C19-C20)*(C27-C26)/(C21-C20),C26) -> 3160 | O28: Distance | P28: =IFERROR(P26+(P19-P20)*(P27-P26)/(P21-P20),P26) -> 0 | AB28: Distance | AC28: =IFERROR(AC26+(AC19-AC20)*(AC27-AC26)/(AC21-AC20),AC26) -> 0
B30: Vikt | O30: Vikt | AB30: Vikt
A31: % | B31: 2000 | C31: 3000 | D31: 4000 | E31: 5000 | F31: 6000 | G31: 7000 | H31: 8000 | P31: % | Q31: 2000 | R31: 3000 | S31: 4000 | T31: 4500 | AD31: % | AE31: 4000 | AF31: 5000 | AG31: 6100 | AH31: 7200 | AI31: 8300 | AJ31: 9400 | AK31: 10000
A32: 9000 | B32: 1200 | C32: 1760 | D32: 2200 | E32: 2600 | F32: 3000 | G32: 3400 | H32: 99999 | P32: 10000 | T32: 99999 | AD32: 9000 | AK32: 99999
A33: 9500 | B33: 1250 | C33: 1800 | D33: 2400 | E33: 2800 | F33: 3200 | G33: 3600 | H33: 99999 | P33: 11000 | T33: 99999 | AD33: 9500 | AK33: 99999
A34: 10000 | B34: 1300 | C34: 2000 | D34: 2600 | E34: 3100 | F34: 3600 | G34: 4000 | H34: 99999 | P34: 12000 | T34: 99999 | AD34: 10000 | AK34: 99999
A35: 10500 | B35: 1400 | C35: 2200 | D35: 2820 | E35: 3400 | F35: 3900 | G35: 4400 | H35: 99999 | P35: 13000 | T35: 99999 | AD35: 10500 | AK35: 99999
A36: 11000 | B36: 1600 | C36: 2350 | D36: 3200 | E36: 3700 | F36: 4400 | G36: 4900 | H36: 99999 | P36: 14000 | T36: 99999 | AD36: 11000 | AK36: 99999
A37: 11500 | B37: 1700 | C37: 2600 | D37: 3400 | E37: 4100 | F37: 4800 | G37: 5450 | H37: 99999 | P37: 15000 | T37: 99999 | AD37: 11500 | AK37: 99999
A38: 12000 | B38: 1810 | C38: 2780 | D38: 3700 | E38: 4500 | F38: 5400 | G38: 6200 | H38: 99999 | P38: 16000 | T38: 99999 | AD38: 12000 | AK38: 99999
A39: 12500 | B39: 2000 | C39: 3000 | D39: 4000 | E39: 5000 | F39: 6000 | G39: 7000 | H39: 99999 | P39: 16600 | T39: 99999 | AD39: 12500 | AK39: 99999
A40: 12600 | B40: 99999 | C40: 99999 | D40: 99999 | E40: 99999 | F40: 99999 | G40: 99999 | H40: 99999 | P40: 16700 | Q40: 99999 | R40: 99999 | S40: 99999 | T40: 99999 | AD40: 12600 | AE40: 99999 | AF40: 99999 | AG40: 99999 | AH40: 99999 | AI40: 99999 | AJ40: 99999 | AK40: 99999
B42: x_n: | C42: =C28 -> 3160 | D42: Table size | O42: x_n: | P42: =P28 -> 0 | Q42: Table size | AB42: x_n: | AC42: =AC28 -> 0 | AD42: Table size
B43: x1_n: | C43: {=INDEX(B31:H31,MATCH(C42,B31:H31,1))} -> 3000 | D43: Rows: | E43: =MATCH(MAX(A32:A40),A32:A40,1) -> 9 | O43: x1_n: | P43: {=INDEX(Q31:T31,MATCH(P42,Q31:T31,1))} -> #N/A | Q43: Rows: | R43: =MATCH(MAX(P32:P40),P32:P40,1) -> 9 | AB43: x1_n: | AC43: {=INDEX(AE31:AK31,MATCH(AC42,AE31:AK31,1))} -> #N/A | AD43: Rows: | AE43: =MATCH(MAX(AD32:AD40),AD32:AD40,1) -> 9
B44: x2_n: | C44: {=INDEX(B31:H31,IF(MATCH(C42,B31:H31,1)<E44,MATCH(C42,B31:H31,1)+1,MATCH(C42,B31:H31,1)))} -> 4000 | D44: Columns: | E44: =MATCH(MAX(B31:H31),B31:H31,0) -> 7 | O44: x2_n: | P44: {=INDEX(Q31:T31,IF(MATCH(P42,Q31:T31,1)<R44,MATCH(P42,Q31:T31,1)+1,MATCH(P42,Q31:T31,1)))} -> #N/A | Q44: Columns: | R44: =MATCH(MAX(Q31:T31),Q31:T31,0) -> 4 | AB44: x2_n: | AC44: {=INDEX(AE31:AK31,IF(MATCH(AC42,AE31:AK31,1)<AE44,MATCH(AC42,AE31:AK31,1)+1,MATCH(AC42,AE31:AK31,1)))} -> #N/A | AD44: Columns: | AE44: =MATCH(MAX(AE31:AK31),AE31:AK31,0) -> 7
B45: y_n: | C45: ='Take-off'!$C$14 -> 12500 | O45: y_n: | P45: ='Take-off'!$C$14 -> 12500 | AB45: y_n: | AC45: ='Take-off'!$C$14 -> 12500
B46: n1: | C46: {=INDEX(A32:A40,MATCH(C45,A32:A40,1))} -> 12500 | O46: n1: | P46: {=INDEX(P32:P40,MATCH(P45,P32:P40,1))} -> 12000 | AB46: n1: | AC46: {=INDEX(AD32:AD40,MATCH(AC45,AD32:AD40,1))} -> 12500
B47: n2: | C47: {=INDEX(A32:A40,IF(MATCH(C45,A32:A40,1)<E43,MATCH(C45,A32:A40,1)+1,MATCH(C45,A32:A40,1)))} -> 12600 | O47: n2: | P47: {=INDEX(P32:P40,IF(MATCH(P45,P32:P40,1)<R43,MATCH(P45,P32:P40,1)+1,MATCH(P45,P32:P40,1)))} -> 13000 | AB47: n2: | AC47: {=INDEX(AD32:AD40,IF(MATCH(AC45,AD32:AD40,1)<AE43,MATCH(AC45,AD32:AD40,1)+1,MATCH(AC45,AD32:AD40,1)))} -> 12600
B48: y1_n1: | C48: {=INDEX(B32:H40,MATCH(C45,A32:A40,1),MATCH(C42,B31:H31,1))} -> 3000 | O48: y1_n1: | P48: {=INDEX(Q32:T40,MATCH(P45,P32:P40,1),MATCH(P42,Q31:T31,1))} -> #N/A | AB48: y1_n1: | AC48: {=INDEX(AE32:AK40,MATCH(AC45,AD32:AD40,1),MATCH(AC42,AE31:AK31,1))} -> #N/A
B49: y2_n1: | C49: {=INDEX(B32:H40,MATCH(C45,A32:A40,1),IF(MATCH(C42,B31:H31,1)<E44,MATCH(C42,B31:H31,1)+1,MATCH(C45,A32:A40,1)))} -> 4000 | O49: y2_n1: | P49: {=INDEX(Q32:T40,MATCH(P45,P32:P40,1),IF(MATCH(P42,Q31:T31,1)<R44,MATCH(P42,Q31:T31,1)+1,MATCH(P45,P32:P40,1)))} -> #N/A | AB49: y2_n1: | AC49: {=INDEX(AE32:AK40,MATCH(AC45,AD32:AD40,1),IF(MATCH(AC42,AE31:AK31,1)<AE44,MATCH(AC42,AE31:AK31,1)+1,MATCH(AC45,AD32:AD40,1)))} -> #N/A
B50: y1_n2: | C50: {=INDEX(B32:H40,IF(MATCH(C45,A32:A40,1)<E43,MATCH(C45,A32:A40,1)+1,MATCH(C45,A32:A40,1)),MATCH(C42,B31:H31,1))} -> 99999 | O50: y1_n2: | P50: {=INDEX(Q32:T40,IF(MATCH(P45,P32:P40,1)<R43,MATCH(P45,P32:P40,1)+1,MATCH(P45,P32:P40,1)),MATCH(P42,Q31:T31,1))} -> #N/A | AB50: y1_n2: | AC50: {=INDEX(AE32:AK40,IF(MATCH(AC45,AD32:AD40,1)<AE43,MATCH(AC45,AD32:AD40,1)+1,MATCH(AC45,AD32:AD40,1)),MATCH(AC42,AE31:AK31,1))} -> #N/A
B51: y2_n2: | C51: {=INDEX(B32:H40,IF(MATCH(C45,A32:A40,1)<E43,MATCH(C45,A32:A40,1)+1,MATCH(C45,A32:A40,1)),IF(MATCH(C42,B31:H31,1)<E44,MATCH(C42,B31:H31,1)+1,MATCH(C42,B31:H31,1)))} -> 99999 | O51: y2_n2: | P51: {=INDEX(Q32:T40,IF(MATCH(P45,P32:P40,1)<R43,MATCH(P45,P32:P40,1)+1,MATCH(P45,P32:P40,1)),IF(MATCH(P42,Q31:T31,1)<R44,MATCH(P42,Q31:T31,1)+1,MATCH(P42,Q31:T31,1)))} -> #N/A | AB51: y2_n2: | AC51: {=INDEX(AE32:AK40,IF(MATCH(AC45,AD32:AD40,1)<AE43,MATCH(AC45,AD32:AD40,1)+1,MATCH(AC45,AD32:AD40,1)),IF(MATCH(AC42,AE31:AK31,1)<AE44,MATCH(AC42,AE31:AK31,1)+1,MATCH(AC42,AE31:AK31,1)))} -> #N/A
B52: y_n1: | C52: =IFERROR(C48+(C42-C43)*(C49-C48)/(C44-C43),C48) -> 3160 | O52: y_n1: | P52: =IFERROR(P48+(P42-P43)*(P49-P48)/(P44-P43),P48) -> #N/A | AB52: y_n1: | AC52: =IFERROR(AC48+(AC42-AC43)*(AC49-AC48)/(AC44-AC43),AC48) -> #N/A
B53: y_n2: | C53: =IFERROR(C50+(C42-C43)*(C51-C50)/(C44-C43),C50) -> 99999 | O53: y_n2: | P53: =IFERROR(P50+(P42-P43)*(P51-P50)/(P44-P43),P50) -> #N/A | AB53: y_n2: | AC53: =IFERROR(AC50+(AC42-AC43)*(AC51-AC50)/(AC44-AC43),AC50) -> #N/A
B54: Distance | C54: =IFERROR(C52+(C45-C46)*(C53-C52)/(C47-C46),C52) -> 3160 | O54: Distance | P54: =IFERROR(P52+(P45-P46)*(P53-P52)/(P47-P46),P52) -> #N/A | AB54: Distance | AC54: =IFERROR(AC52+(AC45-AC46)*(AC53-AC52)/(AC47-AC46),AC52) -> #N/A
B56: Vind | O56: Vind | AB56: Vind
A57: Kt | B57: 2000 | C57: 3000 | D57: 4000 | E57: 5000 | F57: 6000 | G57: 7000 | H57: 8000 | I57: 9000 | N57: Kt | O57: 2000 | P57: 3000 | Q57: 4000 | R57: 5000 | S57: 6000 | T57: 7000 | U57: 8000 | V57: 9000 | W57: 10000 | AB57: Kt | AC57: 2000 | AD57: 3200 | AE57: 4300 | AF57: 5400 | AG57: 6400 | AH57: 7600 | AI57: 8600 | AJ57: 9700 | AK57: 10000
A58: -10 | B58: 2200 | C58: 3200 | D58: 4350 | E58: 5400 | F58: 6450 | G58: 7500 | H58: 8500 | I58: 99999 | N58: -10 | W58: 99999 | AB58: -10 | AK58: 99999
A59: 0 | B59: 2000 | C59: 3000 | D59: 4000 | E59: 5000 | F59: 6000 | G59: 7000 | H59: 8000 | I59: 99999 | N59: 0 | W59: 99999 | AB59: 0 | AK59: 99999
A60: 30 | B60: 1800 | C60: 2800 | D60: 3700 | E60: 4700 | F60: 5600 | G60: 6600 | H60: 7400 | I60: 99999 | N60: 30 | W60: 99999 | AB60: 30 | AK60: 99999
B62: x_n: | C62: =C54 -> 3160 | D62: Table size | O62: x_n: | P62: =P54 -> #N/A | Q62: Table size | AC62: x_n: | AD62: =AC54 -> #N/A | AE62: Table size
B63: x1_n: | C63: {=INDEX(B57:I57,MATCH(C62,B57:I57,1))} -> 3000 | D63: Rows: | E63: =MATCH(MAX(A58:A60),A58:A60,1) -> 3 | O63: x1_n: | P63: {=INDEX(O57:W57,MATCH(P62,O57:W57,1))} -> #N/A | Q63: Rows: | R63: =MATCH(MAX(N58:N60),N58:N60,1) -> 3 | AC63: x1_n: | AD63: {=INDEX(AC57:AK57,MATCH(AD62,AC57:AK57,1))} -> #N/A | AE63: Rows: | AF63: =MATCH(MAX(AB58:AB60),AB58:AB60,1) -> 3
B64: x2_n: | C64: {=INDEX(B57:I57,IF(MATCH(C62,B57:I57,1)<E64,MATCH(C62,B57:I57,1)+1,MATCH(C62,B57:I57,1)))} -> 4000 | D64: Columns: | E64: =MATCH(MAX(B57:I57),B57:I57,0) -> 8 | O64: x2_n: | P64: {=INDEX(O57:W57,IF(MATCH(P62,O57:W57,1)<R64,MATCH(P62,O57:W57,1)+1,MATCH(P62,O57:W57,1)))} -> #N/A | Q64: Columns: | R64: =MATCH(MAX(O57:W57),O57:W57,0) -> 9 | AC64: x2_n: | AD64: {=INDEX(AC57:AK57,IF(MATCH(AD62,AC57:AK57,1)<AF64,MATCH(AD62,AC57:AK57,1)+1,MATCH(AD62,AC57:AK57,1)))} -> #N/A | AE64: Columns: | AF64: =MATCH(MAX(AC57:AK57),AC57:AK57,0) -> 9
B65: y_n: | C65: ='Take-off'!$C$24 -> 0 | O65: y_n: | P65: ='Take-off'!$C$24 -> 0 | AC65: y_n: | AD65: ='Take-off'!$C$24 -> 0
B66: n1: | C66: {=INDEX(A58:A60,MATCH(C65,A58:A60,1))} -> 0 | O66: n1: | P66: {=INDEX(N58:N60,MATCH(P65,N58:N60,1))} -> 0 | AC66: n1: | AD66: {=INDEX(AB58:AB60,MATCH(AD65,AB58:AB60,1))} -> 0
B67: n2: | C67: {=INDEX(A58:A60,IF(MATCH(C65,A58:A60,1)<E63,MATCH(C65,A58:A60,1)+1,MATCH(C65,A58:A60,1)))} -> 30 | O67: n2: | P67: {=INDEX(N58:N60,IF(MATCH(P65,N58:N60,1)<R63,MATCH(P65,N58:N60,1)+1,MATCH(P65,N58:N60,1)))} -> 30 | AC67: n2: | AD67: {=INDEX(AB58:AB60,IF(MATCH(AD65,AB58:AB60,1)<AF63,MATCH(AD65,AB58:AB60,1)+1,MATCH(AD65,AB58:AB60,1)))} -> 30
B68: y1_n1: | C68: {=INDEX(B58:I60,MATCH(C65,A58:A60,1),MATCH(C62,B57:I57,1))} -> 3000 | O68: y1_n1: | P68: {=INDEX(O58:W60,MATCH(P65,N58:N60,1),MATCH(P62,O57:W57,1))} -> #N/A | AC68: y1_n1: | AD68: {=INDEX(AC58:AK60,MATCH(AD65,AB58:AB60,1),MATCH(AD62,AC57:AK57,1))} -> #N/A
B69: y2_n1: | C69: {=INDEX(B58:I60,MATCH(C65,A58:A60,1),IF(MATCH(C62,B57:I57,1)<E64,MATCH(C62,B57:I57,1)+1,MATCH(C65,A58:A60,1)))} -> 4000 | O69: y2_n1: | P69: {=INDEX(O58:W60,MATCH(P65,N58:N60,1),IF(MATCH(P62,O57:W57,1)<R64,MATCH(P62,O57:W57,1)+1,MATCH(P65,N58:N60,1)))} -> #N/A | AC69: y2_n1: | AD69: {=INDEX(AC58:AK60,MATCH(AD65,AB58:AB60,1),IF(MATCH(AD62,AC57:AK57,1)<AF64,MATCH(AD62,AC57:AK57,1)+1,MATCH(AD65,AB58:AB60,1)))} -> #N/A
B70: y1_n2: | C70: {=INDEX(B58:I60,IF(MATCH(C65,A58:A60,1)<E63,MATCH(C65,A58:A60,1)+1,MATCH(C65,A58:A60,1)),MATCH(C62,B57:I57,1))} -> 2800 | O70: y1_n2: | P70: {=INDEX(O58:W60,IF(MATCH(P65,N58:N60,1)<R63,MATCH(P65,N58:N60,1)+1,MATCH(P65,N58:N60,1)),MATCH(P62,O57:W57,1))} -> #N/A | AC70: y1_n2: | AD70: {=INDEX(AC58:AK60,IF(MATCH(AD65,AB58:AB60,1)<AF63,MATCH(AD65,AB58:AB60,1)+1,MATCH(AD65,AB58:AB60,1)),MATCH(AD62,AC57:AK57,1))} -> #N/A
B71: y2_n2: | C71: {=INDEX(B58:I60,IF(MATCH(C65,A58:A60,1)<E63,MATCH(C65,A58:A60,1)+1,MATCH(C65,A58:A60,1)),IF(MATCH(C62,B57:I57,1)<E64,MATCH(C62,B57:I57,1)+1,MATCH(C62,B57:I57,1)))} -> 3700 | O71: y2_n2: | P71: {=INDEX(O58:W60,IF(MATCH(P65,N58:N60,1)<R63,MATCH(P65,N58:N60,1)+1,MATCH(P65,N58:N60,1)),IF(MATCH(P62,O57:W57,1)<R64,MATCH(P62,O57:W57,1)+1,MATCH(P62,O57:W57,1)))} -> #N/A | AC71: y2_n2: | AD71: {=INDEX(AC58:AK60,IF(MATCH(AD65,AB58:AB60,1)<AF63,MATCH(AD65,AB58:AB60,1)+1,MATCH(AD65,AB58:AB60,1)),IF(MATCH(AD62,AC57:AK57,1)<AF64,MATCH(AD62,AC57:AK57,1)+1,MATCH(AD62,AC57:AK57,1)))} -> #N/A
B72: y_n1: | C72: =IFERROR(C68+(C62-C63)*(C69-C68)/(C64-C63),C68) -> 3160 | O72: y_n1: | P72: =IFERROR(P68+(P62-P63)*(P69-P68)/(P64-P63),P68) -> #N/A | AC72: y_n1: | AD72: =IFERROR(AD68+(AD62-AD63)*(AD69-AD68)/(AD64-AD63),AD68) -> #N/A
B73: y_n2: | C73: =IFERROR(C70+(C62-C63)*(C71-C70)/(C64-C63),C70) -> 2944 | O73: y_n2: | P73: =IFERROR(P70+(P62-P63)*(P71-P70)/(P64-P63),P70) -> #N/A | AC73: y_n2: | AD73: =IFERROR(AD70+(AD62-AD63)*(AD71-AD70)/(AD64-AD63),AD70) -> #N/A
B74: Distance | C74: =IFERROR(C72+(C65-C66)*(C73-C72)/(C67-C66),C72) -> 3160 | O74: Distance | P74: =IFERROR(P72+(P65-P66)*(P73-P72)/(P67-P66),P72) -> #N/A | AC74: Distance | AD74: =IFERROR(AD72+(AD65-AD66)*(AD73-AD72)/(AD67-AD66),AD72) -> #N/A

Sheet LTL_Accelerate and stop2
B1: Pressure Alt | C1: x_n: | D1: =IF('Take-off'!$C$9="",'Take-off'!$C$16,MAX(0,'Take-off'!$C$16+30*(1013-'Take-off'!$C$9))) -> 0
B2: Temp in calc | C2: y_n: | D2: =IF('Take-off'!C13='Dropdown lists'!B30, 'Take-off'!$C$8, 'Take-off'!$C$8) -> -2
B3: FLAPS UP | O3: FLAPS TAKEOFF | AB3: FLAPS APPROACH
B4: Density altitude | O4: Density altitude | AB4: Density altitude
A5: Temp/PA | B5: 0 | C5: 1000 | D5: 2000 | E5: 3000 | F5: 4000 | N5: Temp/PA | O5: 0 | P5: 1000 | Q5: 2000 | R5: 3000 | S5: 4000 | AA5: Temp/PA | AB5: 0 | AC5: 1000 | AD5: 2000 | AE5: 3000 | AF5: 4000
A6: -30 | B6: 2800 | C6: 2900 | D6: 3000 | E6: 3120 | F6: 99999 | N6: -30 | S6: 99999 | AA6: -30 | AF6: 99999
A7: -20 | B7: 2800 | C7: 2900 | D7: 3050 | E7: 3200 | F7: 99999 | N7: -20 | S7: 99999 | AA7: -20 | AF7: 99999
A8: -10 | B8: 2900 | C8: 3100 | D8: 3200 | E8: 3310 | F8: 99999 | N8: -10 | S8: 99999 | AA8: -10 | AF8: 99999
A9: 0 | B9: 3075 | C9: 3200 | D9: 3300 | E9: 3490 | F9: 99999 | N9: 0 | S9: 99999 | AA9: 0 | AF9: 99999
A10: 10 | B10: 3200 | C10: 3350 | D10: 3450 | E10: 3650 | F10: 99999 | N10: 10 | S10: 99999 | AA10: 10 | AF10: 99999
A11: 20 | B11: 3300 | C11: 3480 | D11: 3600 | E11: 3800 | F11: 99999 | N11: 20 | S11: 99999 | AA11: 20 | AF11: 99999
A12: 30 | B12: 3450 | C12: 3650 | D12: 3800 | E12: 4050 | F12: 99999 | AA12: 30 | AF12: 99999
A13: 40 | B13: 3650 | C13: 3850 | D13: 4100 | E13: 4350 | F13: 99999 | N13: 30 | S13: 99999 | AA13: 40 | AF13: 99999
A14: 45 | B14: 99999 | C14: 99999 | D14: 99999 | E14: 99999 | F14: 99999 | N14: 35 | O14: 99999 | P14: 99999 | Q14: 99999 | R14: 99999 | S14: 99999 | AA14: 45 | AB14: 99999 | AC14: 99999 | AD14: 99999 | AE14: 99999 | AF14: 99999
B16: x_n: | C16: =D1 -> 0 | D16: Table size | O16: x_n: | P16: =D1 -> 0 | Q16: Table size | AB16: x_n: | AC16: =D1 -> 0 | AD16: Table size
B17: x1_n: | C17: {=INDEX(B5:F5,MATCH(C16,B5:F5,1))} -> 0 | D17: Rows: | E17: =MATCH(MAX(A6:A14),A6:A14,1) -> 9 | O17: x1_n: | P17: {=INDEX(O5:S5,MATCH(P16,O5:S5,1))} -> 0 | Q17: Rows: | R17: =MATCH(MAX(N6:N14),N6:N14,1) -> 9 | AB17: x1_n: | AC17: {=INDEX(AB5:AF5,MATCH(AC16,AB5:AF5,1))} -> 0 | AD17: Rows: | AE17: =MATCH(MAX(AA6:AA14),AA6:AA14,1) -> 9
B18: x2_n: | C18: {=INDEX(B5:F5,IF(MATCH(C16,B5:F5,1)<E18,MATCH(C16,B5:F5,1)+1,MATCH(C16,B5:F5,1)))} -> 1000 | D18: Columns: | E18: =MATCH(MAX(B5:F5),B5:F5,0) -> 5 | O18: x2_n: | P18: {=INDEX(O5:S5,IF(MATCH(P16,O5:S5,1)<R18,MATCH(P16,O5:S5,1)+1,MATCH(P16,O5:S5,1)))} -> 1000 | Q18: Columns: | R18: =MATCH(MAX(O5:S5),O5:S5,0) -> 5 | AB18: x2_n: | AC18: {=INDEX(AB5:AF5,IF(MATCH(AC16,AB5:AF5,1)<AE18,MATCH(AC16,AB5:AF5,1)+1,MATCH(AC16,AB5:AF5,1)))} -> 1000 | AD18: Columns: | AE18: =MATCH(MAX(AB5:AF5),AB5:AF5,0) -> 5
B19: y_n: | C19: =D2 -> -2 | O19: y_n: | P19: =D2 -> -2 | AB19: y_n: | AC19: =D2 -> -2
B20: n1: | C20: {=INDEX(A6:A14,MATCH(C19,A6:A14,1))} -> -10 | O20: n1: | P20: {=INDEX(N6:N14,MATCH(P19,N6:N14,1))} -> -10 | AB20: n1: | AC20: {=INDEX(AA6:AA14,MATCH(AC19,AA6:AA14,1))} -> -10
B21: n2: | C21: {=INDEX(A6:A14,IF(MATCH(C19,A6:A14,1)<E17,MATCH(C19,A6:A14,1)+1,MATCH(C19,A6:A14,1)))} -> 0 | O21: n2: | P21: {=INDEX(N6:N14,IF(MATCH(P19,N6:N14,1)<R17,MATCH(P19,N6:N14,1)+1,MATCH(P19,N6:N14,1)))} -> 0 | AB21: n2: | AC21: {=INDEX(AA6:AA14,IF(MATCH(AC19,AA6:AA14,1)<AE17,MATCH(AC19,AA6:AA14,1)+1,MATCH(AC19,AA6:AA14,1)))} -> 0
B22: y1_n1: | C22: {=INDEX(B6:F14,MATCH(C19,A6:A14,1),MATCH(C16,B5:F5,1))} -> 2900 | O22: y1_n1: | P22: {=INDEX(O6:S14,MATCH(P19,N6:N14,1),MATCH(P16,O5:S5,1))} | AB22: y1_n1: | AC22: {=INDEX(AB6:AF14,MATCH(AC19,AA6:AA14,1),MATCH(AC16,AB5:AF5,1))}
B23: y2_n1: | C23: {=INDEX(B6:F14,MATCH(C19,A6:A14,1),IF(MATCH(C16,B5:F5,1)<E18,MATCH(C16,B5:F5,1)+1,MATCH(C19,A6:A14,1)))} -> 3100 | O23: y2_n1: | P23: {=INDEX(O6:S14,MATCH(P19,N6:N14,1),IF(MATCH(P16,O5:S5,1)<R18,MATCH(P16,O5:S5,1)+1,MATCH(P19,N6:N14,1)))} | AB23: y2_n1: | AC23: {=INDEX(AB6:AF14,MATCH(AC19,AA6:AA14,1),IF(MATCH(AC16,AB5:AF5,1)<AE18,MATCH(AC16,AB5:AF5,1)+1,MATCH(AC19,AA6:AA14,1)))}
B24: y1_n2: | C24: {=INDEX(B6:F14,IF(MATCH(C19,A6:A14,1)<E17,MATCH(C19,A6:A14,1)+1,MATCH(C19,A6:A14,1)),MATCH(C16,B5:F5,1))} -> 3075 | O24: y1_n2: | P24: {=INDEX(O6:S14,IF(MATCH(P19,N6:N14,1)<R17,MATCH(P19,N6:N14,1)+1,MATCH(P19,N6:N14,1)),MATCH(P16,O5:S5,1))} | AB24: y1_n2: | AC24: {=INDEX(AB6:AF14,IF(MATCH(AC19,AA6:AA14,1)<AE17,MATCH(AC19,AA6:AA14,1)+1,MATCH(AC19,AA6:AA14,1)),MATCH(AC16,AB5:AF5,1))}
B25: y2_n2: | C25: {=INDEX(B6:F14,IF(MATCH(C19,A6:A14,1)<E17,MATCH(C19,A6:A14,1)+1,MATCH(C19,A6:A14,1)),IF(MATCH(C16,B5:F5,1)<E18,MATCH(C16,B5:F5,1)+1,MATCH(C16,B5:F5,1)))} -> 3200 | O25: y2_n2: | P25: {=INDEX(O6:S14,IF(MATCH(P19,N6:N14,1)<R17,MATCH(P19,N6:N14,1)+1,MATCH(P19,N6:N14,1)),IF(MATCH(P16,O5:S5,1)<R18,MATCH(P16,O5:S5,1)+1,MATCH(P16,O5:S5,1)))} | AB25: y2_n2: | AC25: {=INDEX(AB6:AF14,IF(MATCH(AC19,AA6:AA14,1)<AE17,MATCH(AC19,AA6:AA14,1)+1,MATCH(AC19,AA6:AA14,1)),IF(MATCH(AC16,AB5:AF5,1)<AE18,MATCH(AC16,AB5:AF5,1)+1,MATCH(AC16,AB5:AF5,1)))}
B26: y_n1: | C26: =IFERROR(C22+(C16-C17)*(C23-C22)/(C18-C17),C22) -> 2900 | O26: y_n1: | P26: =IFERROR(P22+(P16-P17)*(P23-P22)/(P18-P17),P22) -> 0 | AB26: y_n1: | AC26: =IFERROR(AC22+(AC16-AC17)*(AC23-AC22)/(AC18-AC17),AC22) -> 0
B27: y_n2: | C27: =IFERROR(C24+(C16-C17)*(C25-C24)/(C18-C17),C24) -> 3075 | O27: y_n2: | P27: =IFERROR(P24+(P16-P17)*(P25-P24)/(P18-P17),P24) -> 0 | AB27: y_n2: | AC27: =IFERROR(AC24+(AC16-AC17)*(AC25-AC24)/(AC18-AC17),AC24) -> 0
B28: Distance | C28: =IFERROR(C26+(C19-C20)*(C27-C26)/(C21-C20),C26) -> 3040 | O28: Distance | P28: =IFERROR(P26+(P19-P20)*(P27-P26)/(P21-P20),P26) -> 0 | AB28: Distance | AC28: =IFERROR(AC26+(AC19-AC20)*(AC27-AC26)/(AC21-AC20),AC26) -> 0
B30: Vikt | O30: Vikt | AB30: Vikt
A31: % | B31: 2500 | C31: 3000 | D31: 3500 | E31: 4000 | F31: 4500 | G31: 5000 | N31: % | O31: 3600 | P31: 4300 | Q31: 5000 | R31: 5700 | S31: 6000 | AA31: % | AB31: 3000 | AC31: 3450 | AD31: 3900 | AE31: 4350 | AF31: 4800 | AG31: 5000
A32: 9000 | B32: 2200 | C32: 2700 | D32: 3050 | E32: 3400 | F32: 3900 | G32: 99999 | N32: 10000 | S32: 99999 | AA32: 9000 | AG32: 99999
A33: 9500 | B33: 2250 | C33: 2750 | D33: 3110 | E33: 3500 | F33: 3950 | G33: 99999 | N33: 11000 | S33: 99999 | AA33: 9500 | AG33: 99999
A34: 10000 | B34: 2290 | C34: 2780 | D34: 3190 | E34: 3600 | F34: 4000 | G34: 99999 | N34: 12000 | S34: 99999 | AA34: 10000 | AG34: 99999
A35: 10500 | B35: 2310 | C35: 2800 | D35: 3250 | E35: 3675 | F35: 4100 | G35: 99999 | N35: 13000 | S35: 99999 | AA35: 10500 | AG35: 99999
A36: 11000 | B36: 2375 | C36: 2850 | D36: 3300 | E36: 3750 | F36: 4200 | G36: 99999 | N36: 14000 | S36: 99999 | AA36: 11000 | AG36: 99999
A37: 11500 | B37: 2400 | C37: 2900 | D37: 3380 | E37: 3820 | F37: 4300 | G37: 99999 | N37: 15000 | S37: 99999 | AA37: 11500 | AG37: 99999
A38: 12000 | B38: 2450 | C38: 2950 | D38: 3450 | E38: 3910 | F38: 4400 | G38: 99999 | N38: 16000 | S38: 99999 | AA38: 12000 | AG38: 99999
A39: 12500 | B39: 2500 | C39: 3000 | D39: 3500 | E39: 4000 | F39: 4500 | G39: 99999 | N39: 16600 | S39: 99999 | AA39: 12500 | AG39: 99999
A40: 12600 | B40: 99999 | C40: 99999 | D40: 99999 | E40: 99999 | F40: 99999 | G40: 99999 | N40: 16700 | O40: 99999 | P40: 99999 | Q40: 99999 | R40: 99999 | S40: 99999 | AA40: 12600 | AB40: 99999 | AC40: 99999 | AD40: 99999 | AE40: 99999 | AF40: 99999 | AG40: 99999
B42: x_n: | C42: =C28 -> 3040 | D42: Table size | O42: x_n: | P42: =P28 -> 0 | Q42: Table size | AB42: x_n: | AC42: =AC28 -> 0 | AD42: Table size
B43: x1_n: | C43: {=INDEX(B31:G31,MATCH(C42,B31:G31,1))} -> 3000 | D43: Rows: | E43: =MATCH(MAX(A32:A40),A32:A40,1) -> 9 | O43: x1_n: | P43: {=INDEX(O31:S31,MATCH(P42,O31:S31,1))} -> #N/A | Q43: Rows: | R43: =MATCH(MAX(N32:N40),N32:N40,1) -> 9 | AB43: x1_n: | AC43: {=INDEX(AB31:AG31,MATCH(AC42,AB31:AG31,1))} -> #N/A | AD43: Rows: | AE43: =MATCH(MAX(AA32:AA40),AA32:AA40,1) -> 9
B44: x2_n: | C44: {=INDEX(B31:G31,IF(MATCH(C42,B31:G31,1)<E44,MATCH(C42,B31:G31,1)+1,MATCH(C42,B31:G31,1)))} -> 3500 | D44: Columns: | E44: =MATCH(MAX(B31:G31),B31:G31,0) -> 6 | O44: x2_n: | P44: {=INDEX(O31:S31,IF(MATCH(P42,O31:S31,1)<R44,MATCH(P42,O31:S31,1)+1,MATCH(P42,O31:S31,1)))} -> #N/A | Q44: Columns: | R44: =MATCH(MAX(O31:S31),O31:S31,0) -> 5 | AB44: x2_n: | AC44: {=INDEX(AB31:AG31,IF(MATCH(AC42,AB31:AG31,1)<AE44,MATCH(AC42,AB31:AG31,1)+1,MATCH(AC42,AB31:AG31,1)))} -> #N/A | AD44: Columns: | AE44: =MATCH(MAX(AB31:AG31),AB31:AG31,0) -> 6
B45: y_n: | C45: ='Take-off'!$C$14 -> 12500 | O45: y_n: | P45: ='Take-off'!$C$14 -> 12500 | AB45: y_n: | AC45: ='Take-off'!$C$14 -> 12500
B46: n1: | C46: {=INDEX(A32:A40,MATCH(C45,A32:A40,1))} -> 12500 | O46: n1: | P46: {=INDEX(N32:N40,MATCH(P45,N32:N40,1))} -> 12000 | AB46: n1: | AC46: {=INDEX(AA32:AA40,MATCH(AC45,AA32:AA40,1))} -> 12500
B47: n2: | C47: {=INDEX(A32:A40,IF(MATCH(C45,A32:A40,1)<E43,MATCH(C45,A32:A40,1)+1,MATCH(C45,A32:A40,1)))} -> 12600 | O47: n2: | P47: {=INDEX(N32:N40,IF(MATCH(P45,N32:N40,1)<R43,MATCH(P45,N32:N40,1)+1,MATCH(P45,N32:N40,1)))} -> 13000 | AB47: n2: | AC47: {=INDEX(AA32:AA40,IF(MATCH(AC45,AA32:AA40,1)<AE43,MATCH(AC45,AA32:AA40,1)+1,MATCH(AC45,AA32:AA40,1)))} -> 12600
B48: y1_n1: | C48: {=INDEX(B32:G40,MATCH(C45,A32:A40,1),MATCH(C42,B31:G31,1))} -> 3000 | O48: y1_n1: | P48: {=INDEX(O32:S40,MATCH(P45,N32:N40,1),MATCH(P42,O31:S31,1))} -> #N/A | AB48: y1_n1: | AC48: {=INDEX(AB32:AG40,MATCH(AC45,AA32:AA40,1),MATCH(AC42,AB31:AG31,1))} -> #N/A
B49: y2_n1: | C49: {=INDEX(B32:G40,MATCH(C45,A32:A40,1),IF(MATCH(C42,B31:G31,1)<E44,MATCH(C42,B31:G31,1)+1,MATCH(C45,A32:A40,1)))} -> 3500 | O49: y2_n1: | P49: {=INDEX(O32:S40,MATCH(P45,N32:N40,1),IF(MATCH(P42,O31:S31,1)<R44,MATCH(P42,O31:S31,1)+1,MATCH(P45,N32:N40,1)))} -> #N/A | AB49: y2_n1: | AC49: {=INDEX(AB32:AG40,MATCH(AC45,AA32:AA40,1),IF(MATCH(AC42,AB31:AG31,1)<AE44,MATCH(AC42,AB31:AG31,1)+1,MATCH(AC45,AA32:AA40,1)))} -> #N/A
B50: y1_n2: | C50: {=INDEX(B32:G40,IF(MATCH(C45,A32:A40,1)<E43,MATCH(C45,A32:A40,1)+1,MATCH(C45,A32:A40,1)),MATCH(C42,B31:G31,1))} -> 99999 | O50: y1_n2: | P50: {=INDEX(O32:S40,IF(MATCH(P45,N32:N40,1)<R43,MATCH(P45,N32:N40,1)+1,MATCH(P45,N32:N40,1)),MATCH(P42,O31:S31,1))} -> #N/A | AB50: y1_n2: | AC50: {=INDEX(AB32:AG40,IF(MATCH(AC45,AA32:AA40,1)<AE43,MATCH(AC45,AA32:AA40,1)+1,MATCH(AC45,AA32:AA40,1)),MATCH(AC42,AB31:AG31,1))} -> #N/A
B51: y2_n2: | C51: {=INDEX(B32:G40,IF(MATCH(C45,A32:A40,1)<E43,MATCH(C45,A32:A40,1)+1,MATCH(C45,A32:A40,1)),IF(MATCH(C42,B31:G31,1)<E44,MATCH(C42,B31:G31,1)+1,MATCH(C42,B31:G31,1)))} -> 99999 | O51: y2_n2: | P51: {=INDEX(O32:S40,IF(MATCH(P45,N32:N40,1)<R43,MATCH(P45,N32:N40,1)+1,MATCH(P45,N32:N40,1)),IF(MATCH(P42,O31:S31,1)<R44,MATCH(P42,O31:S31,1)+1,MATCH(P42,O31:S31,1)))} -> #N/A | AB51: y2_n2: | AC51: {=INDEX(AB32:AG40,IF(MATCH(AC45,AA32:AA40,1)<AE43,MATCH(AC45,AA32:AA40,1)+1,MATCH(AC45,AA32:AA40,1)),IF(MATCH(AC42,AB31:AG31,1)<AE44,MATCH(AC42,AB31:AG31,1)+1,MATCH(AC42,AB31:AG31,1)))} -> #N/A
B52: y_n1: | C52: =IFERROR(C48+(C42-C43)*(C49-C48)/(C44-C43),C48) -> 3040 | O52: y_n1: | P52: =IFERROR(P48+(P42-P43)*(P49-P48)/(P44-P43),P48) -> #N/A | AB52: y_n1: | AC52: =IFERROR(AC48+(AC42-AC43)*(AC49-AC48)/(AC44-AC43),AC48) -> #N/A
B53: y_n2: | C53: =IFERROR(C50+(C42-C43)*(C51-C50)/(C44-C43),C50) -> 99999 | O53: y_n2: | P53: =IFERROR(P50+(P42-P43)*(P51-P50)/(P44-P43),P50) -> #N/A | AB53: y_n2: | AC53: =IFERROR(AC50+(AC42-AC43)*(AC51-AC50)/(AC44-AC43),AC50) -> #N/A
B54: Distance | C54: =IFERROR(C52+(C45-C46)*(C53-C52)/(C47-C46),C52) -> 3040 | O54: Distance | P54: =IFERROR(P52+(P45-P46)*(P53-P52)/(P47-P46),P52) -> #N/A | AB54: Distance | AC54: =IFERROR(AC52+(AC45-AC46)*(AC53-AC52)/(AC47-AC46),AC52) -> #N/A
B56: Vind | O56: Vind | AB56: Vind
A57: Kt | B57: 2000 | C57: 2500 | D57: 3000 | E57: 3500 | F57: 4000 | G57: 4500 | H57: 5000 | N57: Kt | O57: 2400 | P57: 2800 | Q57: 3500 | R57: 4350 | S57: 5100 | T57: 5900 | U57: 6000 | AA57: Kt | AB57: 2600 | AC57: 3100 | AD57: 3550 | AE57: 4000 | AF57: 4450 | AG57: 4900 | AH57: 5500
A58: -10 | B58: 2200 | C58: 2750 | D58: 3350 | E58: 3950 | F58: 4500 | G58: 5100 | H58: 99999 | N58: -10 | U58: 99999 | AA58: -10 | AH58: 99999
A59: 0 | B59: 2000 | C59: 2500 | D59: 3000 | E59: 3500 | F59: 4000 | G59: 4500 | H59: 99999 | N59: 0 | U59: 99999 | AA59: 0 | AH59: 99999
A60: 30 | B60: 1800 | C60: 2200 | D60: 2700 | E60: 3100 | F60: 3600 | G60: 4050 | H60: 99999 | N60: 30 | U60: 99999 | AA60: 30 | AH60: 99999
B62: x_n: | C62: =C54 -> 3040 | D62: Table size | O62: x_n: | P62: =P54 -> #N/A | Q62: Table size | AB62: x_n: | AC62: =AC54 -> #N/A | AD62: Table size
B63: x1_n: | C63: {=INDEX(B57:H57,MATCH(C62,B57:H57,1))} -> 3000 | D63: Rows: | E63: =MATCH(MAX(A58:A60),A58:A60,1) -> 3 | O63: x1_n: | P63: {=INDEX(O57:U57,MATCH(P62,O57:U57,1))} -> #N/A | Q63: Rows: | R63: =MATCH(MAX(N58:N60),N58:N60,1) -> 3 | AB63: x1_n: | AC63: {=INDEX(AB57:AH57,MATCH(AC62,AB57:AH57,1))} -> #N/A | AD63: Rows: | AE63: =MATCH(MAX(AA58:AA60),AA58:AA60,1) -> 3
B64: x2_n: | C64: {=INDEX(B57:H57,IF(MATCH(C62,B57:H57,1)<E64,MATCH(C62,B57:H57,1)+1,MATCH(C62,B57:H57,1)))} -> 3500 | D64: Columns: | E64: =MATCH(MAX(B57:H57),B57:H57,0) -> 7 | O64: x2_n: | P64: {=INDEX(O57:U57,IF(MATCH(P62,O57:U57,1)<R64,MATCH(P62,O57:U57,1)+1,MATCH(P62,O57:U57,1)))} -> #N/A | Q64: Columns: | R64: =MATCH(MAX(O57:U57),O57:U57,0) -> 7 | AB64: x2_n: | AC64: {=INDEX(AB57:AH57,IF(MATCH(AC62,AB57:AH57,1)<AE64,MATCH(AC62,AB57:AH57,1)+1,MATCH(AC62,AB57:AH57,1)))} -> #N/A | AD64: Columns: | AE64: =MATCH(MAX(AB57:AH57),AB57:AH57,0) -> 7
B65: y_n: | C65: ='Take-off'!$C$24 -> 0 | O65: y_n: | P65: ='Take-off'!$C$24 -> 0 | AB65: y_n: | AC65: ='Take-off'!$C$24 -> 0
B66: n1: | C66: {=INDEX(A58:A60,MATCH(C65,A58:A60,1))} -> 0 | O66: n1: | P66: {=INDEX(N58:N60,MATCH(P65,N58:N60,1))} -> 0 | AB66: n1: | AC66: {=INDEX(AA58:AA60,MATCH(AC65,AA58:AA60,1))} -> 0
B67: n2: | C67: {=INDEX(A58:A60,IF(MATCH(C65,A58:A60,1)<E63,MATCH(C65,A58:A60,1)+1,MATCH(C65,A58:A60,1)))} -> 30 | O67: n2: | P67: {=INDEX(N58:N60,IF(MATCH(P65,N58:N60,1)<R63,MATCH(P65,N58:N60,1)+1,MATCH(P65,N58:N60,1)))} -> 30 | AB67: n2: | AC67: {=INDEX(AA58:AA60,IF(MATCH(AC65,AA58:AA60,1)<AE63,MATCH(AC65,AA58:AA60,1)+1,MATCH(AC65,AA58:AA60,1)))} -> 30
B68: y1_n1: | C68: {=INDEX(B58:H60,MATCH(C65,A58:A60,1),MATCH(C62,B57:H57,1))} -> 3000 | O68: y1_n1: | P68: {=INDEX(O58:U60,MATCH(P65,N58:N60,1),MATCH(P62,O57:U57,1))} -> #N/A | AB68: y1_n1: | AC68: {=INDEX(AB58:AH60,MATCH(AC65,AA58:AA60,1),MATCH(AC62,AB57:AH57,1))} -> #N/A
B69: y2_n1: | C69: {=INDEX(B58:H60,MATCH(C65,A58:A60,1),IF(MATCH(C62,B57:H57,1)<E64,MATCH(C62,B57:H57,1)+1,MATCH(C65,A58:A60,1)))} -> 3500 | O69: y2_n1: | P69: {=INDEX(O58:U60,MATCH(P65,N58:N60,1),IF(MATCH(P62,O57:U57,1)<R64,MATCH(P62,O57:U57,1)+1,MATCH(P65,N58:N60,1)))} -> #N/A | AB69: y2_n1: | AC69: {=INDEX(AB58:AH60,MATCH(AC65,AA58:AA60,1),IF(MATCH(AC62,AB57:AH57,1)<AE64,MATCH(AC62,AB57:AH57,1)+1,MATCH(AC65,AA58:AA60,1)))} -> #N/A
B70: y1_n2: | C70: {=INDEX(B58:H60,IF(MATCH(C65,A58:A60,1)<E63,MATCH(C65,A58:A60,1)+1,MATCH(C65,A58:A60,1)),MATCH(C62,B57:H57,1))} -> 2700 | O70: y1_n2: | P70: {=INDEX(O58:U60,IF(MATCH(P65,N58:N60,1)<R63,MATCH(P65,N58:N60,1)+1,MATCH(P65,N58:N60,1)),MATCH(P62,O57:U57,1))} -> #N/A | AB70: y1_n2: | AC70: {=INDEX(AB58:AH60,IF(MATCH(AC65,AA58:AA60,1)<AE63,MATCH(AC65,AA58:AA60,1)+1,MATCH(AC65,AA58:AA60,1)),MATCH(AC62,AB57:AH57,1))} -> #N/A
B71: y2_n2: | C71: {=INDEX(B58:H60,IF(MATCH(C65,A58:A60,1)<E63,MATCH(C65,A58:A60,1)+1,MATCH(C65,A58:A60,1)),IF(MATCH(C62,B57:H57,1)<E64,MATCH(C62,B57:H57,1)+1,MATCH(C62,B57:H57,1)))} -> 3100 | O71: y2_n2: | P71: {=INDEX(O58:U60,IF(MATCH(P65,N58:N60,1)<R63,MATCH(P65,N58:N60,1)+1,MATCH(P65,N58:N60,1)),IF(MATCH(P62,O57:U57,1)<R64,MATCH(P62,O57:U57,1)+1,MATCH(P62,O57:U57,1)))} -> #N/A | AB71: y2_n2: | AC71: {=INDEX(AB58:AH60,IF(MATCH(AC65,AA58:AA60,1)<AE63,MATCH(AC65,AA58:AA60,1)+1,MATCH(AC65,AA58:AA60,1)),IF(MATCH(AC62,AB57:AH57,1)<AE64,MATCH(AC62,AB57:AH57,1)+1,MATCH(AC62,AB57:AH57,1)))} -> #N/A
B72: y_n1: | C72: =IFERROR(C68+(C62-C63)*(C69-C68)/(C64-C63),C68) -> 3040 | O72: y_n1: | P72: =IFERROR(P68+(P62-P63)*(P69-P68)/(P64-P63),P68) -> #N/A | AB72: y_n1: | AC72: =IFERROR(AC68+(AC62-AC63)*(AC69-AC68)/(AC64-AC63),AC68) -> #N/A
B73: y_n2: | C73: =IFERROR(C70+(C62-C63)*(C71-C70)/(C64-C63),C70) -> 2732 | O73: y_n2: | P73: =IFERROR(P70+(P62-P63)*(P71-P70)/(P64-P63),P70) -> #N/A | AB73: y_n2: | AC73: =IFERROR(AC70+(AC62-AC63)*(AC71-AC70)/(AC64-AC63),AC70) -> #N/A
B74: Distance | C74: =IFERROR(C72+(C65-C66)*(C73-C72)/(C67-C66),C72) -> 3040 | O74: Distance | P74: =IFERROR(P72+(P65-P66)*(P73-P72)/(P67-P66),P72) -> #N/A | AB74: Distance | AC74: =IFERROR(AC72+(AC65-AC66)*(AC73-AC72)/(AC67-AC66),AC72) -> #N/A

Sheet LTL_OEI CLIMB GRADIENT
B1: Pressure Alt | C1: x_n: | D1: =IF(Landing!$C$9="",Landing!$C$15,MAX(0,Landing!$C$15+30*(1013-Landing!$C$9))) -> 0
B2: Temp in calc | C2: y_n: | D2: =Landing!C8 -> -2
B3: NET GRADIENT OF CLIMB - FLAPS UP
B4: Density altitude
A5: Temp/PA | B5: 0 | C5: 1000 | D5: 2000 | E5: 3000 | F5: 4000
A6: -30 | B6: 790 | C6: 780 | D6: 760 | E6: 750 | F6: 0
A7: -20 | B7: 770 | C7: 760 | D7: 740 | E7: 730 | F7: 0
A8: -10 | B8: 760 | C8: 740 | D8: 730 | E8: 710 | F8: 0
A9: 0 | B9: 740 | C9: 725 | D9: 710 | E9: 690 | F9: 0
A10: 10 | B10: 720 | C10: 710 | D10: 690 | E10: 670 | F10: 0
A11: 20 | B11: 700 | C11: 690 | D11: 670 | E11: 650 | F11: 0
A12: 30 | B12: 680 | C12: 670 | D12: 660 | E12: 620 | F12: 0
A13: 40 | B13: 665 | C13: 620 | D13: 580 | E13: 530 | F13: 0
A14: 45 | B14: 0 | C14: 0 | D14: 0 | E14: 0 | F14: 0
B16: x_n: | C16: =D1 -> 0 | D16: Table size
B17: x1_n: | C17: {=INDEX(B5:F5,MATCH(C16,B5:F5,1))} -> 0 | D17: Rows: | E17: =MATCH(MAX(A6:A14),A6:A14,1) -> 9
B18: x2_n: | C18: {=INDEX(B5:F5,IF(MATCH(C16,B5:F5,1)<E18,MATCH(C16,B5:F5,1)+1,MATCH(C16,B5:F5,1)))} -> 1000 | D18: Columns: | E18: =MATCH(MAX(B5:F5),B5:F5,0) -> 5
B19: y_n: | C19: =D2 -> -2
B20: n1: | C20: {=INDEX(A6:A14,MATCH(C19,A6:A14,1))} -> -10
B21: n2: | C21: {=INDEX(A6:A14,IF(MATCH(C19,A6:A14,1)<E17,MATCH(C19,A6:A14,1)+1,MATCH(C19,A6:A14,1)))} -> 0
B22: y1_n1: | C22: {=INDEX(B6:F14,MATCH(C19,A6:A14,1),MATCH(C16,B5:F5,1))} -> 760
B23: y2_n1: | C23: {=INDEX(B6:F14,MATCH(C19,A6:A14,1),IF(MATCH(C16,B5:F5,1)<E18,MATCH(C16,B5:F5,1)+1,MATCH(C19,A6:A14,1)))} -> 740
B24: y1_n2: | C24: {=INDEX(B6:F14,IF(MATCH(C19,A6:A14,1)<E17,MATCH(C19,A6:A14,1)+1,MATCH(C19,A6:A14,1)),MATCH(C16,B5:F5,1))} -> 740
B25: y2_n2: | C25: {=INDEX(B6:F14,IF(MATCH(C19,A6:A14,1)<E17,MATCH(C19,A6:A14,1)+1,MATCH(C19,A6:A14,1)),IF(MATCH(C16,B5:F5,1)<E18,MATCH(C16,B5:F5,1)+1,MATCH(C16,B5:F5,1)))} -> 725
B26: y_n1: | C26: =IFERROR(C22+(C16-C17)*(C23-C22)/(C18-C17),C22) -> 760
B27: y_n2: | C27: =IFERROR(C24+(C16-C17)*(C25-C24)/(C18-C17),C24) -> 740
B28: Distance | C28: =IFERROR(C26+(C19-C20)*(C27-C26)/(C21-C20),C26) -> 744
B30: ROC | O30: ROC->Gradient
A31: % | B31: 500 | C31: 600 | D31: 700 | E31: 800 | F31: 900 | Q31: % | R31: 440 | S31: 500 | T31: 550 | U31: 650 | V31: 760 | W31: 860 | X31: 960 | Y31: 1060 | Z31: 1160 | AA31: 1200 | AB31: 1200
A32: 9000 | B32: 1050 | C32: 1150 | D32: 1200 | E32: 1200 | F32: 0 | Q32: 1 | R32: 3 | S32: 3.5 | T32: 4 | U32: 5 | V32: 6 | W32: 7 | X32: 8 | Y32: 9 | Z32: 10 | AA32: 10.5 | AB32: 11
A33: 9500 | B33: 940 | C33: 1050 | D33: 1180 | E33: 1200 | F33: 0
A34: 10000 | B34: 860 | C34: 960 | D34: 1080 | E34: 1200 | F34: 0 | P34: x_n: | Q34: =C54 -> 644 | R34: Table size
A35: 10500 | B35: 775 | C35: 880 | D35: 950 | E35: 1100 | F35: 0 | P35: x1_n: | Q35: {=INDEX(R31:AB31,MATCH(Q34,R31:AB31,1))} -> 550 | R35: Rows: | S35: =MATCH(MAX(Q32),Q32,1) -> 1
A36: 11000 | B36: 700 | C36: 800 | D36: 910 | E36: 1020 | F36: 0 | P36: x2_n: | Q36: {=INDEX(R31:AB31,IF(MATCH(Q34,R31:AB31,1)<S36,MATCH(Q34,R31:AB31,1)+1,MATCH(Q34,R31:AB31,1)))} -> 650 | R36: Columns: | S36: =MATCH(MAX(R31:AB31),R31:AB31,0) -> 10
A37: 11500 | B37: 630 | C37: 725 | D37: 830 | E37: 940 | F37: 0 | P37: y_n: | Q37: 1
A38: 12000 | B38: 560 | C38: 660 | D38: 760 | E38: 865 | F38: 0 | P38: n1: | Q38: {=INDEX(Q32,MATCH(Q37,Q32,1))} -> 1
A39: 12500 | B39: 500 | C39: 600 | D39: 700 | E39: 800 | F39: 0 | P39: n2: | Q39: {=INDEX(Q32,IF(MATCH(Q37,Q32,1)<S35,MATCH(Q37,Q32,1)+1,MATCH(Q37,Q32,1)))} -> 1
O40: y1_n1: | P40: {=INDEX(R32:AB32,MATCH(Q37,Q32,1),MATCH(Q34,R31:AB31,1))} -> 4
B41: x_n: | C41: =C28 -> 744 | D41: Table size | O41: y2_n1: | P41: {=INDEX(R32:AB32,MATCH(Q37,Q32,1),IF(MATCH(Q34,R31:AB31,1)<S36,MATCH(Q34,R31:AB31,1)+1,MATCH(Q37,Q32,1)))} -> 5
B42: x1_n: | C42: {=INDEX(B31:F31,MATCH(C41,B31:F31,1))} -> 700 | D42: Rows: | E42: =MATCH(MAX(A32:A39),A32:A39,1) -> 8 | O42: y1_n2: | P42: {=INDEX(R32:AB32,IF(MATCH(Q37,Q32,1)<S35,MATCH(Q37,Q32,1)+1,MATCH(Q37,Q32,1)),MATCH(Q34,R31:AB31,1))} -> 4
B43: x2_n: | C43: {=INDEX(B31:F31,IF(MATCH(C41,B31:F31,1)<E43,MATCH(C41,B31:F31,1)+1,MATCH(C41,B31:F31,1)))} -> 800 | D43: Columns: | E43: =MATCH(MAX(B31:F31),B31:F31,0) -> 5 | O43: y2_n2: | P43: {=INDEX(R32:AB32,IF(MATCH(Q37,Q32,1)<S35,MATCH(Q37,Q32,1)+1,MATCH(Q37,Q32,1)),IF(MATCH(Q34,R31:AB31,1)<S36,MATCH(Q34,R31:AB31,1)+1,MATCH(Q34,R31:AB31,1)))} -> 5
B44: y_n: | C44: =Landing!C11 -> 12500 | O44: y_n1: | P44: =IFERROR(P40+(Q34-Q35)*(P41-P40)/(Q36-Q35),P40) -> 4.94
B45: n1: | C45: {=INDEX(A32:A39,MATCH(C44,A32:A39,1))} -> 12500 | O45: y_n2: | P45: =IFERROR(P42+(Q34-Q35)*(P43-P42)/(Q36-Q35),P42) -> 4.94
B46: n2: | C46: {=INDEX(A32:A39,IF(MATCH(C44,A32:A39,1)<E42,MATCH(C44,A32:A39,1)+1,MATCH(C44,A32:A39,1)))} -> 12500 | O46: Distance | P46: =IFERROR(P44+(Q37-Q38)*(P45-P44)/(Q39-Q38),P44) -> 4.94
B47: y1_n1: | C47: {=INDEX(B32:F39,MATCH(C44,A32:A39,1),MATCH(C41,B31:F31,1))} -> 700
B48: y2_n1: | C48: {=INDEX(B32:F39,MATCH(C44,A32:A39,1),IF(MATCH(C41,B31:F31,1)<E43,MATCH(C41,B31:F31,1)+1,MATCH(C44,A32:A39,1)))} -> 800
B49: y1_n2: | C49: {=INDEX(B32:F39,IF(MATCH(C44,A32:A39,1)<E42,MATCH(C44,A32:A39,1)+1,MATCH(C44,A32:A39,1)),MATCH(C41,B31:F31,1))} -> 700
B50: y2_n2: | C50: {=INDEX(B32:F39,IF(MATCH(C44,A32:A39,1)<E42,MATCH(C44,A32:A39,1)+1,MATCH(C44,A32:A39,1)),IF(MATCH(C41,B31:F31,1)<E43,MATCH(C41,B31:F31,1)+1,MATCH(C41,B31:F31,1)))} -> 800
B51: y_n1: | C51: =IFERROR(C47+(C41-C42)*(C48-C47)/(C43-C42),C47) -> 744
B52: y_n2: | C52: =IFERROR(C49+(C41-C42)*(C50-C49)/(C43-C42),C49) -> 744
B53: Distance | C53: =IFERROR(C51+(C44-C45)*(C52-C51)/(C46-C45),C51) -> 744
B54: ICE VANE CORR | C54: =C53-100 -> 644

Sheet LTL_NET GRADIENT OF CLIMB
B1: Pressure Alt | C1: x_n: | D1: =IF('Take-off'!$C$9="",'Take-off'!$C$16,MAX(0,'Take-off'!$C$16+30*(1013-'Take-off'!$C$9)))+35 -> 35 | F1: 35 fot extra
B2: Temp in calc | C2: y_n: | D2: =IF('Take-off'!$C$13='Dropdown lists'!$B$30, 'Take-off'!$C$8+10, 'Take-off'!$C$8) -> -2 | E2: Includes ICE-Vane. Could be disregarded for us
B3: NET GRADIENT OF CLIMB - FLAPS UP | O3: NET GRADIENT OF CLIMB - FLAPS TAKEOFF | AB3: NET GRADIENT OF CLIMB - FLAPS APPROACH
B4: Density altitude | O4: Density altitude | AB4: Density altitude
A5: Temp/PA | B5: 0 | C5: 1000 | D5: 2000 | E5: 3000 | F5: 4000 | N5: Temp/PA | O5: 0 | P5: 1000 | Q5: 2000 | R5: 3000 | S5: 4000 | AA5: Temp/PA | AB5: 0 | AC5: 1000 | AD5: 2000 | AE5: 3000 | AF5: 4000
A6: -30 | B6: 6 | C6: 5.8 | D6: 5.6 | E6: 5.4 | F6: 0 | N6: -30 | S6: 99999 | AA6: -30 | AF6: 99999
A7: -20 | B7: 6 | C7: 5.8 | D7: 5.45 | E7: 5.2 | F7: 0 | N7: -20 | S7: 99999 | AA7: -20 | AF7: 99999
A8: -10 | B8: 5.75 | C8: 5.5 | D8: 5.2 | E8: 4.9 | F8: 0 | N8: -10 | S8: 99999 | AA8: -10 | AF8: 99999
A9: 0 | B9: 5.5 | C9: 5.2 | D9: 4.9 | E9: 4.6 | F9: 0 | N9: 0 | S9: 99999 | AA9: 0 | AF9: 99999
A10: 10 | B10: 5.2 | C10: 4.9 | D10: 4.6 | E10: 4.4 | F10: 0 | N10: 10 | S10: 99999 | AA10: 10 | AF10: 99999
A11: 20 | B11: 4.95 | C11: 4.65 | D11: 4.4 | E11: 4 | F11: 0 | N11: 20 | S11: 99999 | AA11: 20 | AF11: 99999
A12: 30 | B12: 4.7 | C12: 4.25 | D12: 3.9 | E12: 3.4 | F12: 0 | AA12: 30 | AF12: 99999
A13: 40 | B13: 4 | C13: 3.4 | D13: 3 | E13: 2.5 | F13: 0 | N13: 30 | S13: 99999 | AA13: 40 | AF13: 99999
A14: 45 | B14: 0 | C14: 0 | D14: 0 | E14: 0 | F14: 0 | N14: 35 | O14: 99999 | P14: 99999 | Q14: 99999 | R14: 99999 | S14: 99999 | AA14: 45 | AB14: 99999 | AC14: 99999 | AD14: 99999 | AE14: 99999 | AF14: 99999
B16: x_n: | C16: =D1 -> 35 | D16: Table size | O16: x_n: | P16: =D1 -> 35 | Q16: Table size | AB16: x_n: | AC16: =D1 -> 35 | AD16: Table size
B17: x1_n: | C17: {=INDEX(B5:F5,MATCH(C16,B5:F5,1))} -> 0 | D17: Rows: | E17: =MATCH(MAX(A6:A14),A6:A14,1) -> 9 | O17: x1_n: | P17: {=INDEX(O5:S5,MATCH(P16,O5:S5,1))} -> 0 | Q17: Rows: | R17: =MATCH(MAX(N6:N14),N6:N14,1) -> 9 | AB17: x1_n: | AC17: {=INDEX(AB5:AF5,MATCH(AC16,AB5:AF5,1))} -> 0 | AD17: Rows: | AE17: =MATCH(MAX(AA6:AA14),AA6:AA14,1) -> 9
B18: x2_n: | C18: {=INDEX(B5:F5,IF(MATCH(C16,B5:F5,1)<E18,MATCH(C16,B5:F5,1)+1,MATCH(C16,B5:F5,1)))} -> 1000 | D18: Columns: | E18: =MATCH(MAX(B5:F5),B5:F5,0) -> 5 | O18: x2_n: | P18: {=INDEX(O5:S5,IF(MATCH(P16,O5:S5,1)<R18,MATCH(P16,O5:S5,1)+1,MATCH(P16,O5:S5,1)))} -> 1000 | Q18: Columns: | R18: =MATCH(MAX(O5:S5),O5:S5,0) -> 5 | AB18: x2_n: | AC18: {=INDEX(AB5:AF5,IF(MATCH(AC16,AB5:AF5,1)<AE18,MATCH(AC16,AB5:AF5,1)+1,MATCH(AC16,AB5:AF5,1)))} -> 1000 | AD18: Columns: | AE18: =MATCH(MAX(AB5:AF5),AB5:AF5,0) -> 5
B19: y_n: | C19: =D2 -> -2 | O19: y_n: | P19: =D2 -> -2 | AB19: y_n: | AC19: =D2 -> -2
B20: n1: | C20: {=INDEX(A6:A14,MATCH(C19,A6:A14,1))} -> -10 | O20: n1: | P20: {=INDEX(N6:N14,MATCH(P19,N6:N14,1))} -> -10 | AB20: n1: | AC20: {=INDEX(AA6:AA14,MATCH(AC19,AA6:AA14,1))} -> -10
B21: n2: | C21: {=INDEX(A6:A14,IF(MATCH(C19,A6:A14,1)<E17,MATCH(C19,A6:A14,1)+1,MATCH(C19,A6:A14,1)))} -> 0 | O21: n2: | P21: {=INDEX(N6:N14,IF(MATCH(P19,N6:N14,1)<R17,MATCH(P19,N6:N14,1)+1,MATCH(P19,N6:N14,1)))} -> 0 | AB21: n2: | AC21: {=INDEX(AA6:AA14,IF(MATCH(AC19,AA6:AA14,1)<AE17,MATCH(AC19,AA6:AA14,1)+1,MATCH(AC19,AA6:AA14,1)))} -> 0
B22: y1_n1: | C22: {=INDEX(B6:F14,MATCH(C19,A6:A14,1),MATCH(C16,B5:F5,1))} -> 5.75 | O22: y1_n1: | P22: {=INDEX(O6:S14,MATCH(P19,N6:N14,1),MATCH(P16,O5:S5,1))} | AB22: y1_n1: | AC22: {=INDEX(AB6:AF14,MATCH(AC19,AA6:AA14,1),MATCH(AC16,AB5:AF5,1))}
B23: y2_n1: | C23: {=INDEX(B6:F14,MATCH(C19,A6:A14,1),IF(MATCH(C16,B5:F5,1)<E18,MATCH(C16,B5:F5,1)+1,MATCH(C19,A6:A14,1)))} -> 5.5 | O23: y2_n1: | P23: {=INDEX(O6:S14,MATCH(P19,N6:N14,1),IF(MATCH(P16,O5:S5,1)<R18,MATCH(P16,O5:S5,1)+1,MATCH(P19,N6:N14,1)))} | AB23: y2_n1: | AC23: {=INDEX(AB6:AF14,MATCH(AC19,AA6:AA14,1),IF(MATCH(AC16,AB5:AF5,1)<AE18,MATCH(AC16,AB5:AF5,1)+1,MATCH(AC19,AA6:AA14,1)))}
B24: y1_n2: | C24: {=INDEX(B6:F14,IF(MATCH(C19,A6:A14,1)<E17,MATCH(C19,A6:A14,1)+1,MATCH(C19,A6:A14,1)),MATCH(C16,B5:F5,1))} -> 5.5 | O24: y1_n2: | P24: {=INDEX(O6:S14,IF(MATCH(P19,N6:N14,1)<R17,MATCH(P19,N6:N14,1)+1,MATCH(P19,N6:N14,1)),MATCH(P16,O5:S5,1))} | AB24: y1_n2: | AC24: {=INDEX(AB6:AF14,IF(MATCH(AC19,AA6:AA14,1)<AE17,MATCH(AC19,AA6:AA14,1)+1,MATCH(AC19,AA6:AA14,1)),MATCH(AC16,AB5:AF5,1))}
B25: y2_n2: | C25: {=INDEX(B6:F14,IF(MATCH(C19,A6:A14,1)<E17,MATCH(C19,A6:A14,1)+1,MATCH(C19,A6:A14,1)),IF(MATCH(C16,B5:F5,1)<E18,MATCH(C16,B5:F5,1)+1,MATCH(C16,B5:F5,1)))} -> 5.2 | O25: y2_n2: | P25: {=INDEX(O6:S14,IF(MATCH(P19,N6:N14,1)<R17,MATCH(P19,N6:N14,1)+1,MATCH(P19,N6:N14,1)),IF(MATCH(P16,O5:S5,1)<R18,MATCH(P16,O5:S5,1)+1,MATCH(P16,O5:S5,1)))} | AB25: y2_n2: | AC25: {=INDEX(AB6:AF14,IF(MATCH(AC19,AA6:AA14,1)<AE17,MATCH(AC19,AA6:AA14,1)+1,MATCH(AC19,AA6:AA14,1)),IF(MATCH(AC16,AB5:AF5,1)<AE18,MATCH(AC16,AB5:AF5,1)+1,MATCH(AC16,AB5:AF5,1)))}
B26: y_n1: | C26: =IFERROR(C22+(C16-C17)*(C23-C22)/(C18-C17),C22) -> 5.74125 | O26: y_n1: | P26: =IFERROR(P22+(P16-P17)*(P23-P22)/(P18-P17),P22) -> 0 | AB26: y_n1: | AC26: =IFERROR(AC22+(AC16-AC17)*(AC23-AC22)/(AC18-AC17),AC22) -> 0
B27: y_n2: | C27: =IFERROR(C24+(C16-C17)*(C25-C24)/(C18-C17),C24) -> 5.4895 | O27: y_n2: | P27: =IFERROR(P24+(P16-P17)*(P25-P24)/(P18-P17),P24) -> 0 | AB27: y_n2: | AC27: =IFERROR(AC24+(AC16-AC17)*(AC25-AC24)/(AC18-AC17),AC24) -> 0
B28: Distance | C28: =IFERROR(C26+(C19-C20)*(C27-C26)/(C21-C20),C26) -> 5.53985 | O28: Distance | P28: =IFERROR(P26+(P19-P20)*(P27-P26)/(P21-P20),P26) -> 0 | AB28: Distance | AC28: =IFERROR(AC26+(AC19-AC20)*(AC27-AC26)/(AC21-AC20),AC26) -> 0
B30: Gradient | O30: Vikt | AB30: Vikt
A31: % | B31: 2 | C31: 3 | D31: 4 | E31: 5 | F31: 6 | G31: 7 | O31: % | P31: 1 | Q31: 2 | R31: 3 | S31: 4 | T31: 5 | AA31: % | AB31: 0.9 | AC31: 2 | AD31: 3.1 | AE31: 4.5 | AF31: 5
A32: 9000 | B32: 7.2 | C32: 8.6 | D32: 10 | E32: 10.2 | F32: 10.2 | G32: 0 | O32: 10000 | T32: 99999 | AA32: 9000 | AF32: 99999
A33: 9500 | B33: 6.4 | C33: 7.8 | D33: 9 | E33: 10.2 | F33: 10.2 | G33: 0 | O33: 11000 | T33: 99999 | AA33: 9500 | AF33: 99999
A34: 10000 | B34: 5.7 | C34: 6.9 | D34: 8.1 | E34: 9.4 | F34: 10.2 | G34: 0 | O34: 12000 | T34: 99999 | AA34: 10000 | AF34: 99999
A35: 10500 | B35: 4.9 | C35: 6.1 | D35: 7.2 | E35: 8.4 | F35: 9.6 | G35: 0 | O35: 13000 | T35: 99999 | AA35: 10500 | AF35: 99999
A36: 11000 | B36: 4.2 | C36: 5.3 | D36: 6.4 | E36: 7.5 | F36: 8.6 | G36: 0 | O36: 14000 | T36: 99999 | AA36: 11000 | AF36: 99999
A37: 11500 | B37: 3.4 | C37: 4.5 | D37: 5.6 | E37: 6.6 | F37: 7.7 | G37: 0 | O37: 15000 | T37: 99999 | AA37: 11500 | AF37: 99999
A38: 12000 | B38: 2.8 | C38: 3.75 | D38: 4.8 | E38: 5.8 | F38: 6.8 | G38: 0 | O38: 16000 | T38: 99999 | AA38: 12000 | AF38: 99999
A39: 12500 | B39: 2 | C39: 3 | D39: 4 | E39: 5 | F39: 6 | G39: 0 | O39: 16600 | T39: 99999 | AA39: 12500 | AF39: 99999
A40: 12600 | B40: 0 | C40: 0 | D40: 0 | E40: 0 | F40: 0 | G40: 0 | O40: 16700 | P40: 99999 | Q40: 99999 | R40: 99999 | S40: 99999 | T40: 99999 | AA40: 12600 | AB40: 99999 | AC40: 99999 | AD40: 99999 | AE40: 99999 | AF40: 99999
B42: x_n: | C42: =C28 -> 5.53985 | D42: Table size | O42: x_n: | P42: =P28 -> 0 | Q42: Table size | AB42: x_n: | AC42: =AC28 -> 0 | AD42: Table size
B43: x1_n: | C43: {=INDEX(B31:G31,MATCH(C42,B31:G31,1))} -> 5 | D43: Rows: | E43: =MATCH(MAX(A32:A40),A32:A40,1) -> 9 | O43: x1_n: | P43: {=INDEX(P31:T31,MATCH(P42,P31:T31,1))} -> #N/A | Q43: Rows: | R43: =MATCH(MAX(O32:O40),O32:O40,1) -> 9 | AB43: x1_n: | AC43: {=INDEX(AB31:AF31,MATCH(AC42,AB31:AF31,1))} -> #N/A | AD43: Rows: | AE43: =MATCH(MAX(AA32:AA40),AA32:AA40,1) -> 9
B44: x2_n: | C44: {=INDEX(B31:G31,IF(MATCH(C42,B31:G31,1)<E44,MATCH(C42,B31:G31,1)+1,MATCH(C42,B31:G31,1)))} -> 6 | D44: Columns: | E44: =MATCH(MAX(B31:G31),B31:G31,0) -> 6 | O44: x2_n: | P44: {=INDEX(P31:T31,IF(MATCH(P42,P31:T31,1)<R44,MATCH(P42,P31:T31,1)+1,MATCH(P42,P31:T31,1)))} -> #N/A | Q44: Columns: | R44: =MATCH(MAX(P31:T31),P31:T31,0) -> 5 | AB44: x2_n: | AC44: {=INDEX(AB31:AF31,IF(MATCH(AC42,AB31:AF31,1)<AE44,MATCH(AC42,AB31:AF31,1)+1,MATCH(AC42,AB31:AF31,1)))} -> #N/A | AD44: Columns: | AE44: =MATCH(MAX(AB31:AF31),AB31:AF31,0) -> 5
B45: y_n: | C45: ='Take-off'!$C$14 -> 12500 | O45: y_n: | P45: ='Take-off'!$C$14 -> 12500 | AB45: y_n: | AC45: ='Take-off'!$C$14 -> 12500
B46: n1: | C46: {=INDEX(A32:A40,MATCH(C45,A32:A40,1))} -> 12500 | O46: n1: | P46: {=INDEX(O32:O40,MATCH(P45,O32:O40,1))} -> 12000 | AB46: n1: | AC46: {=INDEX(AA32:AA40,MATCH(AC45,AA32:AA40,1))} -> 12500
B47: n2: | C47: {=INDEX(A32:A40,IF(MATCH(C45,A32:A40,1)<E43,MATCH(C45,A32:A40,1)+1,MATCH(C45,A32:A40,1)))} -> 12600 | O47: n2: | P47: {=INDEX(O32:O40,IF(MATCH(P45,O32:O40,1)<R43,MATCH(P45,O32:O40,1)+1,MATCH(P45,O32:O40,1)))} -> 13000 | AB47: n2: | AC47: {=INDEX(AA32:AA40,IF(MATCH(AC45,AA32:AA40,1)<AE43,MATCH(AC45,AA32:AA40,1)+1,MATCH(AC45,AA32:AA40,1)))} -> 12600
B48: y1_n1: | C48: {=INDEX(B32:G40,MATCH(C45,A32:A40,1),MATCH(C42,B31:G31,1))} -> 5 | O48: y1_n1: | P48: {=INDEX(P32:T40,MATCH(P45,O32:O40,1),MATCH(P42,P31:T31,1))} -> #N/A | AB48: y1_n1: | AC48: {=INDEX(AB32:AF40,MATCH(AC45,AA32:AA40,1),MATCH(AC42,AB31:AF31,1))} -> #N/A
B49: y2_n1: | C49: {=INDEX(B32:G40,MATCH(C45,A32:A40,1),IF(MATCH(C42,B31:G31,1)<E44,MATCH(C42,B31:G31,1)+1,MATCH(C45,A32:A40,1)))} -> 6 | O49: y2_n1: | P49: {=INDEX(P32:T40,MATCH(P45,O32:O40,1),IF(MATCH(P42,P31:T31,1)<R44,MATCH(P42,P31:T31,1)+1,MATCH(P45,O32:O40,1)))} -> #N/A | AB49: y2_n1: | AC49: {=INDEX(AB32:AF40,MATCH(AC45,AA32:AA40,1),IF(MATCH(AC42,AB31:AF31,1)<AE44,MATCH(AC42,AB31:AF31,1)+1,MATCH(AC45,AA32:AA40,1)))} -> #N/A
B50: y1_n2: | C50: {=INDEX(B32:G40,IF(MATCH(C45,A32:A40,1)<E43,MATCH(C45,A32:A40,1)+1,MATCH(C45,A32:A40,1)),MATCH(C42,B31:G31,1))} -> 0 | O50: y1_n2: | P50: {=INDEX(P32:T40,IF(MATCH(P45,O32:O40,1)<R43,MATCH(P45,O32:O40,1)+1,MATCH(P45,O32:O40,1)),MATCH(P42,P31:T31,1))} -> #N/A | AB50: y1_n2: | AC50: {=INDEX(AB32:AF40,IF(MATCH(AC45,AA32:AA40,1)<AE43,MATCH(AC45,AA32:AA40,1)+1,MATCH(AC45,AA32:AA40,1)),MATCH(AC42,AB31:AF31,1))} -> #N/A
B51: y2_n2: | C51: {=INDEX(B32:G40,IF(MATCH(C45,A32:A40,1)<E43,MATCH(C45,A32:A40,1)+1,MATCH(C45,A32:A40,1)),IF(MATCH(C42,B31:G31,1)<E44,MATCH(C42,B31:G31,1)+1,MATCH(C42,B31:G31,1)))} -> 0 | O51: y2_n2: | P51: {=INDEX(P32:T40,IF(MATCH(P45,O32:O40,1)<R43,MATCH(P45,O32:O40,1)+1,MATCH(P45,O32:O40,1)),IF(MATCH(P42,P31:T31,1)<R44,MATCH(P42,P31:T31,1)+1,MATCH(P42,P31:T31,1)))} -> #N/A | AB51: y2_n2: | AC51: {=INDEX(AB32:AF40,IF(MATCH(AC45,AA32:AA40,1)<AE43,MATCH(AC45,AA32:AA40,1)+1,MATCH(AC45,AA32:AA40,1)),IF(MATCH(AC42,AB31:AF31,1)<AE44,MATCH(AC42,AB31:AF31,1)+1,MATCH(AC42,AB31:AF31,1)))} -> #N/A
B52: y_n1: | C52: =IFERROR(C48+(C42-C43)*(C49-C48)/(C44-C43),C48) -> 5.53985 | O52: y_n1: | P52: =IFERROR(P48+(P42-P43)*(P49-P48)/(P44-P43),P48) -> #N/A | AB52: y_n1: | AC52: =IFERROR(AC48+(AC42-AC43)*(AC49-AC48)/(AC44-AC43),AC48) -> #N/A
B53: y_n2: | C53: =IFERROR(C50+(C42-C43)*(C51-C50)/(C44-C43),C50) -> 0 | O53: y_n2: | P53: =IFERROR(P50+(P42-P43)*(P51-P50)/(P44-P43),P50) -> #N/A | AB53: y_n2: | AC53: =IFERROR(AC50+(AC42-AC43)*(AC51-AC50)/(AC44-AC43),AC50) -> #N/A
B54: Distance | C54: =IFERROR(C52+(C45-C46)*(C53-C52)/(C47-C46),C52) -> 5.53985 | O54: Distance | P54: =IFERROR(P52+(P45-P46)*(P53-P52)/(P47-P46),P52) -> #N/A | AB54: Distance | AC54: =IFERROR(AC52+(AC45-AC46)*(AC53-AC52)/(AC47-AC46),AC52) -> #N/A
B55: ICE VANE CORR | C55: =IF('Take-off'!$C$13='Dropdown lists'!$B$30,C54 -0.8, C54) -> 5.53985 | O55: ICE VANE CORR | P55: =IF('Take-off'!$C$13='Dropdown lists'!$B$30,P54 -0.8, P54) -> #N/A

Sheet LTL_Takeoff distance (2)
B1: Pressure Alt | C1: x_n: | D1: =IF('Take-off'!$C$9="",'Take-off'!$C$16,MAX(0,'Take-off'!$C$16+30*(1013-'Take-off'!$C$9))) -> 0
B2: Temp in calc | C2: y_n: | D2: =IF('Take-off'!$C$13='Dropdown lists'!$B$30, 'Take-off'!$C$8+10, 'Take-off'!$C$8) -> -2 | E2: Includes ICE-Vane. Could be disregarded for us
B3: TAKE OFF DISTANCE - FLAPS UP | O3: TAKE OFF DISTANCE - FLAPS TAKEOFF | AB3: TAKE OFF DISTANCE - FLAPS APPROACH
B4: Density altitude | O4: Density altitude | AB4: Density altitude
A5: Temp/PA | B5: 0 | C5: 1000 | D5: 2000 | E5: 3000 | F5: 4000 | N5: Temp/PA | O5: 0 | P5: 1000 | Q5: 2000 | R5: 3000 | S5: 4000 | AA5: Temp/PA | AB5: 0 | AC5: 1000 | AD5: 2000 | AE5: 3000 | AF5: 4000
A6: -30 | B6: 1400 | C6: 1490 | D6: 1550 | E6: 1600 | F6: 99999 | N6: -30 | S6: 99999 | AA6: -30 | AF6: 99999
A7: -20 | B7: 1450 | C7: 1550 | D7: 1600 | E7: 1700 | F7: 99999 | N7: -20 | S7: 99999 | AA7: -20 | AF7: 99999
A8: -10 | B8: 1550 | C8: 1600 | D8: 1700 | E8: 1800 | F8: 99999 | N8: -10 | S8: 99999 | AA8: -10 | AF8: 99999
A9: 0 | B9: 1610 | C9: 1700 | D9: 1800 | E9: 1900 | F9: 99999 | N9: 0 | S9: 99999 | AA9: 0 | AF9: 99999
A10: 10 | B10: 1700 | C10: 1800 | D10: 1900 | E10: 2015 | F10: 99999 | N10: 10 | S10: 99999 | AA10: 10 | AF10: 99999
A11: 20 | B11: 1780 | C11: 1900 | D11: 2000 | E11: 2150 | F11: 99999 | N11: 20 | S11: 99999 | AA11: 20 | AF11: 99999
A12: 30 | B12: 1880 | C12: 2000 | D12: 2130 | E12: 2320 | F12: 99999 | AA12: 30 | AF12: 99999
A13: 40 | B13: 2075 | C13: 2200 | D13: 2380 | E13: 2600 | F13: 99999 | N13: 30 | S13: 99999 | AA13: 40 | AF13: 99999
A14: 45 | B14: 99999 | C14: 99999 | D14: 99999 | E14: 99999 | F14: 99999 | N14: 35 | O14: 99999 | P14: 99999 | Q14: 99999 | R14: 99999 | S14: 99999 | AA14: 45 | AB14: 99999 | AC14: 99999 | AD14: 99999 | AE14: 99999 | AF14: 99999
B16: x_n: | C16: =D1 -> 0 | D16: Table size | O16: x_n: | P16: =D1 -> 0 | Q16: Table size | AB16: x_n: | AC16: =D1 -> 0 | AD16: Table size
B17: x1_n: | C17: {=INDEX(B5:F5,MATCH(C16,B5:F5,1))} -> 0 | D17: Rows: | E17: =MATCH(MAX(A6:A14),A6:A14,1) -> 9 | O17: x1_n: | P17: {=INDEX(O5:S5,MATCH(P16,O5:S5,1))} -> 0 | Q17: Rows: | R17: =MATCH(MAX(N6:N14),N6:N14,1) -> 9 | AB17: x1_n: | AC17: {=INDEX(AB5:AF5,MATCH(AC16,AB5:AF5,1))} -> 0 | AD17: Rows: | AE17: =MATCH(MAX(AA6:AA14),AA6:AA14,1) -> 9
B18: x2_n: | C18: {=INDEX(B5:F5,IF(MATCH(C16,B5:F5,1)<E18,MATCH(C16,B5:F5,1)+1,MATCH(C16,B5:F5,1)))} -> 1000 | D18: Columns: | E18: =MATCH(MAX(B5:F5),B5:F5,0) -> 5 | O18: x2_n: | P18: {=INDEX(O5:S5,IF(MATCH(P16,O5:S5,1)<R18,MATCH(P16,O5:S5,1)+1,MATCH(P16,O5:S5,1)))} -> 1000 | Q18: Columns: | R18: =MATCH(MAX(O5:S5),O5:S5,0) -> 5 | AB18: x2_n: | AC18: {=INDEX(AB5:AF5,IF(MATCH(AC16,AB5:AF5,1)<AE18,MATCH(AC16,AB5:AF5,1)+1,MATCH(AC16,AB5:AF5,1)))} -> 1000 | AD18: Columns: | AE18: =MATCH(MAX(AB5:AF5),AB5:AF5,0) -> 5
B19: y_n: | C19: =D2 -> -2 | O19: y_n: | P19: =D2 -> -2 | AB19: y_n: | AC19: =D2 -> -2
B20: n1: | C20: {=INDEX(A6:A14,MATCH(C19,A6:A14,1))} -> -10 | O20: n1: | P20: {=INDEX(N6:N14,MATCH(P19,N6:N14,1))} -> -10 | AB20: n1: | AC20: {=INDEX(AA6:AA14,MATCH(AC19,AA6:AA14,1))} -> -10
B21: n2: | C21: {=INDEX(A6:A14,IF(MATCH(C19,A6:A14,1)<E17,MATCH(C19,A6:A14,1)+1,MATCH(C19,A6:A14,1)))} -> 0 | O21: n2: | P21: {=INDEX(N6:N14,IF(MATCH(P19,N6:N14,1)<R17,MATCH(P19,N6:N14,1)+1,MATCH(P19,N6:N14,1)))} -> 0 | AB21: n2: | AC21: {=INDEX(AA6:AA14,IF(MATCH(AC19,AA6:AA14,1)<AE17,MATCH(AC19,AA6:AA14,1)+1,MATCH(AC19,AA6:AA14,1)))} -> 0
B22: y1_n1: | C22: {=INDEX(B6:F14,MATCH(C19,A6:A14,1),MATCH(C16,B5:F5,1))} -> 1550 | O22: y1_n1: | P22: {=INDEX(O6:S14,MATCH(P19,N6:N14,1),MATCH(P16,O5:S5,1))} | AB22: y1_n1: | AC22: {=INDEX(AB6:AF14,MATCH(AC19,AA6:AA14,1),MATCH(AC16,AB5:AF5,1))}
B23: y2_n1: | C23: {=INDEX(B6:F14,MATCH(C19,A6:A14,1),IF(MATCH(C16,B5:F5,1)<E18,MATCH(C16,B5:F5,1)+1,MATCH(C19,A6:A14,1)))} -> 1600 | O23: y2_n1: | P23: {=INDEX(O6:S14,MATCH(P19,N6:N14,1),IF(MATCH(P16,O5:S5,1)<R18,MATCH(P16,O5:S5,1)+1,MATCH(P19,N6:N14,1)))} | AB23: y2_n1: | AC23: {=INDEX(AB6:AF14,MATCH(AC19,AA6:AA14,1),IF(MATCH(AC16,AB5:AF5,1)<AE18,MATCH(AC16,AB5:AF5,1)+1,MATCH(AC19,AA6:AA14,1)))}
B24: y1_n2: | C24: {=INDEX(B6:F14,IF(MATCH(C19,A6:A14,1)<E17,MATCH(C19,A6:A14,1)+1,MATCH(C19,A6:A14,1)),MATCH(C16,B5:F5,1))} -> 1610 | O24: y1_n2: | P24: {=INDEX(O6:S14,IF(MATCH(P19,N6:N14,1)<R17,MATCH(P19,N6:N14,1)+1,MATCH(P19,N6:N14,1)),MATCH(P16,O5:S5,1))} | AB24: y1_n2: | AC24: {=INDEX(AB6:AF14,IF(MATCH(AC19,AA6:AA14,1)<AE17,MATCH(AC19,AA6:AA14,1)+1,MATCH(AC19,AA6:AA14,1)),MATCH(AC16,AB5:AF5,1))}
B25: y2_n2: | C25: {=INDEX(B6:F14,IF(MATCH(C19,A6:A14,1)<E17,MATCH(C19,A6:A14,1)+1,MATCH(C19,A6:A14,1)),IF(MATCH(C16,B5:F5,1)<E18,MATCH(C16,B5:F5,1)+1,MATCH(C16,B5:F5,1)))} -> 1700 | O25: y2_n2: | P25: {=INDEX(O6:S14,IF(MATCH(P19,N6:N14,1)<R17,MATCH(P19,N6:N14,1)+1,MATCH(P19,N6:N14,1)),IF(MATCH(P16,O5:S5,1)<R18,MATCH(P16,O5:S5,1)+1,MATCH(P16,O5:S5,1)))} | AB25: y2_n2: | AC25: {=INDEX(AB6:AF14,IF(MATCH(AC19,AA6:AA14,1)<AE17,MATCH(AC19,AA6:AA14,1)+1,MATCH(AC19,AA6:AA14,1)),IF(MATCH(AC16,AB5:AF5,1)<AE18,MATCH(AC16,AB5:AF5,1)+1,MATCH(AC16,AB5:AF5,1)))}
B26: y_n1: | C26: =IFERROR(C22+(C16-C17)*(C23-C22)/(C18-C17),C22) -> 1550 | O26: y_n1: | P26: =IFERROR(P22+(P16-P17)*(P23-P22)/(P18-P17),P22) -> 0 | AB26: y_n1: | AC26: =IFERROR(AC22+(AC16-AC17)*(AC23-AC22)/(AC18-AC17),AC22) -> 0
B27: y_n2: | C27: =IFERROR(C24+(C16-C17)*(C25-C24)/(C18-C17),C24) -> 1610 | O27: y_n2: | P27: =IFERROR(P24+(P16-P17)*(P25-P24)/(P18-P17),P24) -> 0 | AB27: y_n2: | AC27: =IFERROR(AC24+(AC16-AC17)*(AC25-AC24)/(AC18-AC17),AC24) -> 0
B28: Distance | C28: =IFERROR(C26+(C19-C20)*(C27-C26)/(C21-C20),C26) -> 1598 | O28: Distance | P28: =IFERROR(P26+(P19-P20)*(P27-P26)/(P21-P20),P26) -> 0 | AB28: Distance | AC28: =IFERROR(AC26+(AC19-AC20)*(AC27-AC26)/(AC21-AC20),AC26) -> 0
B30: Vikt | O30: Vikt | AB30: Vikt
A31: % | B31: 1000 | C31: 1500 | D31: 2000 | E31: 2500 | F31: 3000 | G31: 3500 | O31: % | P31: 1900 | Q31: 2350 | R31: 2850 | S31: 3350 | T31: 4500 | AB31: % | AC31: 1550 | AD31: 2000 | AE31: 2500 | AF31: 3050 | AG31: 4500
A32: 9000 | B32: 875 | C32: 1250 | D32: 1600 | E32: 1890 | F32: 2150 | G32: 99999 | O32: 10000 | T32: 99999 | AB32: 9000 | AG32: 99999
A33: 9500 | B33: 890 | C33: 1300 | D33: 1650 | E33: 1950 | F33: 2250 | G33: 99999 | O33: 11000 | T33: 99999 | AB33: 9500 | AG33: 99999
A34: 10000 | B34: 900 | C34: 1330 | D34: 1700 | E34: 2050 | F34: 2350 | G34: 99999 | O34: 12000 | T34: 99999 | AB34: 10000 | AG34: 99999
A35: 10500 | B35: 910 | C35: 1360 | D35: 1775 | E35: 2150 | F35: 2450 | G35: 99999 | O35: 13000 | T35: 99999 | AB35: 10500 | AG35: 99999
A36: 11000 | B36: 940 | C36: 1400 | D36: 1820 | E36: 2250 | F36: 2600 | G36: 99999 | O36: 14000 | T36: 99999 | AB36: 11000 | AG36: 99999
A37: 11500 | B37: 960 | C37: 1440 | D37: 1900 | E37: 2320 | F37: 2700 | G37: 99999 | O37: 15000 | T37: 99999 | AB37: 11500 | AG37: 99999
A38: 12000 | B38: 990 | C38: 1460 | D38: 1950 | E38: 2400 | F38: 2850 | G38: 99999 | O38: 16000 | T38: 99999 | AB38: 12000 | AG38: 99999
A39: 12500 | B39: 1000 | C39: 1500 | D39: 2000 | E39: 2500 | F39: 3000 | G39: 99999 | O39: 16600 | T39: 99999 | AB39: 12500 | AG39: 99999
A40: 12600 | B40: 99999 | C40: 99999 | D40: 99999 | E40: 99999 | F40: 99999 | G40: 99999 | O40: 16700 | P40: 99999 | Q40: 99999 | R40: 99999 | S40: 99999 | T40: 99999 | AB40: 12600 | AC40: 99999 | AD40: 99999 | AE40: 99999 | AF40: 99999 | AG40: 99999
B42: x_n: | C42: =C28 -> 1598 | D42: Table size | O42: x_n: | P42: =P28 -> 0 | Q42: Table size | AB42: x_n: | AC42: =AC28 -> 0 | AD42: Table size
B43: x1_n: | C43: {=INDEX(B31:G31,MATCH(C42,B31:G31,1))} -> 1500 | D43: Rows: | E43: =MATCH(MAX(A32:A40),A32:A40,1) -> 9 | O43: x1_n: | P43: {=INDEX(P31:T31,MATCH(P42,P31:T31,1))} -> #N/A | Q43: Rows: | R43: =MATCH(MAX(O32:O40),O32:O40,1) -> 9 | AB43: x1_n: | AC43: {=INDEX(AC31:AG31,MATCH(AC42,AC31:AG31,1))} -> #N/A | AD43: Rows: | AE43: =MATCH(MAX(AB32:AB40),AB32:AB40,1) -> 9
B44: x2_n: | C44: {=INDEX(B31:G31,IF(MATCH(C42,B31:G31,1)<E44,MATCH(C42,B31:G31,1)+1,MATCH(C42,B31:G31,1)))} -> 2000 | D44: Columns: | E44: =MATCH(MAX(B31:G31),B31:G31,0) -> 6 | O44: x2_n: | P44: {=INDEX(P31:T31,IF(MATCH(P42,P31:T31,1)<R44,MATCH(P42,P31:T31,1)+1,MATCH(P42,P31:T31,1)))} -> #N/A | Q44: Columns: | R44: =MATCH(MAX(P31:T31),P31:T31,0) -> 5 | AB44: x2_n: | AC44: {=INDEX(AC31:AG31,IF(MATCH(AC42,AC31:AG31,1)<AE44,MATCH(AC42,AC31:AG31,1)+1,MATCH(AC42,AC31:AG31,1)))} -> #N/A | AD44: Columns: | AE44: =MATCH(MAX(AC31:AG31),AC31:AG31,0) -> 5
B45: y_n: | C45: ='Take-off'!$C$14 -> 12500 | O45: y_n: | P45: ='Take-off'!$C$14 -> 12500 | AB45: y_n: | AC45: ='Take-off'!$C$14 -> 12500
B46: n1: | C46: {=INDEX(A32:A40,MATCH(C45,A32:A40,1))} -> 12500 | O46: n1: | P46: {=INDEX(O32:O40,MATCH(P45,O32:O40,1))} -> 12000 | AB46: n1: | AC46: {=INDEX(AB32:AB40,MATCH(AC45,AB32:AB40,1))} -> 12500
B47: n2: | C47: {=INDEX(A32:A40,IF(MATCH(C45,A32:A40,1)<E43,MATCH(C45,A32:A40,1)+1,MATCH(C45,A32:A40,1)))} -> 12600 | O47: n2: | P47: {=INDEX(O32:O40,IF(MATCH(P45,O32:O40,1)<R43,MATCH(P45,O32:O40,1)+1,MATCH(P45,O32:O40,1)))} -> 13000 | AB47: n2: | AC47: {=INDEX(AB32:AB40,IF(MATCH(AC45,AB32:AB40,1)<AE43,MATCH(AC45,AB32:AB40,1)+1,MATCH(AC45,AB32:AB40,1)))} -> 12600
B48: y1_n1: | C48: {=INDEX(B32:G40,MATCH(C45,A32:A40,1),MATCH(C42,B31:G31,1))} -> 1500 | O48: y1_n1: | P48: {=INDEX(P32:T40,MATCH(P45,O32:O40,1),MATCH(P42,P31:T31,1))} -> #N/A | AB48: y1_n1: | AC48: {=INDEX(AC32:AG40,MATCH(AC45,AB32:AB40,1),MATCH(AC42,AC31:AG31,1))} -> #N/A
B49: y2_n1: | C49: {=INDEX(B32:G40,MATCH(C45,A32:A40,1),IF(MATCH(C42,B31:G31,1)<E44,MATCH(C42,B31:G31,1)+1,MATCH(C45,A32:A40,1)))} -> 2000 | O49: y2_n1: | P49: {=INDEX(P32:T40,MATCH(P45,O32:O40,1),IF(MATCH(P42,P31:T31,1)<R44,MATCH(P42,P31:T31,1)+1,MATCH(P45,O32:O40,1)))} -> #N/A | AB49: y2_n1: | AC49: {=INDEX(AC32:AG40,MATCH(AC45,AB32:AB40,1),IF(MATCH(AC42,AC31:AG31,1)<AE44,MATCH(AC42,AC31:AG31,1)+1,MATCH(AC45,AB32:AB40,1)))} -> #N/A
B50: y1_n2: | C50: {=INDEX(B32:G40,IF(MATCH(C45,A32:A40,1)<E43,MATCH(C45,A32:A40,1)+1,MATCH(C45,A32:A40,1)),MATCH(C42,B31:G31,1))} -> 99999 | O50: y1_n2: | P50: {=INDEX(P32:T40,IF(MATCH(P45,O32:O40,1)<R43,MATCH(P45,O32:O40,1)+1,MATCH(P45,O32:O40,1)),MATCH(P42,P31:T31,1))} -> #N/A | AB50: y1_n2: | AC50: {=INDEX(AC32:AG40,IF(MATCH(AC45,AB32:AB40,1)<AE43,MATCH(AC45,AB32:AB40,1)+1,MATCH(AC45,AB32:AB40,1)),MATCH(AC42,AC31:AG31,1))} -> #N/A
B51: y2_n2: | C51: {=INDEX(B32:G40,IF(MATCH(C45,A32:A40,1)<E43,MATCH(C45,A32:A40,1)+1,MATCH(C45,A32:A40,1)),IF(MATCH(C42,B31:G31,1)<E44,MATCH(C42,B31:G31,1)+1,MATCH(C42,B31:G31,1)))} -> 99999 | O51: y2_n2: | P51: {=INDEX(P32:T40,IF(MATCH(P45,O32:O40,1)<R43,MATCH(P45,O32:O40,1)+1,MATCH(P45,O32:O40,1)),IF(MATCH(P42,P31:T31,1)<R44,MATCH(P42,P31:T31,1)+1,MATCH(P42,P31:T31,1)))} -> #N/A | AB51: y2_n2: | AC51: {=INDEX(AC32:AG40,IF(MATCH(AC45,AB32:AB40,1)<AE43,MATCH(AC45,AB32:AB40,1)+1,MATCH(AC45,AB32:AB40,1)),IF(MATCH(AC42,AC31:AG31,1)<AE44,MATCH(AC42,AC31:AG31,1)+1,MATCH(AC42,AC31:AG31,1)))} -> #N/A
B52: y_n1: | C52: =IFERROR(C48+(C42-C43)*(C49-C48)/(C44-C43),C48) -> 1598 | O52: y_n1: | P52: =IFERROR(P48+(P42-P43)*(P49-P48)/(P44-P43),P48) -> #N/A | AB52: y_n1: | AC52: =IFERROR(AC48+(AC42-AC43)*(AC49-AC48)/(AC44-AC43),AC48) -> #N/A
B53: y_n2: | C53: =IFERROR(C50+(C42-C43)*(C51-C50)/(C44-C43),C50) -> 99999 | O53: y_n2: | P53: =IFERROR(P50+(P42-P43)*(P51-P50)/(P44-P43),P50) -> #N/A | AB53: y_n2: | AC53: =IFERROR(AC50+(AC42-AC43)*(AC51-AC50)/(AC44-AC43),AC50) -> #N/A
B54: Distance | C54: =IFERROR(C52+(C45-C46)*(C53-C52)/(C47-C46),C52) -> 1598 | O54: Distance | P54: =IFERROR(P52+(P45-P46)*(P53-P52)/(P47-P46),P52) -> #N/A | AB54: Distance | AC54: =IFERROR(AC52+(AC45-AC46)*(AC53-AC52)/(AC47-AC46),AC52) -> #N/A
B56: Vind | O56: Vind | AB56: Vind
A57: Kt | B57: 1000 | C57: 1500 | D57: 2000 | E57: 2500 | F57: 3000 | G57: 3500 | H57: 4000 | N57: Kt | O57: 1000 | P57: 1200 | Q57: 1500 | R57: 2000 | S57: 2500 | T57: 3000 | U57: 3500 | V57: 5000 | AA57: Kt | AB57: 950 | AC57: 1400 | AD57: 1900 | AE57: 2400 | AF57: 2900 | AG57: 3300 | AH57: 3500
A58: -10 | B58: 1130 | C58: 1700 | D58: 2250 | E58: 2800 | F58: 3350 | G58: 3900 | H58: 99999 | N58: -10 | V58: 99999 | AA58: -10 | AH58: 99999
A59: 0 | B59: 1000 | C59: 1500 | D59: 2000 | E59: 2500 | F59: 3000 | G59: 3500 | H59: 99999 | N59: 0 | V59: 99999 | AA59: 0 | AH59: 99999
A60: 30 | B60: 1000 | C60: 1300 | D60: 1800 | E60: 2250 | F60: 2730 | G60: 3130 | H60: 99999 | N60: 30 | V60: 99999 | AA60: 30 | AH60: 99999
B62: x_n: | C62: =C54 -> 1598 | D62: Table size | O62: x_n: | P62: =P54 -> #N/A | Q62: Table size | AB62: x_n: | AC62: =AC54 -> #N/A | AD62: Table size
B63: x1_n: | C63: {=INDEX($B57:$H57,MATCH(C62,$B57:$H57,1))} -> 1500 | D63: Rows: | E63: =MATCH(MAX($A58:$A60),$A58:$A60,1) -> 3 | O63: x1_n: | P63: {=INDEX($O57:$V57,MATCH(P62,$O57:$V57,1))} -> #N/A | Q63: Rows: | R63: =MATCH(MAX($N58:$N60),$N58:$N60,1) -> 3 | AB63: x1_n: | AC63: {=INDEX($AB57:$AH57,MATCH(AC62,$AB57:$AH57,1))} -> #N/A | AD63: Rows: | AE63: =MATCH(MAX($AA58:$AA60),$AA58:$AA60,1) -> 3
B64: x2_n: | C64: {=INDEX($B57:$H57,IF(MATCH(C62,$B57:$H57,1)<E64,MATCH(C62,$B57:$H57,1)+1,MATCH(C62,$B57:$H57,1)))} -> 2000 | D64: Columns: | E64: =MATCH(MAX($B57:$H57),$B57:$H57,0) -> 7 | O64: x2_n: | P64: {=INDEX($O57:$V57,IF(MATCH(P62,$O57:$V57,1)<R64,MATCH(P62,$O57:$V57,1)+1,MATCH(P62,$O57:$V57,1)))} -> #N/A | Q64: Columns: | R64: =MATCH(MAX($O57:$V57),$O57:$V57,0) -> 8 | AB64: x2_n: | AC64: {=INDEX($AB57:$AH57,IF(MATCH(AC62,$AB57:$AH57,1)<AE64,MATCH(AC62,$AB57:$AH57,1)+1,MATCH(AC62,$AB57:$AH57,1)))} -> #N/A | AD64: Columns: | AE64: =MATCH(MAX($AB57:$AH57),$AB57:$AH57,0) -> 7
B65: y_n: | C65: ='Take-off'!$C$24 -> 0 | O65: y_n: | P65: ='Take-off'!$C$24 -> 0 | AB65: y_n: | AC65: ='Take-off'!$C$24 -> 0
B66: n1: | C66: {=INDEX($A58:$A60,MATCH(C65,$A58:$A60,1))} -> 0 | O66: n1: | P66: {=INDEX($N58:$N60,MATCH(P65,$N58:$N60,1))} -> 0 | AB66: n1: | AC66: {=INDEX($AA58:$AA60,MATCH(AC65,$AA58:$AA60,1))} -> 0
B67: n2: | C67: {=INDEX($A58:$A60,IF(MATCH(C65,$A58:$A60,1)<E63,MATCH(C65,$A58:$A60,1)+1,MATCH(C65,$A58:$A60,1)))} -> 30 | O67: n2: | P67: {=INDEX($N58:$N60,IF(MATCH(P65,$N58:$N60,1)<R63,MATCH(P65,$N58:$N60,1)+1,MATCH(P65,$N58:$N60,1)))} -> 30 | AB67: n2: | AC67: {=INDEX($AA58:$AA60,IF(MATCH(AC65,$AA58:$AA60,1)<AE63,MATCH(AC65,$AA58:$AA60,1)+1,MATCH(AC65,$AA58:$AA60,1)))} -> 30
B68: y1_n1: | C68: {=INDEX($B58:$H60,MATCH(C65,$A58:$A60,1),MATCH(C62,$B57:$H57,1))} -> 1500 | O68: y1_n1: | P68: {=INDEX($O58:$V60,MATCH(P65,$N58:$N60,1),MATCH(P62,$O57:$V57,1))} -> #N/A | AB68: y1_n1: | AC68: {=INDEX($AB58:$AH60,MATCH(AC65,$AA58:$AA60,1),MATCH(AC62,$AB57:$AH57,1))} -> #N/A
B69: y2_n1: | C69: {=INDEX($B58:$H60,MATCH(C65,$A58:$A60,1),IF(MATCH(C62,$B57:$H57,1)<E64,MATCH(C62,$B57:$H57,1)+1,MATCH(C65,$A58:$A60,1)))} -> 2000 | O69: y2_n1: | P69: {=INDEX($O58:$V60,MATCH(P65,$N58:$N60,1),IF(MATCH(P62,$O57:$V57,1)<R64,MATCH(P62,$O57:$V57,1)+1,MATCH(P65,$N58:$N60,1)))} -> #N/A | AB69: y2_n1: | AC69: {=INDEX($AB58:$AH60,MATCH(AC65,$AA58:$AA60,1),IF(MATCH(AC62,$AB57:$AH57,1)<AE64,MATCH(AC62,$AB57:$AH57,1)+1,MATCH(AC65,$AB58:$AH60,1)))} -> #N/A
B70: y1_n2: | C70: {=INDEX($B58:$H60,IF(MATCH(C65,$A58:$A60,1)<E63,MATCH(C65,$A58:$A60,1)+1,MATCH(C65,$A58:$A60,1)),MATCH(C62,$B57:$H57,1))} -> 1300 | O70: y1_n2: | P70: {=INDEX($O58:$V60,IF(MATCH(P65,$N58:$N60,1)<R63,MATCH(P65,$N58:$N60,1)+1,MATCH(P65,$N58:$N60,1)),MATCH(P62,$O57:$V57,1))} -> #N/A | AB70: y1_n2: | AC70: {=INDEX($AB58:$AH60,IF(MATCH(AC65,$AA58:$AA60,1)<AE63,MATCH(AC65,$AA58:$AA60,1)+1,MATCH(AC65,$AA58:$AA60,1)),MATCH(AC62,$AB57:$AH57,1))} -> #N/A
B71: y2_n2: | C71: {=INDEX($B58:$H60,IF(MATCH(C65,$A58:$A60,1)<E63,MATCH(C65,$A58:$A60,1)+1,MATCH(C65,$A58:$A60,1)),IF(MATCH(C62,$B57:$H57,1)<E64,MATCH(C62,$B57:$H57,1)+1,MATCH(C62,$B57:$H57,1)))} -> 1800 | O71: y2_n2: | P71: {=INDEX($O58:$V60,IF(MATCH(P65,$N58:$N60,1)<R63,MATCH(P65,$N58:$N60,1)+1,MATCH(P65,$N58:$N60,1)),IF(MATCH(P62,$O57:$V57,1)<R64,MATCH(P62,$O57:$V57,1)+1,MATCH(P62,$O57:$V57,1)))} -> #N/A | AB71: y2_n2: | AC71: {=INDEX($AB58:$AH60,IF(MATCH(AC65,$AA58:$AA60,1)<AE63,MATCH(AC65,$AA58:$AA60,1)+1,MATCH(AC65,$AA58:$AA60,1)),IF(MATCH(AC62,$AB57:$AH57,1)<AE64,MATCH(AC62,$AB57:$AH57,1)+1,MATCH(AC62,$AB57:$AH57,1)))} -> #N/A
B72: y_n1: | C72: =IFERROR(C68+(C62-C63)*(C69-C68)/(C64-C63),C68) -> 1598 | O72: y_n1: | P72: =IFERROR(P68+(P62-P63)*(P69-P68)/(P64-P63),P68) -> #N/A | AB72: y_n1: | AC72: =IFERROR(AC68+(AC62-AC63)*(AC69-AC68)/(AC64-AC63),AC68) -> #N/A
B73: y_n2: | C73: =IFERROR(C70+(C62-C63)*(C71-C70)/(C64-C63),C70) -> 1398 | O73: y_n2: | P73: =IFERROR(P70+(P62-P63)*(P71-P70)/(P64-P63),P70) -> #N/A | AB73: y_n2: | AC73: =IFERROR(AC70+(AC62-AC63)*(AC71-AC70)/(AC64-AC63),AC70) -> #N/A
B74: Distance | C74: =IFERROR(C72+(C65-C66)*(C73-C72)/(C67-C66),C72) -> 1598 | O74: Distance | P74: =IFERROR(P72+(P65-P66)*(P73-P72)/(P67-P66),P72) -> #N/A | AB74: Distance | AC74: =IFERROR(AC72+(AC65-AC66)*(AC73-AC72)/(AC67-AC66),AC72) -> #N/A
B76: Obstacle height | O76: Obstacle height | AB76: Obstacle height
A77: ft | B77: 1000 | C77: 1500 | D77: 2000 | E77: 2500 | F77: 3000 | G77: 3500 | H77: 4000 | N77: ft | O77: 1000 | P77: 1600 | Q77: 2200 | R77: 2800 | S77: 3400 | T77: 4000 | U77: 4600 | V77: 5000 | AA77: ft | AB77: 750 | AC77: 1100 | AD77: 1500 | AE77: 1850 | AF77: 2200 | AG77: 2600 | AH77: 2950 | AI77: 3350 | AJ77: 3700 | AK77: 4100 | AL77: 4500
A78: 0 | B78: 1000 | C78: 1500 | D78: 2000 | E78: 2500 | F78: 3000 | G78: 3500 | H78: 99999 | N78: 0 | V78: 99999 | AA78: 0 | AL78: 99999
A79: 50 | B79: 1200 | C79: 1900 | D79: 2550 | E79: 3230 | F79: 3900 | G79: 4650 | H79: 99999 | N79: 50 | V79: 99999 | AA79: 50 | AL79: 99999
B81: x_n: | C81: =C74 -> 1598 | D81: Table size | O81: x_n: | P81: =P74 -> #N/A | Q81: Table size | AB81: x_n: | AC81: =AC74 -> #N/A | AD81: Table size
B82: x1_n: | C82: {=INDEX($B77:$H77,MATCH(C81,$B77:$H77,1))} -> 1500 | D82: Rows: | E82: =MATCH(MAX($A78:$A79),$A78:$A79,1) -> 2 | O82: x1_n: | P82: {=INDEX($O77:$V77,MATCH(P81,$O77:$V77,1))} -> #N/A | Q82: Rows: | R82: =MATCH(MAX($N78:$N79),$N78:$N79,1) -> 2 | AB82: x1_n: | AC82: {=INDEX($AB77:$AL77,MATCH(AC81,$AB77:$AL77,1))} -> #N/A | AD82: Rows: | AE82: =MATCH(MAX($AA78:$AA79),$AA78:$AA79,1) -> 2
B83: x2_n: | C83: {=INDEX($B77:$H77,IF(MATCH(C81,$B77:$H77,1)<E83,MATCH(C81,$B77:$H77,1)+1,MATCH(C81,$B77:$H77,1)))} -> 2000 | D83: Columns: | E83: =MATCH(MAX($B77:$H77),$B77:$H77,0) -> 7 | O83: x2_n: | P83: {=INDEX($O77:$V77,IF(MATCH(P81,$O77:$V77,1)<R83,MATCH(P81,$O77:$V77,1)+1,MATCH(P81,$O77:$V77,1)))} -> #N/A | Q83: Columns: | R83: =MATCH(MAX($O77:$V77),$O77:$V77,0) -> 8 | AB83: x2_n: | AC83: {=INDEX($AB77:$AL77,IF(MATCH(AC81,$AB77:$AL77,1)<AE83,MATCH(AC81,$AB77:$AL77,1)+1,MATCH(AC81,$AB77:$AL77,1)))} -> #N/A | AD83: Columns: | AE83: =MATCH(MAX($AB77:$AL77),$AB77:$AL77,0) -> 11
B84: y_n: | C84: 50 | O84: y_n: | P84: 50 | AB84: y_n: | AC84: 50
B85: n1: | C85: {=INDEX($A78:$A79,MATCH(C84,$A78:$A79,1))} -> 50 | O85: n1: | P85: {=INDEX($N78:$N79,MATCH(P84,$N78:$N79,1))} -> 50 | AB85: n1: | AC85: {=INDEX($AA78:$AA79,MATCH(AC84,$AA78:$AA79,1))} -> 50
B86: n2: | C86: {=INDEX($A78:$A79,IF(MATCH(C84,$A78:$A79,1)<E82,MATCH(C84,$A78:$A79,1)+1,MATCH(C84,$A78:$A79,1)))} -> 50 | O86: n2: | P86: {=INDEX($N78:$N79,IF(MATCH(P84,$N78:$N79,1)<R82,MATCH(P84,$N78:$N79,1)+1,MATCH(P84,$N78:$N79,1)))} -> 50 | AB86: n2: | AC86: {=INDEX($AA78:$AA79,IF(MATCH(AC84,$AA78:$AA79,1)<AE82,MATCH(AC84,$AA78:$AA79,1)+1,MATCH(AC84,$AA78:$AA79,1)))} -> 50
B87: y1_n1: | C87: {=INDEX($B78:$H79,MATCH(C84,$A78:$A79,1),MATCH(C81,$B77:$H77,1))} -> 1900 | O87: y1_n1: | P87: {=INDEX($O78:$V79,MATCH(P84,$N78:$N79,1),MATCH(P81,$O77:$V77,1))} -> #N/A | AB87: y1_n1: | AC87: {=INDEX($AB78:$AL79,MATCH(AC84,$AA78:$AA79,1),MATCH(AC81,$AB77:$AL77,1))} -> #N/A
B88: y2_n1: | C88: {=INDEX($B78:$H79,MATCH(C84,$A78:$A79,1),IF(MATCH(C81,$B77:$H77,1)<E83,MATCH(C81,$B77:$H77,1)+1,MATCH(C84,$A78:$A79,1)))} -> 2550 | O88: y2_n1: | P88: {=INDEX($O78:$V79,MATCH(P84,$N78:$N79,1),IF(MATCH(P81,$O77:$V77,1)<R83,MATCH(P81,$O77:$V77,1)+1,MATCH(P84,$N78:$N79,1)))} -> #N/A | AB88: y2_n1: | AC88: {=INDEX($AB78:$AL79,MATCH(AC84,$AA78:$AA79,1),IF(MATCH(AC81,$AB77:$AL77,1)<AE83,MATCH(AC81,$AB77:$AL77,1)+1,MATCH(AC84,$AA78:$AA79,1)))} -> #N/A
B89: y1_n2: | C89: {=INDEX($B78:$H79,IF(MATCH(C84,$A78:$A79,1)<E82,MATCH(C84,$A78:$A79,1)+1,MATCH(C84,$A78:$A79,1)),MATCH(C81,$B77:$H77,1))} -> 1900 | O89: y1_n2: | P89: {=INDEX($O78:$V79,IF(MATCH(P84,$N78:$N79,1)<R82,MATCH(P84,$N78:$N79,1)+1,MATCH(P84,$N78:$N79,1)),MATCH(P81,$O77:$V77,1))} -> #N/A | AB89: y1_n2: | AC89: {=INDEX($AB78:$AL79,IF(MATCH(AC84,$AA78:$AA79,1)<AE82,MATCH(AC84,$AA78:$AA79,1)+1,MATCH(AC84,$AA78:$AA79,1)),MATCH(AC81,$AB77:$AL77,1))} -> #N/A
B90: y2_n2: | C90: {=INDEX($B78:$H79,IF(MATCH(C84,$A78:$A79,1)<E82,MATCH(C84,$A78:$A79,1)+1,MATCH(C84,$A78:$A79,1)),IF(MATCH(C81,$B77:$H77,1)<E83,MATCH(C81,$B77:$H77,1)+1,MATCH(C81,$B77:$H77,1)))} -> 2550 | O90: y2_n2: | P90: {=INDEX($O78:$V79,IF(MATCH(P84,$N78:$N79,1)<R82,MATCH(P84,$N78:$N79,1)+1,MATCH(P84,$N78:$N79,1)),IF(MATCH(P81,$O77:$V77,1)<R83,MATCH(P81,$O77:$V77,1)+1,MATCH(P81,$O77:$V77,1)))} -> #N/A | AB90: y2_n2: | AC90: {=INDEX($AB78:$AL79,IF(MATCH(AC84,$AA78:$AA79,1)<AE82,MATCH(AC84,$AA78:$AA79,1)+1,MATCH(AC84,$AA78:$AA79,1)),IF(MATCH(AC81,$AB77:$AL77,1)<AE83,MATCH(AC81,$AB77:$AL77,1)+1,MATCH(AC81,$AB77:$AL77,1)))} -> #N/A
B91: y_n1: | C91: =IFERROR(C87+(C81-C82)*(C88-C87)/(C83-C82),C87) -> 2027.4 | O91: y_n1: | P91: =IFERROR(P87+(P81-P82)*(P88-P87)/(P83-P82),P87) -> #N/A | AB91: y_n1: | AC91: =IFERROR(AC87+(AC81-AC82)*(AC88-AC87)/(AC83-AC82),AC87) -> #N/A
B92: y_n2: | C92: =IFERROR(C89+(C81-C82)*(C90-C89)/(C83-C82),C89) -> 2027.4 | O92: y_n2: | P92: =IFERROR(P89+(P81-P82)*(P90-P89)/(P83-P82),P89) -> #N/A | AB92: y_n2: | AC92: =IFERROR(AC89+(AC81-AC82)*(AC90-AC89)/(AC83-AC82),AC89) -> #N/A
B93: Distance | C93: =IFERROR(C91+(C84-C85)*(C92-C91)/(C86-C85),C91) -> 2027.4 | O93: Distance | P93: =IFERROR(P91+(P84-P85)*(P92-P91)/(P86-P85),P91) -> #N/A | AB93: Distance | AC93: =IFERROR(AC91+(AC84-AC85)*(AC92-AC91)/(AC86-AC85),AC91) -> #N/A
