Workbook

Sheet Take-off
B1: SE-LTL
B2: Take-off distance Beech 200 | F2: SE-LTL | G2: Version
B3: Interpoleringsverktyg för startsträcka från AFM. | G3: 46266
B4: Flygplats och bana: | C4: Custom airport
C5: ESND 051850Z AUTO 24015KT 200V270 9999 NCD 14/08 Q0991
B6: Wind direction: | C6: =IFERROR(__xludf.dummyfunction("IF(E6<>"""", E6, IF($G$8, E6, IFERROR(IF(REGEXMATCH(C5, ""\bVRB""), ""000"", VALUE(REGEXEXTRACT(C5, ""\b(\d{3})\d{2,3}(?:G\d{2,3})?(?:KT|MPS)\b""))), ""-"")))"),240) -> 240 | D6: ° | F6: =IF(C24<0, "Tailwind", "")
B7: Wind speed: | C7: =IFERROR(__xludf.dummyfunction("IF(E7<>"""", E7, IF($G$8, E7, IFERROR(VALUE(REGEXEXTRACT(C5, ""\b(?:\d{3}|VRB)(\d{2,3})(?:G\d{2,3})?(?:KT|MPS)\b"")), ""-"")))"),0) -> 0 | D7: kt | E7: 0
B8: Outside air temperature: | C8: =IFERROR(__xludf.dummyfunction("IF(E8<>"""", E8, IF($G$8, E8, IFERROR(VALUE(SUBSTITUTE(REGEXEXTRACT(C5, ""\b(M?\d{2})\/(?:M?\d{2})\b""), ""M"", ""-"")), ""-"")))"),0) -> 0 | D8: °C | E8: 0 | F8: Remove manual MET | G8: =FALSE() -> FALSE
B9: QNH | C9: =IFERROR(__xludf.dummyfunction("IF(E9<>"""", E9, IF($G$8, E9, IFERROR(VALUE(REGEXEXTRACT(C5, ""\bQ(\d{4})\b"")), ""-"")))"),1013) -> 1013 | D9: Hpa | E9: 1013
B10: Runway Condition Code | C10: 5 | E10: MANUAL MET -> | F10: REFRESH METAR | G10: =FALSE() -> FALSE
B11: Runway contaminant | C11: Wet Runway | I11: BORT
B12: Contaminant depth | C12: 3 | D12: mm | E12: Max: | F12: =VLOOKUP(C11,'Dropdown lists'!B34:G40,5,FALSE()) -> 0
B13: Engine Anti-ice | C13: OFF | I13: Engine anti-ice can be disregarded (OFF in calculation) whenever 3300 lbs/ft take-off power can be obtained
B14: Take off mass: | C14: 9000 | D14: Lbs
B15: Airport data (Expandable) | I15: Från 1900an. Men borde vara lika på alla om man får ut max torque. Men det är inte utskrivet vad jag sett.
B16: Treshold elevation: | C16: {=_xlfn.XLOOKUP($C$4, 'Airport data'!$A$5:$A1006, 'Airport data'!$B$5:$B1006)} -> 200 | D16: ft
B17: Runway Slope: | C17: {=_xlfn.XLOOKUP($C$4, 'Airport data'!$A$5:$A1006, 'Airport data'!$G$5:$G1006)} -> 0 | D17: % | E17: + = upphill
B18: RWY Heading: | C18: {=_xlfn.XLOOKUP($C$4, 'Airport data'!$A$5:$A1006, 'Airport data'!$H$5:$H1006)} -> 120 | D18: °
B19: ASDA: | C19: {=_xlfn.XLOOKUP($C$4, 'Airport data'!$A$5:$A1006, 'Airport data'!$E$5:$E1006)-10} -> 1990 | D19: m | E19: Req gradient: | G19: {=_xlfn.XLOOKUP($C$4, 'Airport data'!$A$5:$A1006, 'Airport data'!$I$5:$I1006)} -> 3.3
B20: TORA: | C20: {=_xlfn.XLOOKUP($C$4, 'Airport data'!$A$5:$A1006, 'Airport data'!$C$5:$C1006)-10} -> 1990 | D20: m
B21: TODA: | C21: {=_xlfn.XLOOKUP($C$4, 'Airport data'!$A$5:$A1006, 'Airport data'!$D$5:$D1006)-10} -> 1990 | D21: m | E21: TOR | F21: =C35*1.15 -> 502.55421 | J21: villkorsberoende format wind, xwind, limit
B22: LDA: | C22: {=_xlfn.XLOOKUP($C$4, 'Airport data'!$A$5:$A1006, 'Airport data'!$F$5:$F1006)} -> 2000 | D22: m | J22: Ny källa metar script landing
B23: Calculated data | J23: Jämförelse rätt metar
B24: Head/Tail wind | C24: ='LTL_TAKE OFF Performance FLAPS '!D34 -> 0 | D24: Kt | E24: Take-off Distance Factor | F24: {=_xlfn.XLOOKUP('Take-off'!$C$10,'Dropdown lists'!$B$4:$B$9,'Dropdown lists'!$D$4:$D$9)} -> 1.07
B25: Crosswind | C25: =ABS('LTL_TAKE OFF Performance FLAPS '!C39*C7) -> 0 | D25: Kt | E25: Limit | F25: {=_xlfn.XLOOKUP(C10, 'Dropdown lists'!$B$4:$B$10, 'Dropdown lists'!$E$4:$E$10)} -> 25
B26: FLAPS: | C26: UP | D26: TAKE-OFF | E26: APP | G26: FULL
B27: Dry Runway (Expandable) | I27: Kommer inte att användas med take-off faktorer - Då är RWYCC 6 samma sak
B28: Ground Roll [m] | C28: ='LTL_TAKE OFF Performance FLAPS '!E28 -> 408.41463 | E28: =Blad3!E28 -> 400.20325
B29: Take off distance [m] | C29: =MAX('LTL_TAKE OFF Performance FLAPS '!E29:E30) -> 609.7561 | E29: =MAX(Blad3!E29:E30) -> 786.03104
B30: Accelerade & STOP [m] | C30: ='LTL_TAKE OFF Performance FLAPS '!E32 -> 844.5122 | E30: =Blad3!E32 -> 862.46612
B31: V1 [kts] | C31: ='LTL_TAKE OFF Performance FLAPS '!E$22 -> 94 | E31: =Blad3!E$22 -> 94
B32: VR [kts] | C32: ='LTL_TAKE OFF Performance FLAPS '!E$22 -> 94 | E32: =Blad3!E$22 -> 94
B33: V2 [kts] | C33: ='LTL_TAKE OFF Performance FLAPS '!I22 -> 103 | E33: =Blad3!I$22 -> 102
B34: Selected contaminant
B35: Ground Roll [m] | C35: ='LTL_TAKE OFF Performance FLAPS '!E28*F24 -> 437.00366 | E35: =Blad3!E28*F24 -> 428.21748
B36: Take off distance [m] | C36: =MAX('LTL_TAKE OFF Performance FLAPS '!E29:E31)*F24 -> 652.43902 | E36: =MAX(Blad3!E29:E31)*F24 -> 841.05322
B37: Accelerade & STOP [m] | C37: ='LTL_TAKE OFF Performance FLAPS '!E32*F24 -> 903.62805 | E37: =Blad3!E32*F24 -> 922.83875
B38: V1 [kts] | C38: ='LTL_TAKE OFF Performance FLAPS '!E$22 -> 94 | E38: =Blad3!E$22 -> 94
B39: VR [kts] | C39: ='LTL_TAKE OFF Performance FLAPS '!E$22 -> 94 | E39: =Blad3!E$22 -> 94
B40: V2 [kts] | C40: ='LTL_TAKE OFF Performance FLAPS '!I$22 -> 103 | E40: =Blad3!I$22 -> 102 | I40: Standard Procedure Design Gradient (PDG): 3,3%
B41: Climb
B42: Net Gradient OEI wings level [%] | C42: =IF( C24>0, 'LTL_NET GRADIENT OF CLIMB'!AC55*(125/(125-50%*ABS(C24))), 'LTL_NET GRADIENT OF CLIMB'!AC55*(125/(125+150%*ABS(C24))) ) -> 8.9740833 | E42: =IF( C24>0, 'LTL_NET GRADIENT OF CLIMB'!AC55*(125/(125-50%*ABS(C24))), 'LTL_NET GRADIENT OF CLIMB'!AC55*(125/(125+150%*ABS(C24))) ) -> 8.9740833
B43: Gradient includes wind, 150% & 50% | C43: =IF(C42>G19,"", "Check jeppessen climb requriment")
B44: Emergency Return
B45: VREF [kts] | C45: ='LTL_LDG Performance'!K21 -> 103 | G45: ='LTL_LDG Performance'!I21 -> 80
B46: Landing Distance [m] | C46: =('LTL_LDG Performance'!D88/3.28)*'LTL_LDG Performance'!C55 -> 1497.2024 | G46: ='LTL_LDG Performance'!C54 -> 880.70732
C54: Flaps UP
B55: ='Take-off'!$B19 -> ASDA: | C55: ='Take-off'!$C19 -> 1990
B56: ='Take-off'!$B20 -> TORA: | C56: ='Take-off'!$C20 -> 1990
B57: ='Take-off'!$B21 -> TODA: | C57: ='Take-off'!$C21 -> 1990
B58: =B35 -> Ground Roll [m] | C58: =C35 -> 437.00366
B59: =B36 -> Take off distance [m] | C59: =C36 -> 652.43902
B60: =B37 -> Accelerade & STOP [m] | C60: =C37 -> 903.62805
B68: Engine out procedure
B69: Minimum cloud base: | C69: =_xlfn.XLOOKUP( $C$4, 'Airport data'!$A$5:$A1006, 'Airport data'!$K$5:$K1006) -> 0 | D69: ft
B70: Escape Route: | C70: =_xlfn.XLOOKUP( $C$4, 'Airport data'!$A$5:$A1006, 'Airport data'!$L$5:$L1006) -> 0

Sheet Landing
B2: Landning distance Beech 200 - SE-LTL | G2: Version
B3: Interpoleringsverktyg för landningsträcka | G3: 2026-XY-ZV
B4: Flygplats och bana: | C4: Custom airport
C5: ESNU 051850Z 19012KT 9999 FEW011 13/12 Q0986
B6: Wind direction: | C6: =IFERROR(__xludf.dummyfunction("IF(E6<>"""", E6, IF($G$8, E6, IFERROR(IF(REGEXMATCH(C5, ""\bVRB""), ""000"", VALUE(REGEXEXTRACT(C5, ""\b(\d{3})\d{2,3}(?:G\d{2,3})?(?:KT|MPS)\b""))), ""-"")))"),190) -> 190 | D6: ° | F6: =IF(C21<0, "Tailwind", "")
B7: Wind speed: | C7: =IFERROR(__xludf.dummyfunction("IF(E7<>"""", E7, IF($G$8, E7, IFERROR(VALUE(REGEXEXTRACT(C5, ""\b(?:\d{3}|VRB)(\d{2,3})(?:G\d{2,3})?(?:KT|MPS)\b"")), ""-"")))"),12) -> 12 | D7: kt
B8: Outside air temperature: | C8: =IFERROR(__xludf.dummyfunction("IF(E8<>"""", E8, IF($G$8, E8, IFERROR(VALUE(SUBSTITUTE(REGEXEXTRACT(C5, ""\b(M?\d{2})\/(?:M?\d{2})\b""), ""M"", ""-"")), ""-"")))"),13) -> 13 | D8: °C | F8: Remove manual MET | G8: =FALSE() -> FALSE
B9: QNH | C9: =IFERROR(__xludf.dummyfunction("IF(E9<>"""", E9, IF($G$8, E9, IFERROR(VALUE(REGEXEXTRACT(C5, ""\bQ(\d{4})\b"")), ""-"")))"),986) -> 986 | D9: Hpa
B10: Runway Condition Code | C10: 6 | E10: Manual MET -> | F10: REFRESH METAR | G10: =FALSE() -> FALSE
B11: Landing weight | C11: 12500 | D11: Lbs
B12: Max landing weight | C12: 12500 | D12: Lbs
B14: Airport data | C14: =IF(C11>C12, "Overweight landning","")
B15: Elevation: | C15: {=_xlfn.XLOOKUP($C$4,'Airport data'!$A$5:$A1003,'Airport data'!$B$5:$B1003)} -> 200 | D15: ft
B16: Runway Slope: | C16: {=_xlfn.XLOOKUP($C$4,'Airport data'!$A$5:$A1003,'Airport data'!$G$5:$G1003)} -> 0 | D16: % | F16: + = upphill
B17: RWY Heading: | C17: {=_xlfn.XLOOKUP($C$4,'Airport data'!$A$5:$A1003,'Airport data'!$H$5:$H1003)} -> 120 | D17: °
B18: LDA: | C18: {=_xlfn.XLOOKUP($C$4,'Airport data'!$A$5:$A1003,'Airport data'!$F$5:$F1003)} -> 2000 | D18: m
B19: Calculated data
B20: Landing Distance Factor | C20: {=_xlfn.XLOOKUP(C10,'Dropdown lists'!$B$4:$B$9,'Dropdown lists'!$C$4:$C$9)} -> 1.67
B21: Head/Tail wind | C21: ='LTL_LDG Performance'!D32 -> 4.1042417 | D21: Kt
B22: Crosswind | C22: =ABS('LTL_LDG Performance'!C37*C7) -> 11.276311 | D22: Kt | F22: Limit | G22: {=_xlfn.XLOOKUP(C10,'Dropdown lists'!$B$4:$B$9,'Dropdown lists'!$E$4:$E$9)} -> 25
B24: FLAPS: | C24: UP | D24: TAKE-OFF | F24: APP | G24: FULL
B25: Landing Distance
B26: VREF [kts] | C26: ='LTL_LDG Performance'!M21 -> 121 | G26: ='LTL_LDG Performance'!E21 -> 97
B27: Landing Distance factored [m] | C27: =('LTL_LDG Performance'!B88/3.28)*Landing!C20 -> 2109.495 | G27: ='LTL_Landing distance data'!C104*C20 -> 1240.8794
B28: Flap Up based on AFM graph
C29: =IF(ISBLANK(C10), "Dry & Unfactored *1,67", "" )
B30: Missed approach
B31: OEI Climb Gradient [%] | C31: =IF( C21>0, 'LTL_OEI CLIMB GRADIENT'!P47*(125/(125+50%*C21)), 'LTL_OEI CLIMB GRADIENT'!P47*(125/(125-150%*C21)) ) -> 4.4647031 | D31: Gradient includes wind, 150% & 50%
C35: Flaps UP | D35: Flaps FULL
B36: LDA | C36: =Landing!$C$18 -> 2000 | D36: =Landing!$C$18 -> 2000
B37: Landing distance | C37: =C27 -> 2109.495 | D37: =G27 -> 1240.8794

Sheet Airport data
A1: Airport | B1: Runway Threshold Elevation: | C1: TORA | D1: TODA | E1: ASDA | F1: LDA: | G1: RWY Slope: | H1: RWY HDG | I1: Minimum departure climb gradient, obstacles | J1: Uppdaterad | K1: ESCAPE ROUTE INFO
K2: Min cloud base | L2: Routing
B4: [ft] | C4: [m] | D4: [m] | E4: [m] | F4: [m] | G4: [%] | H4: [°] | I4: [%] | J4: [Date]
A5: No airport selected | B5: - | D5: - | E5: - | F5: - | G5: - | H5: - | J5: -
A6: Custom airport | B6: 200 | C6: 2000 | D6: 2000 | E6: 2000 | F6: 2000 | G6: 0 | H6: 120 | I6: 3.3 | N6: ÄNDRA ljusgröna RADER VID BEHOV
P10: ESSA

Sheet Dropdown lists
B1: Factors | E1: X-wind
C2: LDF | D2: Takeoff Faktor
B3: RWCC | C3: Faktor | E3: Limit
B4: 1 | C4: 2.9 | D4: 1.59 | E4: 4
B5: 2 | C5: 2.7 | D5: 1.41 | E5: 9
B6: 3 | C6: 2.4 | D6: 1.22 | E6: 14
B7: 4 | C7: 2.2 | D7: 1.14 | E7: 20
B8: 5 | C8: 2 | D8: 1.07 | E8: 25
B9: 6 | C9: 1.67 | D9: 1 | E9: 25
E10: 25
B12: FLAPS
B19: Runway take off
B27: Engine anti-ice
J29: =IF('Take-off'!$C$11='Dropdown lists'!B34,) -> 0
B30: ON
B31: OFF
B33: Runway contaminant | E33: Faktor | F33: Måttenhet | G33: Max
B34: Wet Runway | E34: 0 | G34: N/A
B35: Compacted snow | E35: 0 | G35: N/A
B36: Dry snow | E36: 0.005 | F36: mm | G36: N/A
B37: Wet snow | E37: 0.01 | F37: mm | G37: 50
B38: Slush | E38: 0.02 | F38: mm | G38: 25
B39: Standing water | E39: 0.02 | F39: mm | G39: 25
B40: No contaminant | E40: 0 | G40: N/A
B44: Technique
B47: Static T/O power
B48: Rolling take off

Sheet LTL_LDG Performance
A1: LANDING PERFORMANCE (Normal)
H2: EMG RETURN | I2: EMG RETURN | J2: FLAPS UP | K2: EMG RETURN | L2: FLAPS UP | M2: Normal
A3: Landing Mass | D3: Speeds | H3: Speeds | J3: Speeds | L3: Speeds
D4: Vref | H4: Vref | J4: Vref | L4: Vref
A5: 9000 | D5: 80 | H5: 80 | J5: 103 | L5: 103
A6: 10000 | D6: 85 | H6: 85 | J6: 108 | L6: 108
A7: 11000 | D7: 90 | H7: 90 | J7: 113 | L7: 113
A8: 12000 | D8: 95 | H8: 95 | J8: 119 | L8: 119
A9: 12500 | D9: 97 | H9: 97 | J9: 121 | L9: 121
A11: Table size Landing distance
B12: Rows: | C12: =MATCH(MAX(A5:A9),A5:A9,0) -> 5
B13: Columns: | C13: =MATCH(MAX(D5),D5,0) -> 1
D15: x_n: | E15: =D4 -> Vref | I15: =H4 -> Vref | K15: =J4 -> Vref | M15: =L4 -> Vref
D16: y_n: | E16: =Landing!C11 -> 12500 | I16: ='Take-off'!C14 -> 9000 | K16: ='Take-off'!C14 -> 9000 | M16: =Landing!C11 -> 12500
D17: n1: | E17: {=INDEX($A$5:$A$9,MATCH(E16,$A$5:$A$9,1))} -> 12500 | I17: {=INDEX($A$5:$A$9,MATCH(I16,$A$5:$A$9,1))} -> 9000 | K17: {=INDEX($A$5:$A$9,MATCH(K16,$A$5:$A$9,1))} -> 9000 | M17: {=INDEX($A$5:$A$9,MATCH(M16,$A$5:$A$9,1))} -> 12500
D18: n2: | E18: {=INDEX($A$5:$A$9,IF(MATCH(E16,$A$5:$A$9,1)<$C$12,MATCH(E16,$A$5:$A$9,1)+1,MATCH(E16,$A$5:$A$9,1)))} -> 12500 | I18: {=INDEX($A$5:$A$9,IF(MATCH(I16,$A$5:$A$9,1)<$C$12,MATCH(I16,$A$5:$A$9,1)+1,MATCH(I16,$A$5:$A$9,1)))} -> 10000 | K18: {=INDEX($A$5:$A$9,IF(MATCH(K16,$A$5:$A$9,1)<$C$12,MATCH(K16,$A$5:$A$9,1)+1,MATCH(K16,$A$5:$A$9,1)))} -> 10000 | M18: {=INDEX($A$5:$A$9,IF(MATCH(M16,$A$5:$A$9,1)<$C$12,MATCH(M16,$A$5:$A$9,1)+1,MATCH(M16,$A$5:$A$9,1)))} -> 12500
D19: y1_n1: | E19: {=INDEX(D5:D9,MATCH(E16,$A$5:$A$9,1),MATCH(E15,D4,1))} -> 97 | I19: {=INDEX(H5:H9,MATCH(I16,$A$5:$A$9,1),MATCH(I15,H4,1))} -> 80 | K19: {=INDEX(J5:J9,MATCH(K16,$A$5:$A$9,1),MATCH(K15,J4,1))} -> 103 | M19: {=INDEX(L5:L9,MATCH(M16,$A$5:$A$9,1),MATCH(M15,L4,1))} -> 121
D20: y1_n2: | E20: {=INDEX(D5:D9,IF(MATCH(E16,$A$5:$A$9,1)<$C$12,MATCH(E16,$A$5:$A$9,1)+1,MATCH(E16,$A$5:$A$9,1)),MATCH(E15,D4,1))} -> 97 | I20: {=INDEX(H5:H9,IF(MATCH(I16,$A$5:$A$9,1)<$C$12,MATCH(I16,$A$5:$A$9,1)+1,MATCH(I16,$A$5:$A$9,1)),MATCH(I15,H4,1))} -> 85 | K20: {=INDEX(J5:J9,IF(MATCH(K16,$A$5:$A$9,1)<$C$12,MATCH(K16,$A$5:$A$9,1)+1,MATCH(K16,$A$5:$A$9,1)),MATCH(K15,J4,1))} -> 108 | M20: {=INDEX(L5:L9,IF(MATCH(M16,$A$5:$A$9,1)<$C$12,MATCH(M16,$A$5:$A$9,1)+1,MATCH(M16,$A$5:$A$9,1)),MATCH(M15,L4,1))} -> 121
D21: Vref: | E21: =IFERROR(E19+(E16-E17)*(E20-E19)/(E18-E17),E19) -> 97 | I21: =IFERROR(I19+(I16-I17)*(I20-I19)/(I18-I17),I19) -> 80 | K21: =IFERROR(K19+(K16-K17)*(K20-K19)/(K18-K17),K19) -> 103 | M21: =IFERROR(M19+(M16-M17)*(M20-M19)/(M18-M17),M19) -> 121
B29: Windcalc
B31: WCA | C31: Factor | D31: H/T wind
B32: =IF(ABS(Landing!C17-Landing!C6)>270,360-ABS(Landing!C17-Landing!C6),Landing!C17-Landing!C6) -> -70 | C32: =IF(ABS(B32)>90,ABS(COS(B32*PI()/180))*(-1),ABS(COS(B32*PI()/180))) -> 0.34202014 | D32: =IF( ISBLANK(Landing!C6), Landing!C7*-1, Landing!C7*C32) -> 4.1042417
B37: Crosswind factor | C37: =IF(ABS(B32)>90,ABS(SIN(B32*PI()/180))*(-1),ABS(SIN(B32*PI()/180))) -> 0.93969262
A48: Emergency Return
B53: Unfactorised | C53: Factorised
B54: ='LTL_Landing distance data'!K104 -> 440.35366 | C54: =B54*C55 -> 880.70732
B55: Landing Distance Factor: | C55: =IF( ISBLANK('Take-off'!C10),MIN('Dropdown lists'!C4:C10), VLOOKUP('Take-off'!C10,'Dropdown lists'!B4:C10,2)) -> 2
A66: LANDING PERFORMANCE (UP)
A68: Landing Distance Flaps LAND [feet] | B68: Landing distance | D68: EMG RETURN
B69: UP | D69: EMG RETURN
A70: 500 | B70: 850
A71: 1000 | B71: 1700
A72: 1500 | B72: 2550
A73: 2000 | B73: 3400
A74: 2500 | B74: 4250
A75: 2900 | B75: 5000 | G75: 2900Ft Max i grafen
A76: 3500 | B76: 99999
A78: Table size Landing distance
B79: Rows: | C79: =MATCH(MAX(A70:A76),A70:A76,0) -> 7
B80: Columns: | C80: =MATCH(MAX(B70),B70,0) -> 1
A82: x_n: | B82: =B69 -> UP | D82: =D69 -> EMG RETURN
A83: y_n: | B83: ='LTL_Landing distance data'!C104*3.28 -> 2437.1763 | D83: ='LTL_Landing distance data'!K104*3.28 -> 1444.36
A84: n1: | B84: {=INDEX(A70:A76,MATCH(B83,A70:A76,1))} -> 2000 | D84: {=INDEX($A$70:$A$76,MATCH(D83,$A$70:$A$76,1))} -> 1000
A85: n2: | B85: {=INDEX(A70:A76,IF(MATCH(B83,A70:A76,1)<C79,MATCH(B83,A70:A76,1)+1,MATCH(B83,A70:A76,1)))} -> 2500 | D85: {=INDEX($A$70:$A$76,IF(MATCH(D83,$A$70:$A$76,1)<$C$79,MATCH(D83,$A$70:$A$76,1)+1,MATCH(D83,$A$70:$A$76,1)))} -> 1500
A86: y1_n1: | B86: {=INDEX(B70:B76,MATCH(B83,A70:A76,1),MATCH(B82,B69,1))} -> 3400 | D86: {=INDEX(B70:B76,MATCH(D83,$A$70:$A$76,1),MATCH(D82,D69,1))} -> 1700
A87: y1_n2: | B87: {=INDEX(B70:B76,IF(MATCH(B83,A70:A76,1)<C79,MATCH(B83,A70:A76,1)+1,MATCH(B83,A70:A76,1)),MATCH(B82,B69,1))} -> 4250 | D87: {=INDEX(B70:B76,IF(MATCH(D83,$A$70:$A$76,1)<$C$79,MATCH(D83,$A$70:$A$76,1)+1,MATCH(D83,$A$70:$A$76,1)),MATCH(D82,D69,1))} -> 2550
A88: T/O Distance: | B88: =IFERROR(B86+(B83-B84)*(B87-B86)/(B85-B84),B86) -> 4143.1997 | D88: =IFERROR(D86+(D83-D84)*(D87-D86)/(D85-D84),D86) -> 2455.412

Sheet LTL_TAKE OFF Performance FLAPS 
A1: Take off PERFORMANCE (FLAPS UP)
A2: UP
A3: Landing Mass | D3: Speeds | H3: Speeds
D4: V1/R | H4: V2
A5: 9000 | D5: 94 | H5: 103
A6: 10000 | D6: 94 | H6: 103
A7: 11000 | D7: 94 | H7: 103
A8: 11500 | D8: 94 | H8: 103
A9: 12000 | D9: 94 | H9: 103
A10: 12500 | D10: 94 | H10: 103
D12: Table size Vref | H12: V2
D13: Rows: | E13: =MATCH(MAX($A5:$A10),$A5:$A10,0) -> 6 | I13: =MATCH(MAX($A5:$A10),$A5:$A10,0) -> 6
D14: Columns: | E14: =MATCH(MAX(D5),D5,0) -> 1 | I14: =MATCH(MAX(H5),H5,0) -> 1
D16: x_n: | E16: =D4 -> V1/R | I16: =H4 -> V2
D17: y_n: | E17: ='Take-off'!$C$14 -> 9000 | I17: ='Take-off'!$C$14 -> 9000
D18: n1: | E18: {=INDEX($A5:$A10,MATCH(E17,$A5:$A10,1))} -> 9000 | I18: {=INDEX($A5:$A10,MATCH(I17,$A5:$A10,1))} -> 9000
D19: n2: | E19: {=INDEX($A5:$A10,IF(MATCH(E17,$A5:$A10,1)<E13,MATCH(E17,$A5:$A10,1)+1,MATCH(E17,$A5:$A10,1)))} -> 10000 | I19: {=INDEX($A5:$A10,IF(MATCH(I17,$A5:$A10,1)<I13,MATCH(I17,$A5:$A10,1)+1,MATCH(I17,$A5:$A10,1)))} -> 10000
D20: y1_n1: | E20: {=INDEX(D5:D10,MATCH(E17,$A5:$A10,1),MATCH(E16,D4,1))} -> 94 | I20: {=INDEX(H5:H10,MATCH(I17,$A5:$A10,1),MATCH(I16,H4,1))} -> 103
D21: y1_n2: | E21: {=INDEX(D5:D10,IF(MATCH(E17,$A5:$A10,1)<E13,MATCH(E17,$A5:$A10,1)+1,MATCH(E17,$A5:$A10,1)),MATCH(E16,D4,1))} -> 94 | I21: {=INDEX(H5:H10,IF(MATCH(I17,$A5:$A10,1)<I13,MATCH(I17,$A5:$A10,1)+1,MATCH(I17,$A5:$A10,1)),MATCH(I16,H4,1))} -> 103
D22: Vref: | E22: =IFERROR(E20+(E17-E18)*(E21-E20)/(E19-E18),E20) -> 94 | I22: =IFERROR(I20+(I17-I18)*(I21-I20)/(I19-I18),I20) -> 103
A25: Landing distance required calculations
B27: Flat | C27: Teknik | D27: Slope | E27: Totalt | G27: Factor for Contaminant type | H27: Contaminant depth | I27: Tot before | J27: Correction | K27: Runwayfactor <5 | L27: Runwayfactor <3 | M27: Rulebased factor | O27: Total contaminated
A28: Ground Roll | B28: ='LTL_Takeoff distance (2)'!C75/3.28 -> 408.41463 | C28: 0 | D28: =IF('Take-off'!$C$17>0, ((+'Take-off'!$C$17*5)%*SUM(B28:C28)),0 ) -> 0 | E28: =SUM(B28:D28) -> 408.41463 | G28: =VLOOKUP('Take-off'!$C$11, 'Dropdown lists'!$B$34:$E$40, 3, FALSE()) -> 0 | H28: ='Take-off'!$C$12 -> 3 | I28: =SUM(B28:D28) -> 408.41463 | J28: =I28*(G28*H28) -> 0 | K28: =IF('Take-off'!$C$10<5, 30%*I28, 0) -> 0 | L28: =IF('Take-off'!$C$10<3, 20%*I28, 0) -> 0 | M28: 0 | O28: =SUM(I28:M28) -> 408.41463
A29: Take off distance | B29: ='LTL_Takeoff distance (2)'!C94/3.28 -> 510.80488 | C29: 0 | D29: =IF('Take-off'!$C$17>0, ((+'Take-off'!$C$17*5)%*SUM(B29:C29)),0 ) -> 0 | E29: =SUM(B29:D29)*115% -> 587.42561 | G29: =VLOOKUP('Take-off'!$C$11, 'Dropdown lists'!$B$34:$E$40, 3, FALSE()) -> 0 | H29: ='Take-off'!$C$12 -> 3 | I29: =SUM(B29:D29) -> 510.80488 | J29: =I29*(G29*H29) -> 0 | K29: =IF('Take-off'!$C$10<5, 30%*I29, 0) -> 0 | L29: =IF('Take-off'!$C$10<3, 20%*I29, 0) -> 0 | M29: =15%*SUM(I29:L29) -> 76.620732 | O29: =SUM(I29:M29) -> 587.42561
A30: Accelerate GO DRY | B30: ='LTL_Accelerate and GO (2)'!C75/3.28 -> 609.7561 | C30: 0 | D30: =IF('Take-off'!$C$17>0, ((+'Take-off'!$C$17*5)%*SUM(B30:C30)),0 ) -> 0 | E30: =SUM(B30:D30) -> 609.7561 | G30: =VLOOKUP('Take-off'!$C$11, 'Dropdown lists'!$B$34:$E$40, 3, FALSE()) -> 0 | H30: ='Take-off'!$C$12 -> 3 | I30: =SUM(B30:D30) -> 609.7561 | O30: =E30 -> 609.7561
A31: Accelerate GO WET/CONT | B31: =B30 -> 609.7561 | C31: 0 | D31: =IF('Take-off'!$C$17>0, ((+'Take-off'!$C$17*5)%*SUM(B31:C31)),0 ) -> 0 | E31: =SUM(B31:D31) -> 609.7561 | G31: =VLOOKUP('Take-off'!$C$11, 'Dropdown lists'!$B$34:$E$40, 3, FALSE()) -> 0 | H31: ='Take-off'!$C$12 -> 3 | I31: =SUM(B31:D31) -> 609.7561 | J31: =I31*(G31*H31) -> 0 | K31: =IF('Take-off'!$C$10<5, 30%*I31, 0) -> 0 | L31: =IF('Take-off'!$C$10<3, 20%*I31, 0) -> 0 | M31: 0 | O31: =SUM(I31:N31) -> 609.7561
A32: Accelerate stop | B32: ='LTL_Accelerate and stop2'!C75/3.28 -> 844.5122 | C32: 0 | D32: =IF('Take-off'!$C$17>0, ((+'Take-off'!$C$17*5)%*SUM(B32:C32)),0 ) -> 0 | E32: =SUM(B32:D32) -> 844.5122 | G32: =VLOOKUP('Take-off'!$C$11, 'Dropdown lists'!$B$34:$E$40, 3, FALSE()) -> 0 | H32: ='Take-off'!$C$12 -> 3 | I32: =SUM(B32:D32) -> 844.5122 | J32: =I32*(G32*H32) -> 0 | K32: =IF('Take-off'!$C$10<5, 30%*I32, 0) -> 0 | L32: =IF('Take-off'!$C$10<3, 20%*I32, 0) -> 0 | M32: 0 | O32: =SUM(I32:M32) -> 844.5122
B33: WCA | C33: Factor | D33: H/T wind
B34: =IF(ABS('Take-off'!C18-'Take-off'!C6)>270,360-ABS('Take-off'!C18-'Take-off'!C6),'Take-off'!C18-'Take-off'!C6) -> -120 | C34: =IF(ABS(B34)>90,ABS(COS(B34*PI()/180))*(-1),ABS(COS(B34*PI()/180))) -> -0.5 | D34: =IF( ISBLANK('Take-off'!C6), 'Take-off'!C7*-1, 'Take-off'!C7*C34) -> 0
A35: TDR | B35: Unfactorised | C35: Factorised
B39: Crosswind factor | C39: =IF(ABS(B34)>90,ABS(SIN(B34*PI()/180))*(-1),ABS(SIN(B34*PI()/180))) -> -0.8660254

Sheet Blad3
A1: TAKE OFF PERFORMANCE (FLAPS APPROACH)
A2: TAKE-OFF
A3: Mass | D3: Speeds | H3: Speeds
D4: V1/R | H4: V2
A5: 9000 | D5: 94 | H5: 102
A6: 10000 | D6: 94 | H6: 102
A7: 11000 | D7: 94 | H7: 103
A8: 11500 | D8: 94 | H8: =AVERAGE(H7,H9) -> 104
A9: 12000 | D9: 94 | H9: 105
A10: 12500 | D10: 94 | H10: 106
D12: Table size Vref | H12: V2
D13: Rows: | E13: =MATCH(MAX($A5:$A10),$A5:$A10,0) -> 6 | I13: =MATCH(MAX($A5:$A10),$A5:$A10,0) -> 6
D14: Columns: | E14: =MATCH(MAX(D5),D5,0) -> 1 | I14: =MATCH(MAX(H5),H5,0) -> 1
D16: x_n: | E16: =D4 -> V1/R | I16: =H4 -> V2
D17: y_n: | E17: ='Take-off'!$C$14 -> 9000 | I17: ='Take-off'!$C$14 -> 9000
D18: n1: | E18: {=INDEX($A5:$A10,MATCH(E17,$A5:$A10,1))} -> 9000 | I18: {=INDEX($A5:$A10,MATCH(I17,$A5:$A10,1))} -> 9000
D19: n2: | E19: {=INDEX($A5:$A10,IF(MATCH(E17,$A5:$A10,1)<E13,MATCH(E17,$A5:$A10,1)+1,MATCH(E17,$A5:$A10,1)))} -> 10000 | I19: {=INDEX($A5:$A10,IF(MATCH(I17,$A5:$A10,1)<I13,MATCH(I17,$A5:$A10,1)+1,MATCH(I17,$A5:$A10,1)))} -> 10000
D20: y1_n1: | E20: {=INDEX(D5:D10,MATCH(E17,$A5:$A10,1),MATCH(E16,D4,1))} -> 94 | I20: {=INDEX(H5:H10,MATCH(I17,$A5:$A10,1),MATCH(I16,H4,1))} -> 102
D21: y1_n2: | E21: {=INDEX(D5:D10,IF(MATCH(E17,$A5:$A10,1)<E13,MATCH(E17,$A5:$A10,1)+1,MATCH(E17,$A5:$A10,1)),MATCH(E16,D4,1))} -> 94 | I21: {=INDEX(H5:H10,IF(MATCH(I17,$A5:$A10,1)<I13,MATCH(I17,$A5:$A10,1)+1,MATCH(I17,$A5:$A10,1)),MATCH(I16,H4,1))} -> 102
D22: Vref: | E22: =IFERROR(E20+(E17-E18)*(E21-E20)/(E19-E18),E20) -> 94 | I22: =IFERROR(I20+(I17-I18)*(I21-I20)/(I19-I18),I20) -> 102
A23: Windcorrected distances
A25: Landing distance required calculations
B27: Flat | C27: Technique | D27: Slope | E27: Totalt | G27: Factor for Contaminant type | H27: Contaminant depth | I27: Tot before | J27: Correction | K27: Runwayfactor <5 | L27: Runwayfactor <3 | M27: Rulebased factor | O27: Total contaminated
A28: Ground Roll | B28: ='LTL_Takeoff distance (2)'!AC75/3.28 -> 400.20325 | C28: 0 | D28: 0 | E28: =SUM(B28:D28) -> 400.20325 | G28: =VLOOKUP('Take-off'!$C$11, 'Dropdown lists'!$B$34:$E$40, 3, FALSE()) -> 0 | H28: ='Take-off'!$C$12 -> 3 | I28: =SUM(B28:D28) -> 400.20325 | J28: =I28*(G28*H28) -> 0 | K28: =IF('Take-off'!$C$10<5, 30%*I28, 0) -> 0 | L28: =IF('Take-off'!$C$10<3, 20%*I28, 0) -> 0 | M28: 0 | O28: =SUM(I28:M28) -> 400.20325
A29: Take off distance | B29: ='LTL_Takeoff distance (2)'!AC94/3.28 -> 580.42973 | C29: 0 | D29: =IF('Take-off'!$C$17>0, ((+'Take-off'!$C$17*5)%*SUM(B29:C29)),0 ) -> 0 | E29: =SUM(B29:D29)*115% -> 667.49419 | G29: =VLOOKUP('Take-off'!$C$11, 'Dropdown lists'!$B$34:$E$40, 3, FALSE()) -> 0 | H29: ='Take-off'!$C$12 -> 3 | I29: =SUM(B29:D29) -> 580.42973 | J29: =I29*(G29*H29) -> 0 | K29: =IF('Take-off'!$C$10<5, 30%*I29, 0) -> 0 | L29: =IF('Take-off'!$C$10<3, 20%*I29, 0) -> 0 | M29: =15%*SUM(I29:L29) -> 87.06446 | O29: =SUM(I29:M29) -> 667.49419
A30: Accelerate GO DRY | B30: ='LTL_Accelerate and GO (2)'!AD75/3.28 -> 786.03104 | C30: 0 | D30: =IF('Take-off'!$C$17>0, ((+'Take-off'!$C$17*5)%*SUM(B30:C30)),0 ) -> 0 | E30: =SUM(B30:D30) -> 786.03104 | G30: =VLOOKUP('Take-off'!$C$11, 'Dropdown lists'!$B$34:$E$40, 3, FALSE()) -> 0 | H30: ='Take-off'!$C$12 -> 3 | I30: =SUM(B30:D30) -> 786.03104 | J30: =I30*(G30*H30) -> 0 | K30: =IF('Take-off'!$C$10<5, 30%*I30, 0) -> 0 | L30: =IF('Take-off'!$C$10<3, 20%*I30, 0) -> 0 | M30: 0 | O30: =E30 -> 786.03104
A31: Accelerate GO WET/CONT | B31: =B30 -> 786.03104 | C31: 0 | D31: =IF('Take-off'!$C$17>0, ((+'Take-off'!$C$17*5)%*SUM(B31:C31)),0 ) -> 0 | E31: =SUM(B31:D31) -> 786.03104 | G31: =VLOOKUP('Take-off'!$C$11, 'Dropdown lists'!$B$34:$E$40, 3, FALSE()) -> 0 | H31: ='Take-off'!$C$12 -> 3 | I31: =SUM(B31:D31) -> 786.03104 | J31: =I31*(G31*H31) -> 0 | K31: =IF('Take-off'!$C$10<5, 30%*I31, 0) -> 0 | L31: =IF('Take-off'!$C$10<3, 20%*I31, 0) -> 0 | M31: 0 | O31: =SUM(I31:N31) -> 786.03104
A32: Accelerate STOP distance | B32: ='LTL_Accelerate and stop2'!AC75/3.28 -> 862.46612 | C32: 0 | D32: =IF('Take-off'!$C$17>0, ((+'Take-off'!$C$17*5)%*SUM(B32:C32)),0 ) -> 0 | E32: =SUM(B32:D32) -> 862.46612 | G32: =VLOOKUP('Take-off'!$C$11, 'Dropdown lists'!$B$34:$E$40, 3, FALSE()) -> 0 | H32: ='Take-off'!$C$12 -> 3 | I32: =SUM(B32:D32) -> 862.46612 | J32: =I32*(G32*H32) -> 0 | K32: =IF('Take-off'!$C$10<5, 30%*I32, 0) -> 0 | L32: =IF('Take-off'!$C$10<3, 20%*I32, 0) -> 0 | M32: 0 | O32: =SUM(I32:M32) -> 862.46612
B34: WCA | C34: Factor | D34: H/T wind
B35: =IF(ABS('Take-off'!C18-'Take-off'!C6)>270,360-ABS('Take-off'!C18-'Take-off'!C6),'Take-off'!C18-'Take-off'!C6) -> -120 | C35: =IF(ABS(B35)>90,ABS(COS(B35*PI()/180))*(-1),ABS(COS(B35*PI()/180))) -> -0.5 | D35: =IF( ISBLANK('Take-off'!C6), 'Take-off'!C7*-1, 'Take-off'!C7*C35) -> 0
B40: Crosswind factor | C40: =IF(ABS(B35)>90,ABS(SIN(B35*PI()/180))*(-1),ABS(SIN(B35*PI()/180))) -> -0.8660254
A41: GRadient adjustments

Sheet LTL_Landing distance data
B1: Pressure Alt | C1: x_n: | D1: =IF(Landing!$C$9="",Landing!$C$15,MAX(0,Landing!$C$15+30*(1013-Landing!$C$9))) -> 1010 | F1: EMG Return | G1: =IF('Take-off'!$C$9="",'Take-off'!$C$16,MAX(0,'Take-off'!$C$16+30*(1013-'Take-off'!$C$9))) -> 200
B2: Temp in calc | C2: y_n: | D2: =Landing!C8 -> 13 | G2: =MAX( IF('Take-off'!C13='Dropdown lists'!B30, 'Take-off'!$C$8+5, 'Take-off'!$C$8),0) -> 0
I5: EMG RETURN
C6: NORMAL
A8: Landing
B10: Density Altitude
B11: -500 | C11: 0 | D11: 1000 | E11: 2000 | F11: 3000 | G11: 3500
A12: -40 | B12: 800 | C12: 800 | D12: 830 | E12: 860 | F12: 900 | G12: 99999
A13: -30 | B13: 800 | C13: 800 | D13: 830 | E13: 860 | F13: 900 | G13: 99999
A14: -20 | B14: 800 | C14: 800 | D14: 830 | E14: 860 | F14: 900 | G14: 99999
A15: -10 | B15: 810 | C15: 810 | D15: 850 | E15: 900 | F15: 950 | G15: 99999
A16: 0 | B16: 830 | C16: 830 | D16: 880 | E16: 915 | F16: 975 | G16: 99999
A17: 10 | B17: 850 | C17: 850 | D17: 900 | E17: 930 | F17: 1000 | G17: 99999
A18: 20 | B18: 900 | C18: 900 | D18: 950 | E18: 990 | F18: 1050 | G18: 99999
A19: 30 | B19: 910 | C19: 910 | D19: 975 | E19: 1020 | F19: 1075 | G19: 99999
A20: 40 | B20: 950 | C20: 950 | D20: 1000 | E20: 1100 | F20: 1200 | G20: 99999
A21: 45 | B21: 99999 | C21: 99999 | D21: 99999 | E21: 99999 | F21: 99999 | G21: 99999
B23: x_n: | C23: =D1 -> 1010 | D23: Table size | J23: x_n: | K23: =G1 -> 200 | L23: Table size
B24: x1_n: | C24: {=INDEX($B11:$G11,MATCH(C23,$B11:$G11,1))} -> 1000 | D24: Rows: | E24: =MATCH(MAX($A12:$A21),$A12:$A21,1) -> 10 | J24: x1_n: | K24: {=INDEX($B11:$G11,MATCH(K23,$B11:$G11,1))} -> 0 | L24: Rows: | M24: =MATCH(MAX($A12:$A21),$A12:$A21,1) -> 10
B25: x2_n: | C25: {=INDEX($B11:$G11,IF(MATCH(C23,$B11:$G11,1)<E25,MATCH(C23,$B11:$G11,1)+1,MATCH(C23,$B11:$G11,1)))} -> 2000 | D25: Columns: | E25: =MATCH(MAX($B11:$G11),$B11:$G11,0) -> 6 | J25: x2_n: | K25: {=INDEX($B11:$G11,IF(MATCH(K23,$B11:$G11,1)<M25,MATCH(K23,$B11:$G11,1)+1,MATCH(K23,$B11:$G11,1)))} -> 1000 | L25: Columns: | M25: =MATCH(MAX($B11:$G11),$B11:$G11,0) -> 6
B26: y_n: | C26: =D2 -> 13 | J26: y_n: | K26: =G2 -> 0
B27: n1: | C27: {=INDEX($A12:$A21,MATCH(C26,$A12:$A21,1))} -> 10 | J27: n1: | K27: {=INDEX($A12:$A21,MATCH(K26,$A12:$A21,1))} -> 0
B28: n2: | C28: {=INDEX($A12:$A21,IF(MATCH(C26,$A12:$A21,1)<E24,MATCH(C26,$A12:$A21,1)+1,MATCH(C26,$A12:$A21,1)))} -> 20 | J28: n2: | K28: {=INDEX($A12:$A21,IF(MATCH(K26,$A12:$A21,1)<M24,MATCH(K26,$A12:$A21,1)+1,MATCH(K26,$A12:$A21,1)))} -> 10
B29: y1_n1: | C29: {=INDEX($B12:$G21,MATCH(C26,$A12:$A21,1),MATCH(C23,$B11:$G11,1))} -> 900 | J29: y1_n1: | K29: {=INDEX($B12:$G21,MATCH(K26,$A12:$A21,1),MATCH(K23,$B11:$G11,1))} -> 830
B30: y2_n1: | C30: {=INDEX($B12:$G21,MATCH(C26,$A12:$A21,1),IF(MATCH(C23,$B11:$G11,1)<E25,MATCH(C23,$B11:$G11,1)+1,MATCH(C26,$A12:$A21,1)))} -> 930 | J30: y2_n1: | K30: {=INDEX($B12:$G21,MATCH(K26,$A12:$A21,1),IF(MATCH(K23,$B11:$G11,1)<M25,MATCH(K23,$B11:$G11,1)+1,MATCH(K26,$A12:$A21,1)))} -> 880
B31: y1_n2: | C31: {=INDEX($B12:$G21,IF(MATCH(C26,$A12:$A21,1)<E24,MATCH(C26,$A12:$A21,1)+1,MATCH(C26,$A12:$A21,1)),MATCH(C23,$B11:$G11,1))} -> 950 | J31: y1_n2: | K31: {=INDEX($B12:$G21,IF(MATCH(K26,$A12:$A21,1)<M24,MATCH(K26,$A12:$A21,1)+1,MATCH(K26,$A12:$A21,1)),MATCH(K23,$B11:$G11,1))} -> 850
B32: y2_n2: | C32: {=INDEX($B12:$G21,IF(MATCH(C26,$A12:$A21,1)<E24,MATCH(C26,$A12:$A21,1)+1,MATCH(C26,$A12:$A21,1)),IF(MATCH(C23,$B11:$G11,1)<E25,MATCH(C23,$B11:$G11,1)+1,MATCH(C23,$B11:$G11,1)))} -> 990 | J32: y2_n2: | K32: {=INDEX($B12:$G21,IF(MATCH(K26,$A12:$A21,1)<M24,MATCH(K26,$A12:$A21,1)+1,MATCH(K26,$A12:$A21,1)),IF(MATCH(K23,$B11:$G11,1)<M25,MATCH(K23,$B11:$G11,1)+1,MATCH(K23,$B11:$G11,1)))} -> 900
B33: y_n1: | C33: =IFERROR(C29+(C23-C24)*(C30-C29)/(C25-C24),C29) -> 900.3 | J33: y_n1: | K33: =IFERROR(K29+(K23-K24)*(K30-K29)/(K25-K24),K29) -> 840
B34: y_n2: | C34: =IFERROR(C31+(C23-C24)*(C32-C31)/(C25-C24),C31) -> 950.4 | J34: y_n2: | K34: =IFERROR(K31+(K23-K24)*(K32-K31)/(K25-K24),K31) -> 860
B35: Distance | C35: =IFERROR(C33+(C26-C27)*(C34-C33)/(C28-C27),C33) -> 915.33 | J35: Distance | K35: =IFERROR(K33+(K26-K27)*(K34-K33)/(K28-K27),K33) -> 840
B37: Vikt
B38: 500 | C38: 1000 | D38: 1500 | E38: 2000
A39: 9000 | B39: 375 | C39: 690 | D39: 1090 | E39: 99999
A40: 9500 | B40: 390 | C40: 750 | D40: 1150 | E40: 99999
A41: 10000 | B41: 400 | C41: 780 | D41: 1200 | E41: 99999
A42: 10500 | B42: 410 | C42: 810 | D42: 1250 | E42: 99999
A43: 11000 | B43: 440 | C43: 850 | D43: 1320 | E43: 99999
A44: 11500 | B44: 475 | C44: 900 | D44: 1390 | E44: 99999
A45: 12000 | B45: 490 | C45: 950 | D45: 1450 | E45: 99999
A46: 12500 | B46: 500 | C46: 1000 | D46: 1500 | E46: 99999
B48: x_n: | C48: =C35 -> 915.33 | D48: Table size | J48: x_n: | K48: =K35 -> 840 | L48: Table size
B49: x1_n: | C49: {=INDEX($B38:$E38,MATCH(C48,$B38:$E38,1))} -> 500 | D49: Rows: | E49: =MATCH(MAX($A39:$A46),$A39:$A46,1) -> 8 | J49: x1_n: | K49: {=INDEX($B38:$E38,MATCH(K48,$B38:$E38,1))} -> 500 | L49: Rows: | M49: =MATCH(MAX($A39:$A46),$A39:$A46,1) -> 8
B50: x2_n: | C50: {=INDEX($B38:$E38,IF(MATCH(C48,$B38:$E38,1)<E50,MATCH(C48,$B38:$E38,1)+1,MATCH(C48,$B38:$E38,1)))} -> 1000 | D50: Columns: | E50: =MATCH(MAX($B38:$E38),$B38:$E38,0) -> 4 | J50: x2_n: | K50: {=INDEX($B38:$E38,IF(MATCH(K48,$B38:$E38,1)<M50,MATCH(K48,$B38:$E38,1)+1,MATCH(K48,$B38:$E38,1)))} -> 1000 | L50: Columns: | M50: =MATCH(MAX($B38:$E38),$B38:$E38,0) -> 4
B51: y_n: | C51: =Landing!C11 -> 12500 | J51: y_n: | K51: ='Take-off'!C14 -> 9000
B52: n1: | C52: {=INDEX($A39:$A46,MATCH(C51,$A39:$A46,1))} -> 12500 | J52: n1: | K52: {=INDEX($A39:$A46,MATCH(K51,$A39:$A46,1))} -> 9000
B53: n2: | C53: {=INDEX($A39:$A46,IF(MATCH(C51,$A39:$A46,1)<E49,MATCH(C51,$A39:$A46,1)+1,MATCH(C51,$A39:$A46,1)))} -> 12500 | J53: n2: | K53: {=INDEX($A39:$A46,IF(MATCH(K51,$A39:$A46,1)<M49,MATCH(K51,$A39:$A46,1)+1,MATCH(K51,$A39:$A46,1)))} -> 9500
B54: y1_n1: | C54: {=INDEX($B39:$E46,MATCH(C51,$A39:$A46,1),MATCH(C48,$B38:$E38,1))} -> 500 | J54: y1_n1: | K54: {=INDEX($B39:$E46,MATCH(K51,$A39:$A46,1),MATCH(K48,$B38:$E38,1))} -> 375
B55: y2_n1: | C55: {=INDEX($B39:$E46,MATCH(C51,$A39:$A46,1),IF(MATCH(C48,$B38:$E38,1)<E50,MATCH(C48,$B38:$E38,1)+1,MATCH(C51,$A39:$A46,1)))} -> 1000 | J55: y2_n1: | K55: {=INDEX($B39:$E46,MATCH(K51,$A39:$A46,1),IF(MATCH(K48,$B38:$E38,1)<M50,MATCH(K48,$B38:$E38,1)+1,MATCH(K51,$A39:$A46,1)))} -> 690
B56: y1_n2: | C56: {=INDEX($B39:$E46,IF(MATCH(C51,$A39:$A46,1)<E49,MATCH(C51,$A39:$A46,1)+1,MATCH(C51,$A39:$A46,1)),MATCH(C48,$B38:$E38,1))} -> 500 | J56: y1_n2: | K56: {=INDEX($B39:$E46,IF(MATCH(K51,$A39:$A46,1)<M49,MATCH(K51,$A39:$A46,1)+1,MATCH(K51,$A39:$A46,1)),MATCH(K48,$B38:$E38,1))} -> 390
B57: y2_n2: | C57: {=INDEX($B39:$E46,IF(MATCH(C51,$A39:$A46,1)<E49,MATCH(C51,$A39:$A46,1)+1,MATCH(C51,$A39:$A46,1)),IF(MATCH(C48,$B38:$E38,1)<E50,MATCH(C48,$B38:$E38,1)+1,MATCH(C48,$B38:$E38,1)))} -> 1000 | J57: y2_n2: | K57: {=INDEX($B39:$E46,IF(MATCH(K51,$A39:$A46,1)<M49,MATCH(K51,$A39:$A46,1)+1,MATCH(K51,$A39:$A46,1)),IF(MATCH(K48,$B38:$E38,1)<M50,MATCH(K48,$B38:$E38,1)+1,MATCH(K48,$B38:$E38,1)))} -> 750
B58: y_n1: | C58: =IFERROR(C54+(C48-C49)*(C55-C54)/(C50-C49),C54) -> 915.33 | J58: y_n1: | K58: =IFERROR(K54+(K48-K49)*(K55-K54)/(K50-K49),K54) -> 589.2
B59: y_n2: | C59: =IFERROR(C56+(C48-C49)*(C57-C56)/(C50-C49),C56) -> 915.33 | J59: y_n2: | K59: =IFERROR(K56+(K48-K49)*(K57-K56)/(K50-K49),K56) -> 634.8
B60: Distance | C60: =IFERROR(C58+(C51-C52)*(C59-C58)/(C53-C52),C58) -> 915.33 | J60: Distance | K60: =IFERROR(K58+(K51-K52)*(K59-K58)/(K53-K52),K58) -> 589.2
B63: Vind
A64: Kt | B64: 500 | C64: 1000 | D64: 1500 | E64: 2000
A65: -10 | B65: 800 | C65: 1230 | D65: 1910 | E65: 99999
A66: 0 | B66: 500 | C66: 1000 | D66: 1500 | E66: 99999
A67: 30 | B67: 390 | C67: 800 | D67: 1250 | E67: 99999
B69: x_n: | C69: =C60 -> 915.33 | D69: Table size | J69: x_n: | K69: =K60 -> 589.2 | L69: Table size
B70: x1_n: | C70: {=INDEX($B64:$E64,MATCH(C69,$B64:$E64,1))} -> 500 | D70: Rows: | E70: =MATCH(MAX($A65:$A67),$A65:$A67,1) -> 3 | J70: x1_n: | K70: {=INDEX($B64:$E64,MATCH(K69,$B64:$E64,1))} -> 500 | L70: Rows: | M70: =MATCH(MAX($A65:$A67),$A65:$A67,1) -> 3
B71: x2_n: | C71: {=INDEX($B64:$E64,IF(MATCH(C69,$B64:$E64,1)<E71,MATCH(C69,$B64:$E64,1)+1,MATCH(C69,$B64:$E64,1)))} -> 1000 | D71: Columns: | E71: =MATCH(MAX($B64:$E64),$B64:$E64,0) -> 4 | J71: x2_n: | K71: {=INDEX($B64:$E64,IF(MATCH(K69,$B64:$E64,1)<M71,MATCH(K69,$B64:$E64,1)+1,MATCH(K69,$B64:$E64,1)))} -> 1000 | L71: Columns: | M71: =MATCH(MAX($B64:$E64),$B64:$E64,0) -> 4
B72: y_n: | C72: =Landing!C21 -> 4.1042417 | J72: y_n: | K72: ='Take-off'!$C$24 -> 0
B73: n1: | C73: {=INDEX($A65:$A67,MATCH(C72,$A65:$A67,1))} -> 0 | J73: n1: | K73: {=INDEX($A65:$A67,MATCH(K72,$A65:$A67,1))} -> 0
B74: n2: | C74: {=INDEX($A65:$A67,IF(MATCH(C72,$A65:$A67,1)<E70,MATCH(C72,$A65:$A67,1)+1,MATCH(C72,$A65:$A67,1)))} -> 30 | J74: n2: | K74: {=INDEX($A65:$A67,IF(MATCH(K72,$A65:$A67,1)<M70,MATCH(K72,$A65:$A67,1)+1,MATCH(K72,$A65:$A67,1)))} -> 30
B75: y1_n1: | C75: {=INDEX($B65:$E67,MATCH(C72,$A65:$A67,1),MATCH(C69,$B64:$E64,1))} -> 500 | J75: y1_n1: | K75: {=INDEX($B65:$E67,MATCH(K72,$A65:$A67,1),MATCH(K69,$B64:$E64,1))} -> 500
B76: y2_n1: | C76: {=INDEX($B65:$E67,MATCH(C72,$A65:$A67,1),IF(MATCH(C69,$B64:$E64,1)<E71,MATCH(C69,$B64:$E64,1)+1,MATCH(C72,$A65:$A67,1)))} -> 1000 | J76: y2_n1: | K76: {=INDEX($B65:$E67,MATCH(K72,$A65:$A67,1),IF(MATCH(K69,$B64:$E64,1)<M71,MATCH(K69,$B64:$E64,1)+1,MATCH(K72,$A65:$A67,1)))} -> 1000
B77: y1_n2: | C77: {=INDEX($B65:$E67,IF(MATCH(C72,$A65:$A67,1)<E70,MATCH(C72,$A65:$A67,1)+1,MATCH(C72,$A65:$A67,1)),MATCH(C69,$B64:$E64,1))} -> 390 | J77: y1_n2: | K77: {=INDEX($B65:$E67,IF(MATCH(K72,$A65:$A67,1)<M70,MATCH(K72,$A65:$A67,1)+1,MATCH(K72,$A65:$A67,1)),MATCH(K69,$B64:$E64,1))} -> 390
B78: y2_n2: | C78: {=INDEX($B65:$E67,IF(MATCH(C72,$A65:$A67,1)<E70,MATCH(C72,$A65:$A67,1)+1,MATCH(C72,$A65:$A67,1)),IF(MATCH(C69,$B64:$E64,1)<E71,MATCH(C69,$B64:$E64,1)+1,MATCH(C69,$B64:$E64,1)))} -> 800 | J78: y2_n2: | K78: {=INDEX($B65:$E67,IF(MATCH(K72,$A65:$A67,1)<M70,MATCH(K72,$A65:$A67,1)+1,MATCH(K72,$A65:$A67,1)),IF(MATCH(K69,$B64:$E64,1)<M71,MATCH(K69,$B64:$E64,1)+1,MATCH(K69,$B64:$E64,1)))} -> 800
B79: y_n1: | C79: =IFERROR(C75+(C69-C70)*(C76-C75)/(C71-C70),C75) -> 915.33 | J79: y_n1: | K79: =IFERROR(K75+(K69-K70)*(K76-K75)/(K71-K70),K75) -> 589.2
B80: y_n2: | C80: =IFERROR(C77+(C69-C70)*(C78-C77)/(C71-C70),C77) -> 730.5706 | J80: y_n2: | K80: =IFERROR(K77+(K69-K70)*(K78-K77)/(K71-K70),K77) -> 463.144
B81: Distance | C81: =IFERROR(C79+(C72-C73)*(C80-C79)/(C74-C73),C79) -> 890.05343 | J81: Distance | K81: =IFERROR(K79+(K72-K73)*(K80-K79)/(K74-K73),K79) -> 589.2
B83: Obstacle height
B84: 500 | C84: 1000 | D84: 1500 | E84: 2000 | F84: 2100
A85: 0 | B85: 500 | C85: 1000 | D85: 1500 | E85: 2000 | F85: 99999
A86: 50 | B86: 1150 | C86: 2800 | D86: 1950 | E86: 3100 | F86: 99999
B88: x_n: | C88: =C81 -> 890.05343 | D88: Table size | J88: x_n: | K88: =K81 -> 589.2 | L88: Table size
B89: x1_n: | C89: {=INDEX($B84:$F84,MATCH(C88,$B84:$F84,1))} -> 500 | D89: Rows: | E89: =MATCH(MAX($A85:$A86),$A85:$A86,1) -> 2 | J89: x1_n: | K89: {=INDEX($B84:$F84,MATCH(K88,$B84:$F84,1))} -> 500 | L89: Rows: | M89: =MATCH(MAX($A85:$A86),$A85:$A86,1) -> 2
B90: x2_n: | C90: {=INDEX($B84:$F84,IF(MATCH(C88,$B84:$F84,1)<E90,MATCH(C88,$B84:$F84,1)+1,MATCH(C88,$B84:$F84,1)))} -> 1000 | D90: Columns: | E90: =MATCH(MAX($B84:$F84),$B84:$F84,0) -> 5 | J90: x2_n: | K90: {=INDEX($B84:$F84,IF(MATCH(K88,$B84:$F84,1)<M90,MATCH(K88,$B84:$F84,1)+1,MATCH(K88,$B84:$F84,1)))} -> 1000 | L90: Columns: | M90: =MATCH(MAX($B84:$F84),$B84:$F84,0) -> 5
B91: y_n: | C91: 50 | J91: y_n: | K91: 50
B92: n1: | C92: {=INDEX($A85:$A86,MATCH(C91,$A85:$A86,1))} -> 50 | J92: n1: | K92: {=INDEX($A85:$A86,MATCH(K91,$A85:$A86,1))} -> 50
B93: n2: | C93: {=INDEX($A85:$A86,IF(MATCH(C91,$A85:$A86,1)<E89,MATCH(C91,$A85:$A86,1)+1,MATCH(C91,$A85:$A86,1)))} -> 50 | J93: n2: | K93: {=INDEX($A85:$A86,IF(MATCH(K91,$A85:$A86,1)<M89,MATCH(K91,$A85:$A86,1)+1,MATCH(K91,$A85:$A86,1)))} -> 50
B94: y1_n1: | C94: {=INDEX($B85:$F86,MATCH(C91,$A85:$A86,1),MATCH(C88,$B84:$F84,1))} -> 1150 | J94: y1_n1: | K94: {=INDEX($B85:$F86,MATCH(K91,$A85:$A86,1),MATCH(K88,$B84:$F84,1))} -> 1150
B95: y2_n1: | C95: {=INDEX($B85:$F86,MATCH(C91,$A85:$A86,1),IF(MATCH(C88,$B84:$F84,1)<E90,MATCH(C88,$B84:$F84,1)+1,MATCH(C91,$A85:$A86,1)))} -> 2800 | J95: y2_n1: | K95: {=INDEX($B85:$F86,MATCH(K91,$A85:$A86,1),IF(MATCH(K88,$B84:$F84,1)<M90,MATCH(K88,$B84:$F84,1)+1,MATCH(K91,$A85:$A86,1)))} -> 2800
B96: y1_n2: | C96: {=INDEX($B85:$F86,IF(MATCH(C91,$A85:$A86,1)<E89,MATCH(C91,$A85:$A86,1)+1,MATCH(C91,$A85:$A86,1)),MATCH(C88,$B84:$F84,1))} -> 1150 | J96: y1_n2: | K96: {=INDEX($B85:$F86,IF(MATCH(K91,$A85:$A86,1)<M89,MATCH(K91,$A85:$A86,1)+1,MATCH(K91,$A85:$A86,1)),MATCH(K88,$B84:$F84,1))} -> 1150
B97: y2_n2: | C97: {=INDEX($B85:$F86,IF(MATCH(C91,$A85:$A86,1)<E89,MATCH(C91,$A85:$A86,1)+1,MATCH(C91,$A85:$A86,1)),IF(MATCH(C88,$B84:$F84,1)<E90,MATCH(C88,$B84:$F84,1)+1,MATCH(C88,$B84:$F84,1)))} -> 2800 | J97: y2_n2: | K97: {=INDEX($B85:$F86,IF(MATCH(K91,$A85:$A86,1)<M89,MATCH(K91,$A85:$A86,1)+1,MATCH(K91,$A85:$A86,1)),IF(MATCH(K88,$B84:$F84,1)<M90,MATCH(K88,$B84:$F84,1)+1,MATCH(K88,$B84:$F84,1)))} -> 2800
B98: y_n1: | C98: =IFERROR(C94+(C88-C89)*(C95-C94)/(C90-C89),C94) -> 2437.1763 | J98: y_n1: | K98: =IFERROR(K94+(K88-K89)*(K95-K94)/(K90-K89),K94) -> 1444.36
B99: y_n2: | C99: =IFERROR(C96+(C88-C89)*(C97-C96)/(C90-C89),C96) -> 2437.1763 | J99: y_n2: | K99: =IFERROR(K96+(K88-K89)*(K97-K96)/(K90-K89),K96) -> 1444.36
B100: Distance | C100: =IFERROR(C98+(C91-C92)*(C99-C98)/(C93-C92),C98) -> 2437.1763 | J100: Distance | K100: =IFERROR(K98+(K91-K92)*(K99-K98)/(K93-K92),K98) -> 1444.36
A102: Meter | C102: =C100/3.28 -> 743.04156 | K102: =K100/3.28 -> 440.35366
B103: Slope | C103: =IF(Landing!$C$16<0, ((-Landing!$C$16*5)%*C102),0 ) -> 0 | K103: =IF('Take-off'!$C$17<0, ((-'Take-off'!$C$17*5)%*K102),0 ) -> 0
B104: Totalt | C104: =SUM(C102:C103) -> 743.04156 | K104: =SUM(K102:K103) -> 440.35366

Sheet LTL_Accelerate and GO (2)
B1: Pressure Alt | C1: x_n: | D1: =IF('Take-off'!$C$9="",'Take-off'!$C$16,MAX(0,'Take-off'!$C$16+30*(1013-'Take-off'!$C$9))) -> 200
B2: Temp in calc | C2: y_n: | D2: =IF('Take-off'!C13='Dropdown lists'!B30, 'Take-off'!$C$8+6, 'Take-off'!$C$8) -> 0 | E2: Includes ICE-Vane. Could be disregarded for us
B3: FLAPS UP | O3: FLAPS TAKEOFF | AB3: FLAPS APPROACH
B4: Density altitude | O4: Density altitude | AB4: Density altitude
A5: Temp/PA | B5: -500 | C5: 0 | D5: 1000 | E5: 2000 | F5: 3000 | G5: 4000 | N5: Temp/PA | O5: 0 | P5: 1000 | Q5: 2000 | R5: 3000 | S5: 4000 | AA5: Temp/PA | AB5: -500 | AC5: 0 | AD5: 1000 | AE5: 2000 | AF5: 3000 | AG5: 4000
A6: -40 | B6: 2700 | C6: 2700 | D6: 2800 | E6: 2900 | F6: 3200 | G6: 99999 | N6: -30 | S6: 99999 | AA6: -40 | AB6: 4200 | AC6: 4200 | AD6: 4400 | AE6: 4600 | AF6: 4900 | AG6: 99999
A7: -30 | B7: 2700 | C7: 2700 | D7: 2800 | E7: 2900 | F7: 3200 | G7: 99999 | AA7: -30 | AB7: 4200 | AC7: 4200 | AD7: 4400 | AE7: 4600 | AF7: 4900 | AG7: 99999
A8: -20 | B8: 2800 | C8: 2800 | D8: 2980 | E8: 3100 | F8: 3400 | G8: 99999 | N8: -20 | S8: 99999 | AA8: -20 | AB8: 4200 | AC8: 4200 | AD8: 4400 | AE8: 4600 | AF8: 4900 | AG8: 99999
A9: -10 | B9: 3000 | C9: 3000 | D9: 3200 | E9: 3400 | F9: 3600 | G9: 99999 | N9: -10 | S9: 99999 | AA9: -10 | AB9: 4400 | AC9: 4400 | AD9: 4700 | AE9: 5000 | AF9: 5200 | AG9: 99999
A10: 0 | B10: 3200 | C10: 3200 | D10: 3400 | E10: 3600 | F10: 3900 | G10: 99999 | N10: 0 | S10: 99999 | AA10: 0 | AB10: 4700 | AC10: 4700 | AD10: 5000 | AE10: 5300 | AF10: 5600 | AG10: 99999
A11: 10 | B11: 3370 | C11: 3370 | D11: 3600 | E11: 3800 | F11: 4200 | G11: 99999 | N11: 10 | S11: 99999 | AA11: 10 | AB11: 5000 | AC11: 5000 | AD11: 5300 | AE11: 5600 | AF11: 6000 | AG11: 99999
A12: 20 | B12: 3570 | C12: 3570 | D12: 3800 | E12: 4150 | F12: 4700 | G12: 99999 | N12: 20 | S12: 99999 | AA12: 20 | AB12: 5300 | AC12: 5300 | AD12: 5600 | AE12: 6000 | AF12: 6400 | AG12: 99999
A13: 30 | B13: 3800 | C13: 3800 | D13: 4200 | E13: 4600 | F13: 5300 | G13: 99999 | AA13: 30 | AB13: 5600 | AC13: 5600 | AD13: 6000 | AE13: 6600 | AF13: 7500 | AG13: 99999
A14: 40 | B14: 4400 | C14: 4400 | D14: 5000 | E14: 5600 | F14: 6800 | G14: 99999 | N14: 30 | S14: 99999 | AA14: 40 | AB14: 6400 | AC14: 6400 | AD14: 7200 | AE14: 8100 | AF14: 9200 | AG14: 99999
A15: 35 | B15: 99999 | C15: 99999 | D15: 99999 | E15: 99999 | F15: 99999 | G15: 99999 | N15: 35 | O15: 99999 | P15: 99999 | Q15: 99999 | R15: 99999 | S15: 99999 | AA15: 45 | AB15: 99999 | AC15: 99999 | AD15: 99999 | AE15: 99999 | AF15: 99999 | AG15: 99999
B17: x_n: | C17: =D1 -> 200 | D17: Table size | O17: x_n: | P17: =D1 -> 200 | Q17: Table size | AB17: x_n: | AC17: =D1 -> 200 | AD17: Table size
B18: x1_n: | C18: {=INDEX(B5:G5,MATCH(C17,B5:G5,1))} -> 0 | D18: Rows: | E18: =MATCH(MAX(A6:A15),A6:A15,1) -> 9 | O18: x1_n: | P18: {=INDEX(O5:S5,MATCH(P17,O5:S5,1))} -> 0 | Q18: Rows: | R18: =MATCH(MAX(N6:N15),N6:N15,1) -> 10 | AB18: x1_n: | AC18: {=INDEX(AB5:AG5,MATCH(AC17,AB5:AG5,1))} -> 0 | AD18: Rows: | AE18: =MATCH(MAX(AA6:AA15),AA6:AA15,1) -> 10
B19: x2_n: | C19: {=INDEX(B5:G5,IF(MATCH(C17,B5:G5,1)<E19,MATCH(C17,B5:G5,1)+1,MATCH(C17,B5:G5,1)))} -> 1000 | D19: Columns: | E19: =MATCH(MAX(B5:G5),B5:G5,0) -> 6 | O19: x2_n: | P19: {=INDEX(O5:S5,IF(MATCH(P17,O5:S5,1)<R19,MATCH(P17,O5:S5,1)+1,MATCH(P17,O5:S5,1)))} -> 1000 | Q19: Columns: | R19: =MATCH(MAX(O5:S5),O5:S5,0) -> 5 | AB19: x2_n: | AC19: {=INDEX(AB5:AG5,IF(MATCH(AC17,AB5:AG5,1)<AE19,MATCH(AC17,AB5:AG5,1)+1,MATCH(AC17,AB5:AG5,1)))} -> 1000 | AD19: Columns: | AE19: =MATCH(MAX(AB5:AG5),AB5:AG5,0) -> 6
B20: y_n: | C20: =D2 -> 0 | O20: y_n: | P20: =D2 -> 0 | AB20: y_n: | AC20: =D2 -> 0
B21: n1: | C21: {=INDEX(A6:A15,MATCH(C20,A6:A15,1))} -> 0 | O21: n1: | P21: {=INDEX(N6:N15,MATCH(P20,N6:N15,1))} -> 0 | AB21: n1: | AC21: {=INDEX(AA6:AA15,MATCH(AC20,AA6:AA15,1))} -> 0
B22: n2: | C22: {=INDEX(A6:A15,IF(MATCH(C20,A6:A15,1)<E18,MATCH(C20,A6:A15,1)+1,MATCH(C20,A6:A15,1)))} -> 10 | O22: n2: | P22: {=INDEX(N6:N15,IF(MATCH(P20,N6:N15,1)<R18,MATCH(P20,N6:N15,1)+1,MATCH(P20,N6:N15,1)))} -> 10 | AB22: n2: | AC22: {=INDEX(AA6:AA15,IF(MATCH(AC20,AA6:AA15,1)<AE18,MATCH(AC20,AA6:AA15,1)+1,MATCH(AC20,AA6:AA15,1)))} -> 10
B23: y1_n1: | C23: {=INDEX(B6:G15,MATCH(C20,A6:A15,1),MATCH(C17,B5:G5,1))} -> 3200 | O23: y1_n1: | P23: =INDEX(O6:S15,MATCH(P20,N6:N15,1),MATCH(P17,O5:S5,1)) -> 0 | AB23: y1_n1: | AC23: {=INDEX(AB6:AG15,MATCH(AC20,AA6:AA15,1),MATCH(AC17,AB5:AG5,1))} -> 4700
B24: y2_n1: | C24: {=INDEX(B6:G15,MATCH(C20,A6:A15,1),IF(MATCH(C17,B5:G5,1)<E19,MATCH(C17,B5:G5,1)+1,MATCH(C20,A6:A15,1)))} -> 3400 | O24: y2_n1: | P24: =INDEX(O6:S15,MATCH(P20,N6:N15,1),IF(MATCH(P17,O5:S5,1)<R19,MATCH(P17,O5:S5,1)+1,MATCH(P20,N6:N15,1))) -> 0 | AB24: y2_n1: | AC24: {=INDEX(AB6:AG15,MATCH(AC20,AA6:AA15,1),IF(MATCH(AC17,AB5:AG5,1)<AE19,MATCH(AC17,AB5:AG5,1)+1,MATCH(AC20,AA6:AA15,1)))} -> 5000
B25: y1_n2: | C25: {=INDEX(B6:G15,IF(MATCH(C20,A6:A15,1)<E18,MATCH(C20,A6:A15,1)+1,MATCH(C20,A6:A15,1)),MATCH(C17,B5:G5,1))} -> 3370 | O25: y1_n2: | P25: =INDEX(O6:S15,IF(MATCH(P20,N6:N15,1)<R18,MATCH(P20,N6:N15,1)+1,MATCH(P20,N6:N15,1)),MATCH(P17,O5:S5,1)) -> 0 | AB25: y1_n2: | AC25: {=INDEX(AB6:AG15,IF(MATCH(AC20,AA6:AA15,1)<AE18,MATCH(AC20,AA6:AA15,1)+1,MATCH(AC20,AA6:AA15,1)),MATCH(AC17,AB5:AG5,1))} -> 5000
B26: y2_n2: | C26: {=INDEX(B6:G15,IF(MATCH(C20,A6:A15,1)<E18,MATCH(C20,A6:A15,1)+1,MATCH(C20,A6:A15,1)),IF(MATCH(C17,B5:G5,1)<E19,MATCH(C17,B5:G5,1)+1,MATCH(C17,B5:G5,1)))} -> 3600 | O26: y2_n2: | P26: =INDEX(O6:S15,IF(MATCH(P20,N6:N15,1)<R18,MATCH(P20,N6:N15,1)+1,MATCH(P20,N6:N15,1)),IF(MATCH(P17,O5:S5,1)<R19,MATCH(P17,O5:S5,1)+1,MATCH(P17,O5:S5,1))) -> 0 | AB26: y2_n2: | AC26: {=INDEX(AB6:AG15,IF(MATCH(AC20,AA6:AA15,1)<AE18,MATCH(AC20,AA6:AA15,1)+1,MATCH(AC20,AA6:AA15,1)),IF(MATCH(AC17,AB5:AG5,1)<AE19,MATCH(AC17,AB5:AG5,1)+1,MATCH(AC17,AB5:AG5,1)))} -> 5300
B27: y_n1: | C27: =IFERROR(C23+(C17-C18)*(C24-C23)/(C19-C18),C23) -> 3240 | O27: y_n1: | P27: =IFERROR(P23+(P17-P18)*(P24-P23)/(P19-P18),P23) -> 0 | AB27: y_n1: | AC27: =IFERROR(AC23+(AC17-AC18)*(AC24-AC23)/(AC19-AC18),AC23) -> 4760
B28: y_n2: | C28: =IFERROR(C25+(C17-C18)*(C26-C25)/(C19-C18),C25) -> 3416 | O28: y_n2: | P28: =IFERROR(P25+(P17-P18)*(P26-P25)/(P19-P18),P25) -> 0 | AB28: y_n2: | AC28: =IFERROR(AC25+(AC17-AC18)*(AC26-AC25)/(AC19-AC18),AC25) -> 5060
B29: Distance | C29: =IFERROR(C27+(C20-C21)*(C28-C27)/(C22-C21),C27) -> 3240 | O29: Distance | P29: =IFERROR(P27+(P20-P21)*(P28-P27)/(P22-P21),P27) -> 0 | AB29: Distance | AC29: =IFERROR(AC27+(AC20-AC21)*(AC28-AC27)/(AC22-AC21),AC27) -> 4760
B31: Vikt | O31: Vikt | AB31: Vikt
A32: % | B32: 2000 | C32: 3000 | D32: 4000 | E32: 5000 | F32: 6000 | G32: 7000 | H32: 8000 | P32: % | Q32: 2000 | R32: 3000 | S32: 4000 | T32: 4500 | AD32: % | AE32: 4200 | AF32: 6400 | AG32: 8400 | AH32: 10400 | AI32: 11000
A33: 9000 | B33: 1200 | C33: 1760 | D33: 2200 | E33: 2600 | F33: 3000 | G33: 3400 | H33: 99999 | P33: 10000 | T33: 99999 | AD33: 9000 | AE33: 2400 | AF33: 3100 | AG33: 3700 | AH33: 4300 | AI33: 99999
A34: 9500 | B34: 1250 | C34: 1800 | D34: 2400 | E34: 2800 | F34: 3200 | G34: 3600 | H34: 99999 | P34: 11000 | T34: 99999 | AD34: 9500 | AE34: 2500 | AF34: 3400 | AG34: 4150 | AH34: 4800 | AI34: 99999
A35: 10000 | B35: 1300 | C35: 2000 | D35: 2600 | E35: 3100 | F35: 3600 | G35: 4000 | H35: 99999 | P35: 12000 | T35: 99999 | AD35: 10000 | AE35: 2700 | AF35: 3700 | AG35: 4600 | AH35: 5400 | AI35: 99999
A36: 10500 | B36: 1400 | C36: 2200 | D36: 2820 | E36: 3400 | F36: 3900 | G36: 4400 | H36: 99999 | P36: 13000 | T36: 99999 | AD36: 10500 | AE36: 3000 | AF36: 4150 | AG36: 5200 | AH36: 6000 | AI36: 99999
A37: 11000 | B37: 1600 | C37: 2350 | D37: 3200 | E37: 3700 | F37: 4400 | G37: 4900 | H37: 99999 | P37: 14000 | T37: 99999 | AD37: 11000 | AE37: 3200 | AF37: 4600 | AG37: 5800 | AH37: 6800 | AI37: 99999
A38: 11500 | B38: 1700 | C38: 2600 | D38: 3400 | E38: 4100 | F38: 4800 | G38: 5450 | H38: 99999 | P38: 15000 | T38: 99999 | AD38: 11500 | AE38: 3600 | AF38: 5150 | AG38: 6500 | AH38: 7800 | AI38: 99999
A39: 12000 | B39: 1810 | C39: 2780 | D39: 3700 | E39: 4500 | F39: 5400 | G39: 6200 | H39: 99999 | P39: 16000 | T39: 99999 | AD39: 12000 | AE39: 3900 | AF39: 5700 | AG39: 7350 | AH39: 9000 | AI39: 99999
A40: 12500 | B40: 2000 | C40: 3000 | D40: 4000 | E40: 5000 | F40: 6000 | G40: 7000 | H40: 99999 | P40: 16600 | T40: 99999 | AD40: 12500 | AE40: 4200 | AF40: 6400 | AG40: 8400 | AH40: 10400 | AI40: 99999
A41: 12600 | B41: 99999 | C41: 99999 | D41: 99999 | E41: 99999 | F41: 99999 | G41: 99999 | H41: 99999 | P41: 16700 | Q41: 99999 | R41: 99999 | S41: 99999 | T41: 99999 | AD41: 12600 | AE41: 99999 | AF41: 99999 | AG41: 99999 | AH41: 99999 | AI41: 99999
B43: x_n: | C43: =C29 -> 3240 | D43: Table size | O43: x_n: | P43: =P29 -> 0 | Q43: Table size | AB43: x_n: | AC43: =AC29 -> 4760 | AD43: Table size
B44: x1_n: | C44: {=INDEX(B32:H32,MATCH(C43,B32:H32,1))} -> 3000 | D44: Rows: | E44: =MATCH(MAX(A33:A41),A33:A41,1) -> 9 | O44: x1_n: | P44: {=INDEX(Q32:T32,MATCH(P43,Q32:T32,1))} -> #N/A | Q44: Rows: | R44: =MATCH(MAX(P33:P41),P33:P41,1) -> 9 | AB44: x1_n: | AC44: {=INDEX(AE32:AI32,MATCH(AC43,AE32:AI32,1))} -> 4200 | AD44: Rows: | AE44: =MATCH(MAX(AD33:AD41),AD33:AD41,1) -> 9
B45: x2_n: | C45: {=INDEX(B32:H32,IF(MATCH(C43,B32:H32,1)<E45,MATCH(C43,B32:H32,1)+1,MATCH(C43,B32:H32,1)))} -> 4000 | D45: Columns: | E45: =MATCH(MAX(B32:H32),B32:H32,0) -> 7 | O45: x2_n: | P45: {=INDEX(Q32:T32,IF(MATCH(P43,Q32:T32,1)<R45,MATCH(P43,Q32:T32,1)+1,MATCH(P43,Q32:T32,1)))} -> #N/A | Q45: Columns: | R45: =MATCH(MAX(Q32:T32),Q32:T32,0) -> 4 | AB45: x2_n: | AC45: {=INDEX(AE32:AI32,IF(MATCH(AC43,AE32:AI32,1)<AE45,MATCH(AC43,AE32:AI32,1)+1,MATCH(AC43,AE32:AI32,1)))} -> 6400 | AD45: Columns: | AE45: =MATCH(MAX(AE32:AI32),AE32:AI32,0) -> 5
B46: y_n: | C46: ='Take-off'!$C$14 -> 9000 | O46: y_n: | P46: ='Take-off'!$C$14 -> 9000 | AB46: y_n: | AC46: ='Take-off'!$C$14 -> 9000
B47: n1: | C47: {=INDEX(A33:A41,MATCH(C46,A33:A41,1))} -> 9000 | O47: n1: | P47: {=INDEX(P33:P41,MATCH(P46,P33:P41,1))} -> #N/A | AB47: n1: | AC47: {=INDEX(AD33:AD41,MATCH(AC46,AD33:AD41,1))} -> 9000
B48: n2: | C48: {=INDEX(A33:A41,IF(MATCH(C46,A33:A41,1)<E44,MATCH(C46,A33:A41,1)+1,MATCH(C46,A33:A41,1)))} -> 9500 | O48: n2: | P48: {=INDEX(P33:P41,IF(MATCH(P46,P33:P41,1)<R44,MATCH(P46,P33:P41,1)+1,MATCH(P46,P33:P41,1)))} -> #N/A | AB48: n2: | AC48: {=INDEX(AD33:AD41,IF(MATCH(AC46,AD33:AD41,1)<AE44,MATCH(AC46,AD33:AD41,1)+1,MATCH(AC46,AD33:AD41,1)))} -> 9500
B49: y1_n1: | C49: {=INDEX(B33:H41,MATCH(C46,A33:A41,1),MATCH(C43,B32:H32,1))} -> 1760 | O49: y1_n1: | P49: {=INDEX(Q33:T41,MATCH(P46,P33:P41,1),MATCH(P43,Q32:T32,1))} -> #N/A | AB49: y1_n1: | AC49: {=INDEX(AE33:AI41,MATCH(AC46,AD33:AD41,1),MATCH(AC43,AE32:AI32,1))} -> 2400
B50: y2_n1: | C50: {=INDEX(B33:H41,MATCH(C46,A33:A41,1),IF(MATCH(C43,B32:H32,1)<E45,MATCH(C43,B32:H32,1)+1,MATCH(C46,A33:A41,1)))} -> 2200 | O50: y2_n1: | P50: {=INDEX(Q33:T41,MATCH(P46,P33:P41,1),IF(MATCH(P43,Q32:T32,1)<R45,MATCH(P43,Q32:T32,1)+1,MATCH(P46,P33:P41,1)))} -> #N/A | AB50: y2_n1: | AC50: {=INDEX(AE33:AI41,MATCH(AC46,AD33:AD41,1),IF(MATCH(AC43,AE32:AI32,1)<AE45,MATCH(AC43,AE32:AI32,1)+1,MATCH(AC46,AD33:AD41,1)))} -> 3100
B51: y1_n2: | C51: {=INDEX(B33:H41,IF(MATCH(C46,A33:A41,1)<E44,MATCH(C46,A33:A41,1)+1,MATCH(C46,A33:A41,1)),MATCH(C43,B32:H32,1))} -> 1800 | O51: y1_n2: | P51: {=INDEX(Q33:T41,IF(MATCH(P46,P33:P41,1)<R44,MATCH(P46,P33:P41,1)+1,MATCH(P46,P33:P41,1)),MATCH(P43,Q32:T32,1))} -> #N/A | AB51: y1_n2: | AC51: {=INDEX(AE33:AI41,IF(MATCH(AC46,AD33:AD41,1)<AE44,MATCH(AC46,AD33:AD41,1)+1,MATCH(AC46,AD33:AD41,1)),MATCH(AC43,AE32:AI32,1))} -> 2500
B52: y2_n2: | C52: {=INDEX(B33:H41,IF(MATCH(C46,A33:A41,1)<E44,MATCH(C46,A33:A41,1)+1,MATCH(C46,A33:A41,1)),IF(MATCH(C43,B32:H32,1)<E45,MATCH(C43,B32:H32,1)+1,MATCH(C43,B32:H32,1)))} -> 2400 | O52: y2_n2: | P52: {=INDEX(Q33:T41,IF(MATCH(P46,P33:P41,1)<R44,MATCH(P46,P33:P41,1)+1,MATCH(P46,P33:P41,1)),IF(MATCH(P43,Q32:T32,1)<R45,MATCH(P43,Q32:T32,1)+1,MATCH(P43,Q32:T32,1)))} -> #N/A | AB52: y2_n2: | AC52: {=INDEX(AE33:AI41,IF(MATCH(AC46,AD33:AD41,1)<AE44,MATCH(AC46,AD33:AD41,1)+1,MATCH(AC46,AD33:AD41,1)),IF(MATCH(AC43,AE32:AI32,1)<AE45,MATCH(AC43,AE32:AI32,1)+1,MATCH(AC43,AE32:AI32,1)))} -> 3400
B53: y_n1: | C53: =IFERROR(C49+(C43-C44)*(C50-C49)/(C45-C44),C49) -> 1865.6 | O53: y_n1: | P53: =IFERROR(P49+(P43-P44)*(P50-P49)/(P45-P44),P49) -> #N/A | AB53: y_n1: | AC53: =IFERROR(AC49+(AC43-AC44)*(AC50-AC49)/(AC45-AC44),AC49) -> 2578.1818
B54: y_n2: | C54: =IFERROR(C51+(C43-C44)*(C52-C51)/(C45-C44),C51) -> 1944 | O54: y_n2: | P54: =IFERROR(P51+(P43-P44)*(P52-P51)/(P45-P44),P51) -> #N/A | AB54: y_n2: | AC54: =IFERROR(AC51+(AC43-AC44)*(AC52-AC51)/(AC45-AC44),AC51) -> 2729.0909
B55: Distance | C55: =IFERROR(C53+(C46-C47)*(C54-C53)/(C48-C47),C53) -> 1865.6 | O55: Distance | P55: =IFERROR(P53+(P46-P47)*(P54-P53)/(P48-P47),P53) -> #N/A | AB55: Distance | AC55: =IFERROR(AC53+(AC46-AC47)*(AC54-AC53)/(AC48-AC47),AC53) -> 2578.1818
B57: Vind | O57: Vind | AB57: Vind
A58: Kt | B58: 2000 | C58: 3000 | D58: 4000 | E58: 5000 | F58: 6000 | G58: 7000 | H58: 8000 | I58: 9000 | N58: Kt | O58: 2000 | P58: 3000 | Q58: 4000 | R58: 5000 | S58: 6000 | T58: 7000 | U58: 8000 | V58: 9000 | W58: 10000 | AB58: Kt | AC58: 2400 | AD58: 3400 | AE58: 4400 | AF58: 5600 | AG58: 6600 | AH58: 7600 | AI58: 8700 | AJ58: 9800 | AK58: 10800 | AL58: 11000
A59: -10 | B59: 2200 | C59: 3200 | D59: 4350 | E59: 5400 | F59: 6450 | G59: 7500 | H59: 8500 | I59: 99999 | N59: -10 | W59: 99999 | AB59: -10 | AC59: 2800 | AD59: 4000 | AE59: 5200 | AF59: 6400 | AG59: 7500 | AH59: 8900 | AI59: 10200 | AJ59: 11300 | AK59: 12400 | AL59: 99999
A60: 0 | B60: 2000 | C60: 3000 | D60: 4000 | E60: 5000 | F60: 6000 | G60: 7000 | H60: 8000 | I60: 99999 | N60: 0 | W60: 99999 | AB60: 0 | AC60: 2400 | AD60: 3400 | AE60: 4400 | AF60: 5600 | AG60: 6600 | AH60: 7600 | AI60: 8700 | AJ60: 9800 | AK60: 10800 | AL60: 99999
A61: 30 | B61: 1800 | C61: 2800 | D61: 3700 | E61: 4700 | F61: 5600 | G61: 6600 | H61: 7400 | I61: 99999 | N61: 30 | W61: 99999 | AB61: 30 | AC61: 2000 | AD61: 2800 | AE61: 3700 | AF61: 4600 | AG61: 5500 | AH61: 6400 | AI61: 7200 | AJ61: 8250 | AK61: 9200 | AL61: 99999
B63: x_n: | C63: =MAX(C55,B58) -> 2000 | D63: Table size | O63: x_n: | P63: =P55 -> #N/A | Q63: Table size | AC63: x_n: | AD63: =AC55 -> 2578.1818 | AE63: Table size
B64: x1_n: | C64: {=INDEX(B58:I58,MATCH(C63,B58:I58,1))} -> 2000 | D64: Rows: | E64: =MATCH(MAX(A59:A61),A59:A61,1) -> 3 | O64: x1_n: | P64: {=INDEX(O58:W58,MATCH(P63,O58:W58,1))} -> #N/A | Q64: Rows: | R64: =MATCH(MAX(N59:N61),N59:N61,1) -> 3 | AC64: x1_n: | AD64: {=INDEX(AC58:AL58,MATCH(AD63,AC58:AL58,1))} -> 2400 | AE64: Rows: | AF64: =MATCH(MAX(AB59:AB61),AB59:AB61,1) -> 3
B65: x2_n: | C65: {=INDEX(B58:I58,IF(MATCH(C63,B58:I58,1)<E65,MATCH(C63,B58:I58,1)+1,MATCH(C63,B58:I58,1)))} -> 3000 | D65: Columns: | E65: =MATCH(MAX(B58:I58),B58:I58,0) -> 8 | O65: x2_n: | P65: {=INDEX(O58:W58,IF(MATCH(P63,O58:W58,1)<R65,MATCH(P63,O58:W58,1)+1,MATCH(P63,O58:W58,1)))} -> #N/A | Q65: Columns: | R65: =MATCH(MAX(O58:W58),O58:W58,0) -> 9 | AC65: x2_n: | AD65: {=INDEX(AC58:AL58,IF(MATCH(AD63,AC58:AL58,1)<AF65,MATCH(AD63,AC58:AL58,1)+1,MATCH(AD63,AC58:AL58,1)))} -> 3400 | AE65: Columns: | AF65: =MATCH(MAX(AC58:AL58),AC58:AL58,0) -> 10
B66: y_n: | C66: ='Take-off'!$C$24 -> 0 | O66: y_n: | P66: ='Take-off'!$C$24 -> 0 | AC66: y_n: | AD66: ='Take-off'!$C$24 -> 0
B67: n1: | C67: {=INDEX(A59:A61,MATCH(C66,A59:A61,1))} -> 0 | O67: n1: | P67: {=INDEX(N59:N61,MATCH(P66,N59:N61,1))} -> 0 | AC67: n1: | AD67: {=INDEX(AB59:AB61,MATCH(AD66,AB59:AB61,1))} -> 0
B68: n2: | C68: {=INDEX(A59:A61,IF(MATCH(C66,A59:A61,1)<E64,MATCH(C66,A59:A61,1)+1,MATCH(C66,A59:A61,1)))} -> 30 | O68: n2: | P68: {=INDEX(N59:N61,IF(MATCH(P66,N59:N61,1)<R64,MATCH(P66,N59:N61,1)+1,MATCH(P66,N59:N61,1)))} -> 30 | AC68: n2: | AD68: {=INDEX(AB59:AB61,IF(MATCH(AD66,AB59:AB61,1)<AF64,MATCH(AD66,AB59:AB61,1)+1,MATCH(AD66,AB59:AB61,1)))} -> 30
B69: y1_n1: | C69: {=INDEX(B59:I61,MATCH(C66,A59:A61,1),MATCH(C63,B58:I58,1))} -> 2000 | O69: y1_n1: | P69: {=INDEX(O59:W61,MATCH(P66,N59:N61,1),MATCH(P63,O58:W58,1))} -> #N/A | AC69: y1_n1: | AD69: {=INDEX(AC59:AL61,MATCH(AD66,AB59:AB61,1),MATCH(AD63,AC58:AL58,1))} -> 2400
B70: y2_n1: | C70: {=INDEX(B59:I61,MATCH(C66,A59:A61,1),IF(MATCH(C63,B58:I58,1)<E65,MATCH(C63,B58:I58,1)+1,MATCH(C66,A59:A61,1)))} -> 3000 | O70: y2_n1: | P70: {=INDEX(O59:W61,MATCH(P66,N59:N61,1),IF(MATCH(P63,O58:W58,1)<R65,MATCH(P63,O58:W58,1)+1,MATCH(P66,N59:N61,1)))} -> #N/A | AC70: y2_n1: | AD70: {=INDEX(AC59:AL61,MATCH(AD66,AB59:AB61,1),IF(MATCH(AD63,AC58:AL58,1)<AF65,MATCH(AD63,AC58:AL58,1)+1,MATCH(AD66,AB59:AB61,1)))} -> 3400
B71: y1_n2: | C71: {=INDEX(B59:I61,IF(MATCH(C66,A59:A61,1)<E64,MATCH(C66,A59:A61,1)+1,MATCH(C66,A59:A61,1)),MATCH(C63,B58:I58,1))} -> 1800 | O71: y1_n2: | P71: {=INDEX(O59:W61,IF(MATCH(P66,N59:N61,1)<R64,MATCH(P66,N59:N61,1)+1,MATCH(P66,N59:N61,1)),MATCH(P63,O58:W58,1))} -> #N/A | AC71: y1_n2: | AD71: {=INDEX(AC59:AL61,IF(MATCH(AD66,AB59:AB61,1)<AF64,MATCH(AD66,AB59:AB61,1)+1,MATCH(AD66,AB59:AB61,1)),MATCH(AD63,AC58:AL58,1))} -> 2000
B72: y2_n2: | C72: {=INDEX(B59:I61,IF(MATCH(C66,A59:A61,1)<E64,MATCH(C66,A59:A61,1)+1,MATCH(C66,A59:A61,1)),IF(MATCH(C63,B58:I58,1)<E65,MATCH(C63,B58:I58,1)+1,MATCH(C63,B58:I58,1)))} -> 2800 | O72: y2_n2: | P72: {=INDEX(O59:W61,IF(MATCH(P66,N59:N61,1)<R64,MATCH(P66,N59:N61,1)+1,MATCH(P66,N59:N61,1)),IF(MATCH(P63,O58:W58,1)<R65,MATCH(P63,O58:W58,1)+1,MATCH(P63,O58:W58,1)))} -> #N/A | AC72: y2_n2: | AD72: {=INDEX(AC59:AL61,IF(MATCH(AD66,AB59:AB61,1)<AF64,MATCH(AD66,AB59:AB61,1)+1,MATCH(AD66,AB59:AB61,1)),IF(MATCH(AD63,AC58:AL58,1)<AF65,MATCH(AD63,AC58:AL58,1)+1,MATCH(AD63,AC58:AL58,1)))} -> 2800
B73: y_n1: | C73: =IFERROR(C69+(C63-C64)*(C70-C69)/(C65-C64),C69) -> 2000 | O73: y_n1: | P73: =IFERROR(P69+(P63-P64)*(P70-P69)/(P65-P64),P69) -> #N/A | AC73: y_n1: | AD73: =IFERROR(AD69+(AD63-AD64)*(AD70-AD69)/(AD65-AD64),AD69) -> 2578.1818
B74: y_n2: | C74: =IFERROR(C71+(C63-C64)*(C72-C71)/(C65-C64),C71) -> 1800 | O74: y_n2: | P74: =IFERROR(P71+(P63-P64)*(P72-P71)/(P65-P64),P71) -> #N/A | AC74: y_n2: | AD74: =IFERROR(AD71+(AD63-AD64)*(AD72-AD71)/(AD65-AD64),AD71) -> 2142.5455
B75: Distance | C75: =IFERROR(C73+(C66-C67)*(C74-C73)/(C68-C67),C73) -> 2000 | O75: Distance | P75: =IFERROR(P73+(P66-P67)*(P74-P73)/(P68-P67),P73) -> #N/A | AC75: Distance | AD75: =IFERROR(AD73+(AD66-AD67)*(AD74-AD73)/(AD68-AD67),AD73) -> 2578.1818

Sheet LTL_Accelerate and stop2
B1: Pressure Alt | C1: x_n: | D1: =IF('Take-off'!$C$9="",'Take-off'!$C$16,MAX(0,'Take-off'!$C$16+30*(1013-'Take-off'!$C$9))) -> 200
B2: Temp in calc | C2: y_n: | D2: ='Take-off'!$C$8 -> 0
B3: FLAPS UP | O3: FLAPS TAKEOFF | AB3: FLAPS APPROACH
B4: Density altitude | O4: Density altitude | AB4: Density altitude
A5: Temp/PA | B5: -500 | C5: 0 | D5: 1000 | E5: 2000 | F5: 3000 | G5: 4000 | N5: Temp/PA | O5: 0 | P5: 1000 | Q5: 2000 | R5: 3000 | S5: 4000 | AA5: Temp/PA | AB5: -500 | AC5: 0 | AD5: 1000 | AE5: 2000 | AF5: 3000 | AG5: 4000
A6: -40 | B6: 2800 | C6: 2800 | D6: 2900 | E6: 3000 | F6: 3120 | G6: 99999 | N6: -30 | S6: 99999 | AA6: -40 | AB6: 3000 | AC6: 3000 | AD6: 3100 | AE6: 3200 | AF6: 3350 | AG6: 99999
A7: -30 | B7: 2800 | C7: 2800 | D7: 2900 | E7: 3000 | F7: 3120 | G7: 99999 | AA7: -30 | AB7: 3000 | AC7: 3000 | AD7: 3100 | AE7: 3200 | AF7: 3350 | AG7: 99999
A8: -20 | B8: 2800 | C8: 2800 | D8: 2900 | E8: 3050 | F8: 3200 | G8: 99999 | N8: -20 | S8: 99999 | AA8: -20 | AB8: 3000 | AC8: 3000 | AD8: 3100 | AE8: 3200 | AF8: 3350 | AG8: 99999
A9: -10 | B9: 2900 | C9: 2900 | D9: 3100 | E9: 3200 | F9: 3310 | G9: 99999 | N9: -10 | S9: 99999 | AA9: -10 | AB9: 3050 | AC9: 3050 | AD9: 3200 | AE9: 3300 | AF9: 3450 | AG9: 99999
A10: 0 | B10: 3075 | C10: 3075 | D10: 3200 | E10: 3300 | F10: 3490 | G10: 99999 | N10: 0 | S10: 99999 | AA10: 0 | AB10: 3200 | AC10: 3200 | AD10: 3350 | AE10: 3500 | AF10: 3600 | AG10: 99999
A11: 10 | B11: 3200 | C11: 3200 | D11: 3350 | E11: 3450 | F11: 3650 | G11: 99999 | N11: 10 | S11: 99999 | AA11: 10 | AB11: 3350 | AC11: 3350 | AD11: 3450 | AE11: 3600 | AF11: 3800 | AG11: 99999
A12: 20 | B12: 3300 | C12: 3300 | D12: 3480 | E12: 3600 | F12: 3800 | G12: 99999 | N12: 20 | S12: 99999 | AA12: 20 | AB12: 3450 | AC12: 3450 | AD12: 3650 | AE12: 3800 | AF12: 4000 | AG12: 99999
A13: 30 | B13: 3450 | C13: 3450 | D13: 3650 | E13: 3800 | F13: 4050 | G13: 99999 | AA13: 30 | AB13: 3600 | AC13: 3600 | AD13: 3800 | AE13: 3950 | AF13: 4250 | AG13: 99999
A14: 40 | B14: 3650 | C14: 3650 | D14: 3850 | E14: 4100 | F14: 4350 | G14: 99999 | N14: 30 | S14: 99999 | AA14: 40 | AB14: 3850 | AC14: 3850 | AD14: 4050 | AE14: 4250 | AF14: 4500 | AG14: 99999
A15: 45 | B15: 99999 | C15: 99999 | D15: 99999 | E15: 99999 | F15: 99999 | G15: 99999 | N15: 35 | O15: 99999 | P15: 99999 | Q15: 99999 | R15: 99999 | S15: 99999 | AA15: 45 | AB15: 99999 | AC15: 99999 | AD15: 99999 | AE15: 99999 | AF15: 99999 | AG15: 99999
B17: x_n: | C17: =D1 -> 200 | D17: Table size | O17: x_n: | P17: =D1 -> 200 | Q17: Table size | AB17: x_n: | AC17: =D1 -> 200 | AD17: Table size
B18: x1_n: | C18: {=INDEX(B5:G5,MATCH(C17,B5:G5,1))} -> 0 | D18: Rows: | E18: =MATCH(MAX(A6:A15),A6:A15,1) -> 10 | O18: x1_n: | P18: {=INDEX(O5:S5,MATCH(P17,O5:S5,1))} -> 0 | Q18: Rows: | R18: =MATCH(MAX(N6:N15),N6:N15,1) -> 10 | AB18: x1_n: | AC18: {=INDEX(AB5:AG5,MATCH(AC17,AB5:AG5,1))} -> 0 | AD18: Rows: | AE18: =MATCH(MAX(AA6:AA15),AA6:AA15,1) -> 10
B19: x2_n: | C19: {=INDEX(B5:G5,IF(MATCH(C17,B5:G5,1)<E19,MATCH(C17,B5:G5,1)+1,MATCH(C17,B5:G5,1)))} -> 1000 | D19: Columns: | E19: =MATCH(MAX(B5:G5),B5:G5,0) -> 6 | O19: x2_n: | P19: {=INDEX(O5:S5,IF(MATCH(P17,O5:S5,1)<R19,MATCH(P17,O5:S5,1)+1,MATCH(P17,O5:S5,1)))} -> 1000 | Q19: Columns: | R19: =MATCH(MAX(O5:S5),O5:S5,0) -> 5 | AB19: x2_n: | AC19: {=INDEX(AB5:AG5,IF(MATCH(AC17,AB5:AG5,1)<AE19,MATCH(AC17,AB5:AG5,1)+1,MATCH(AC17,AB5:AG5,1)))} -> 1000 | AD19: Columns: | AE19: =MATCH(MAX(AB5:AG5),AB5:AG5,0) -> 6
B20: y_n: | C20: =D2 -> 0 | O20: y_n: | P20: =D2 -> 0 | AB20: y_n: | AC20: =D2 -> 0
B21: n1: | C21: {=INDEX(A6:A15,MATCH(C20,A6:A15,1))} -> 0 | O21: n1: | P21: {=INDEX(N6:N15,MATCH(P20,N6:N15,1))} -> 0 | AB21: n1: | AC21: {=INDEX(AA6:AA15,MATCH(AC20,AA6:AA15,1))} -> 0
B22: n2: | C22: {=INDEX(A6:A15,IF(MATCH(C20,A6:A15,1)<E18,MATCH(C20,A6:A15,1)+1,MATCH(C20,A6:A15,1)))} -> 10 | O22: n2: | P22: {=INDEX(N6:N15,IF(MATCH(P20,N6:N15,1)<R18,MATCH(P20,N6:N15,1)+1,MATCH(P20,N6:N15,1)))} -> 10 | AB22: n2: | AC22: {=INDEX(AA6:AA15,IF(MATCH(AC20,AA6:AA15,1)<AE18,MATCH(AC20,AA6:AA15,1)+1,MATCH(AC20,AA6:AA15,1)))} -> 10
B23: y1_n1: | C23: {=INDEX(B6:G15,MATCH(C20,A6:A15,1),MATCH(C17,B5:G5,1))} -> 3075 | O23: y1_n1: | P23: =INDEX(O6:S15,MATCH(P20,N6:N15,1),MATCH(P17,O5:S5,1)) -> 0 | AB23: y1_n1: | AC23: {=INDEX(AB6:AG15,MATCH(AC20,AA6:AA15,1),MATCH(AC17,AB5:AG5,1))} -> 3200
B24: y2_n1: | C24: {=INDEX(B6:G15,MATCH(C20,A6:A15,1),IF(MATCH(C17,B5:G5,1)<E19,MATCH(C17,B5:G5,1)+1,MATCH(C20,A6:A15,1)))} -> 3200 | O24: y2_n1: | P24: =INDEX(O6:S15,MATCH(P20,N6:N15,1),IF(MATCH(P17,O5:S5,1)<R19,MATCH(P17,O5:S5,1)+1,MATCH(P20,N6:N15,1))) -> 0 | AB24: y2_n1: | AC24: {=INDEX(AB6:AG15,MATCH(AC20,AA6:AA15,1),IF(MATCH(AC17,AB5:AG5,1)<AE19,MATCH(AC17,AB5:AG5,1)+1,MATCH(AC20,AA6:AA15,1)))} -> 3350
B25: y1_n2: | C25: {=INDEX(B6:G15,IF(MATCH(C20,A6:A15,1)<E18,MATCH(C20,A6:A15,1)+1,MATCH(C20,A6:A15,1)),MATCH(C17,B5:G5,1))} -> 3200 | O25: y1_n2: | P25: =INDEX(O6:S15,IF(MATCH(P20,N6:N15,1)<R18,MATCH(P20,N6:N15,1)+1,MATCH(P20,N6:N15,1)),MATCH(P17,O5:S5,1)) -> 0 | AB25: y1_n2: | AC25: {=INDEX(AB6:AG15,IF(MATCH(AC20,AA6:AA15,1)<AE18,MATCH(AC20,AA6:AA15,1)+1,MATCH(AC20,AA6:AA15,1)),MATCH(AC17,AB5:AG5,1))} -> 3350
B26: y2_n2: | C26: {=INDEX(B6:G15,IF(MATCH(C20,A6:A15,1)<E18,MATCH(C20,A6:A15,1)+1,MATCH(C20,A6:A15,1)),IF(MATCH(C17,B5:G5,1)<E19,MATCH(C17,B5:G5,1)+1,MATCH(C17,B5:G5,1)))} -> 3350 | O26: y2_n2: | P26: =INDEX(O6:S15,IF(MATCH(P20,N6:N15,1)<R18,MATCH(P20,N6:N15,1)+1,MATCH(P20,N6:N15,1)),IF(MATCH(P17,O5:S5,1)<R19,MATCH(P17,O5:S5,1)+1,MATCH(P17,O5:S5,1))) -> 0 | AB26: y2_n2: | AC26: {=INDEX(AB6:AG15,IF(MATCH(AC20,AA6:AA15,1)<AE18,MATCH(AC20,AA6:AA15,1)+1,MATCH(AC20,AA6:AA15,1)),IF(MATCH(AC17,AB5:AG5,1)<AE19,MATCH(AC17,AB5:AG5,1)+1,MATCH(AC17,AB5:AG5,1)))} -> 3450
B27: y_n1: | C27: =IFERROR(C23+(C17-C18)*(C24-C23)/(C19-C18),C23) -> 3100 | O27: y_n1: | P27: =IFERROR(P23+(P17-P18)*(P24-P23)/(P19-P18),P23) -> 0 | AB27: y_n1: | AC27: =IFERROR(AC23+(AC17-AC18)*(AC24-AC23)/(AC19-AC18),AC23) -> 3230
B28: y_n2: | C28: =IFERROR(C25+(C17-C18)*(C26-C25)/(C19-C18),C25) -> 3230 | O28: y_n2: | P28: =IFERROR(P25+(P17-P18)*(P26-P25)/(P19-P18),P25) -> 0 | AB28: y_n2: | AC28: =IFERROR(AC25+(AC17-AC18)*(AC26-AC25)/(AC19-AC18),AC25) -> 3370
B29: Distance | C29: =IFERROR(C27+(C20-C21)*(C28-C27)/(C22-C21),C27) -> 3100 | O29: Distance | P29: =IFERROR(P27+(P20-P21)*(P28-P27)/(P22-P21),P27) -> 0 | AB29: Distance | AC29: =IFERROR(AC27+(AC20-AC21)*(AC28-AC27)/(AC22-AC21),AC27) -> 3230
B31: Vikt | O31: Vikt | AB31: Vikt
A32: % | B32: 2500 | C32: 3000 | D32: 3500 | E32: 4000 | F32: 4500 | G32: 5000 | N32: % | O32: 3600 | P32: 4300 | Q32: 5000 | R32: 5700 | S32: 6000 | AA32: % | AB32: 3000 | AC32: 3450 | AD32: 3900 | AE32: 4350 | AF32: 5000
A33: 9000 | B33: 2200 | C33: 2700 | D33: 3050 | E33: 3400 | F33: 3900 | G33: 99999 | N33: 10000 | S33: 99999 | AA33: 9000 | AB33: 2650 | AC33: 3000 | AD33: 3350 | AE33: 3700 | AF33: 99999
A34: 9500 | B34: 2250 | C34: 2750 | D34: 3110 | E34: 3500 | F34: 3950 | G34: 99999 | N34: 11000 | S34: 99999 | AA34: 9500 | AB34: 2700 | AC34: 3050 | AD34: 3400 | AE34: 3770 | AF34: 99999
A35: 10000 | B35: 2290 | C35: 2780 | D35: 3190 | E35: 3600 | F35: 4000 | G35: 99999 | N35: 12000 | S35: 99999 | AA35: 10000 | AB35: 2710 | AC35: 3100 | AD35: 3500 | AE35: 3850 | AF35: 99999
A36: 10500 | B36: 2310 | C36: 2800 | D36: 3250 | E36: 3675 | F36: 4100 | G36: 99999 | N36: 13000 | S36: 99999 | AA36: 10500 | AB36: 2770 | AC36: 3180 | AD36: 3550 | AE36: 3950 | AF36: 99999
A37: 11000 | B37: 2375 | C37: 2850 | D37: 3300 | E37: 3750 | F37: 4200 | G37: 99999 | N37: 14000 | S37: 99999 | AA37: 11000 | AB37: 2800 | AC37: 3220 | AD37: 3650 | AE37: 4000 | AF37: 99999
A38: 11500 | B38: 2400 | C38: 2900 | D38: 3380 | E38: 3820 | F38: 4300 | G38: 99999 | N38: 15000 | S38: 99999 | AA38: 11500 | AB38: 2900 | AC38: 3300 | AD38: 3700 | AE38: 4100 | AF38: 99999
A39: 12000 | B39: 2450 | C39: 2950 | D39: 3450 | E39: 3910 | F39: 4400 | G39: 99999 | N39: 16000 | S39: 99999 | AA39: 12000 | AB39: 2950 | AC39: 3350 | AD39: 3800 | AE39: 4250 | AF39: 99999
A40: 12500 | B40: 2500 | C40: 3000 | D40: 3500 | E40: 4000 | F40: 4500 | G40: 99999 | N40: 16600 | S40: 99999 | AA40: 12500 | AB40: 3000 | AC40: 3450 | AD40: 3900 | AE40: 4350 | AF40: 99999
A41: 12600 | B41: 99999 | C41: 99999 | D41: 99999 | E41: 99999 | F41: 99999 | G41: 99999 | N41: 16700 | O41: 99999 | P41: 99999 | Q41: 99999 | R41: 99999 | S41: 99999 | AA41: 12600 | AB41: 99999 | AC41: 99999 | AD41: 99999 | AE41: 99999 | AF41: 99999
B43: x_n: | C43: =C29 -> 3100 | D43: Table size | O43: x_n: | P43: =P29 -> 0 | Q43: Table size | AB43: x_n: | AC43: =AC29 -> 3230 | AD43: Table size
B44: x1_n: | C44: {=INDEX(B32:G32,MATCH(C43,B32:G32,1))} -> 3000 | D44: Rows: | E44: =MATCH(MAX(A33:A41),A33:A41,1) -> 9 | O44: x1_n: | P44: {=INDEX(O32:S32,MATCH(P43,O32:S32,1))} -> #N/A | Q44: Rows: | R44: =MATCH(MAX(N33:N41),N33:N41,1) -> 9 | AB44: x1_n: | AC44: {=INDEX(AB32:AF32,MATCH(AC43,AB32:AF32,1))} -> 3000 | AD44: Rows: | AE44: =MATCH(MAX(AA33:AA41),AA33:AA41,1) -> 9
B45: x2_n: | C45: {=INDEX(B32:G32,IF(MATCH(C43,B32:G32,1)<E45,MATCH(C43,B32:G32,1)+1,MATCH(C43,B32:G32,1)))} -> 3500 | D45: Columns: | E45: =MATCH(MAX(B32:G32),B32:G32,0) -> 6 | O45: x2_n: | P45: {=INDEX(O32:S32,IF(MATCH(P43,O32:S32,1)<R45,MATCH(P43,O32:S32,1)+1,MATCH(P43,O32:S32,1)))} -> #N/A | Q45: Columns: | R45: =MATCH(MAX(O32:S32),O32:S32,0) -> 5 | AB45: x2_n: | AC45: {=INDEX(AB32:AF32,IF(MATCH(AC43,AB32:AF32,1)<AE45,MATCH(AC43,AB32:AF32,1)+1,MATCH(AC43,AB32:AF32,1)))} -> 3450 | AD45: Columns: | AE45: =MATCH(MAX(AB32:AF32),AB32:AF32,0) -> 5
B46: y_n: | C46: ='Take-off'!$C$14 -> 9000 | O46: y_n: | P46: ='Take-off'!$C$14 -> 9000 | AB46: y_n: | AC46: ='Take-off'!$C$14 -> 9000
B47: n1: | C47: {=INDEX(A33:A41,MATCH(C46,A33:A41,1))} -> 9000 | O47: n1: | P47: {=INDEX(N33:N41,MATCH(P46,N33:N41,1))} -> #N/A | AB47: n1: | AC47: {=INDEX(AA33:AA41,MATCH(AC46,AA33:AA41,1))} -> 9000
B48: n2: | C48: {=INDEX(A33:A41,IF(MATCH(C46,A33:A41,1)<E44,MATCH(C46,A33:A41,1)+1,MATCH(C46,A33:A41,1)))} -> 9500 | O48: n2: | P48: {=INDEX(N33:N41,IF(MATCH(P46,N33:N41,1)<R44,MATCH(P46,N33:N41,1)+1,MATCH(P46,N33:N41,1)))} -> #N/A | AB48: n2: | AC48: {=INDEX(AA33:AA41,IF(MATCH(AC46,AA33:AA41,1)<AE44,MATCH(AC46,AA33:AA41,1)+1,MATCH(AC46,AA33:AA41,1)))} -> 9500
B49: y1_n1: | C49: {=INDEX(B33:G41,MATCH(C46,A33:A41,1),MATCH(C43,B32:G32,1))} -> 2700 | O49: y1_n1: | P49: {=INDEX(O33:S41,MATCH(P46,N33:N41,1),MATCH(P43,O32:S32,1))} -> #N/A | AB49: y1_n1: | AC49: {=INDEX(AB33:AF41,MATCH(AC46,AA33:AA41,1),MATCH(AC43,AB32:AF32,1))} -> 2650
B50: y2_n1: | C50: {=INDEX(B33:G41,MATCH(C46,A33:A41,1),IF(MATCH(C43,B32:G32,1)<E45,MATCH(C43,B32:G32,1)+1,MATCH(C46,A33:A41,1)))} -> 3050 | O50: y2_n1: | P50: {=INDEX(O33:S41,MATCH(P46,N33:N41,1),IF(MATCH(P43,O32:S32,1)<R45,MATCH(P43,O32:S32,1)+1,MATCH(P46,N33:N41,1)))} -> #N/A | AB50: y2_n1: | AC50: {=INDEX(AB33:AF41,MATCH(AC46,AA33:AA41,1),IF(MATCH(AC43,AB32:AF32,1)<AE45,MATCH(AC43,AB32:AF32,1)+1,MATCH(AC46,AA33:AA41,1)))} -> 3000
B51: y1_n2: | C51: {=INDEX(B33:G41,IF(MATCH(C46,A33:A41,1)<E44,MATCH(C46,A33:A41,1)+1,MATCH(C46,A33:A41,1)),MATCH(C43,B32:G32,1))} -> 2750 | O51: y1_n2: | P51: {=INDEX(O33:S41,IF(MATCH(P46,N33:N41,1)<R44,MATCH(P46,N33:N41,1)+1,MATCH(P46,N33:N41,1)),MATCH(P43,O32:S32,1))} -> #N/A | AB51: y1_n2: | AC51: {=INDEX(AB33:AF41,IF(MATCH(AC46,AA33:AA41,1)<AE44,MATCH(AC46,AA33:AA41,1)+1,MATCH(AC46,AA33:AA41,1)),MATCH(AC43,AB32:AF32,1))} -> 2700
B52: y2_n2: | C52: {=INDEX(B33:G41,IF(MATCH(C46,A33:A41,1)<E44,MATCH(C46,A33:A41,1)+1,MATCH(C46,A33:A41,1)),IF(MATCH(C43,B32:G32,1)<E45,MATCH(C43,B32:G32,1)+1,MATCH(C43,B32:G32,1)))} -> 3110 | O52: y2_n2: | P52: {=INDEX(O33:S41,IF(MATCH(P46,N33:N41,1)<R44,MATCH(P46,N33:N41,1)+1,MATCH(P46,N33:N41,1)),IF(MATCH(P43,O32:S32,1)<R45,MATCH(P43,O32:S32,1)+1,MATCH(P43,O32:S32,1)))} -> #N/A | AB52: y2_n2: | AC52: {=INDEX(AB33:AF41,IF(MATCH(AC46,AA33:AA41,1)<AE44,MATCH(AC46,AA33:AA41,1)+1,MATCH(AC46,AA33:AA41,1)),IF(MATCH(AC43,AB32:AF32,1)<AE45,MATCH(AC43,AB32:AF32,1)+1,MATCH(AC43,AB32:AF32,1)))} -> 3050
B53: y_n1: | C53: =IFERROR(C49+(C43-C44)*(C50-C49)/(C45-C44),C49) -> 2770 | O53: y_n1: | P53: =IFERROR(P49+(P43-P44)*(P50-P49)/(P45-P44),P49) -> #N/A | AB53: y_n1: | AC53: =IFERROR(AC49+(AC43-AC44)*(AC50-AC49)/(AC45-AC44),AC49) -> 2828.8889
B54: y_n2: | C54: =IFERROR(C51+(C43-C44)*(C52-C51)/(C45-C44),C51) -> 2822 | O54: y_n2: | P54: =IFERROR(P51+(P43-P44)*(P52-P51)/(P45-P44),P51) -> #N/A | AB54: y_n2: | AC54: =IFERROR(AC51+(AC43-AC44)*(AC52-AC51)/(AC45-AC44),AC51) -> 2878.8889
B55: Distance | C55: =IFERROR(C53+(C46-C47)*(C54-C53)/(C48-C47),C53) -> 2770 | O55: Distance | P55: =IFERROR(P53+(P46-P47)*(P54-P53)/(P48-P47),P53) -> #N/A | AB55: Distance | AC55: =IFERROR(AC53+(AC46-AC47)*(AC54-AC53)/(AC48-AC47),AC53) -> 2828.8889
B57: Vind | O57: Vind | AB57: Vind
A58: Kt | B58: 2000 | C58: 2500 | D58: 3000 | E58: 3500 | F58: 4000 | G58: 4500 | H58: 5000 | N58: Kt | O58: 2400 | P58: 2800 | Q58: 3500 | R58: 4350 | S58: 5100 | T58: 5900 | U58: 6000 | AA58: Kt | AB58: 2650 | AC58: 3100 | AD58: 3600 | AE58: 4000 | AF58: 4450 | AG58: 4900 | AH58: 5400 | AI58: 5500
A59: -10 | B59: 2200 | C59: 2750 | D59: 3350 | E59: 3950 | F59: 4500 | G59: 5100 | H59: 99999 | N59: -10 | U59: 99999 | AA59: -10 | AB59: 3350 | AC59: 3900 | AD59: 4500 | AE59: 5000 | AF59: 5550 | AG59: 6100 | AH59: 6600 | AI59: 99999
A60: 0 | B60: 2000 | C60: 2500 | D60: 3000 | E60: 3500 | F60: 4000 | G60: 4500 | H60: 99999 | N60: 0 | U60: 99999 | AA60: 0 | AB60: 2650 | AC60: 3100 | AD60: 3600 | AE60: 4000 | AF60: 4450 | AG60: 4900 | AH60: 5400 | AI60: 99999
A61: 30 | B61: 1800 | C61: 2200 | D61: 2700 | E61: 3100 | F61: 3600 | G61: 4050 | H61: 99999 | N61: 30 | U61: 99999 | AA61: 30 | AB61: 1950 | AC61: 2300 | AD61: 2650 | AE61: 3000 | AF61: 3400 | AG61: 3800 | AH61: 4100 | AI61: 99999
B63: x_n: | C63: =C55 -> 2770 | D63: Table size | O63: x_n: | P63: =P55 -> #N/A | Q63: Table size | AB63: x_n: | AC63: =AC55 -> 2828.8889 | AD63: Table size
B64: x1_n: | C64: {=INDEX(B58:H58,MATCH(C63,B58:H58,1))} -> 2500 | D64: Rows: | E64: =MATCH(MAX(A59:A61),A59:A61,1) -> 3 | O64: x1_n: | P64: {=INDEX(O58:U58,MATCH(P63,O58:U58,1))} -> #N/A | Q64: Rows: | R64: =MATCH(MAX(N59:N61),N59:N61,1) -> 3 | AB64: x1_n: | AC64: {=INDEX(AB58:AI58,MATCH(AC63,AB58:AI58,1))} -> 2650 | AD64: Rows: | AE64: =MATCH(MAX(AA59:AA61),AA59:AA61,1) -> 3
B65: x2_n: | C65: {=INDEX(B58:H58,IF(MATCH(C63,B58:H58,1)<E65,MATCH(C63,B58:H58,1)+1,MATCH(C63,B58:H58,1)))} -> 3000 | D65: Columns: | E65: =MATCH(MAX(B58:H58),B58:H58,0) -> 7 | O65: x2_n: | P65: {=INDEX(O58:U58,IF(MATCH(P63,O58:U58,1)<R65,MATCH(P63,O58:U58,1)+1,MATCH(P63,O58:U58,1)))} -> #N/A | Q65: Columns: | R65: =MATCH(MAX(O58:U58),O58:U58,0) -> 7 | AB65: x2_n: | AC65: {=INDEX(AB58:AI58,IF(MATCH(AC63,AB58:AI58,1)<AE65,MATCH(AC63,AB58:AI58,1)+1,MATCH(AC63,AB58:AI58,1)))} -> 3100 | AD65: Columns: | AE65: =MATCH(MAX(AB58:AI58),AB58:AI58,0) -> 8
B66: y_n: | C66: ='Take-off'!$C$24 -> 0 | O66: y_n: | P66: ='Take-off'!$C$24 -> 0 | AB66: y_n: | AC66: ='Take-off'!$C$24 -> 0
B67: n1: | C67: {=INDEX(A59:A61,MATCH(C66,A59:A61,1))} -> 0 | O67: n1: | P67: {=INDEX(N59:N61,MATCH(P66,N59:N61,1))} -> 0 | AB67: n1: | AC67: {=INDEX(AA59:AA61,MATCH(AC66,AA59:AA61,1))} -> 0
B68: n2: | C68: {=INDEX(A59:A61,IF(MATCH(C66,A59:A61,1)<E64,MATCH(C66,A59:A61,1)+1,MATCH(C66,A59:A61,1)))} -> 30 | O68: n2: | P68: {=INDEX(N59:N61,IF(MATCH(P66,N59:N61,1)<R64,MATCH(P66,N59:N61,1)+1,MATCH(P66,N59:N61,1)))} -> 30 | AB68: n2: | AC68: {=INDEX(AA59:AA61,IF(MATCH(AC66,AA59:AA61,1)<AE64,MATCH(AC66,AA59:AA61,1)+1,MATCH(AC66,AA59:AA61,1)))} -> 30
B69: y1_n1: | C69: {=INDEX(B59:H61,MATCH(C66,A59:A61,1),MATCH(C63,B58:H58,1))} -> 2500 | O69: y1_n1: | P69: {=INDEX(O59:U61,MATCH(P66,N59:N61,1),MATCH(P63,O58:U58,1))} -> #N/A | AB69: y1_n1: | AC69: {=INDEX(AB59:AI61,MATCH(AC66,AA59:AA61,1),MATCH(AC63,AB58:AI58,1))} -> 2650
B70: y2_n1: | C70: {=INDEX(B59:H61,MATCH(C66,A59:A61,1),IF(MATCH(C63,B58:H58,1)<E65,MATCH(C63,B58:H58,1)+1,MATCH(C66,A59:A61,1)))} -> 3000 | O70: y2_n1: | P70: {=INDEX(O59:U61,MATCH(P66,N59:N61,1),IF(MATCH(P63,O58:U58,1)<R65,MATCH(P63,O58:U58,1)+1,MATCH(P66,N59:N61,1)))} -> #N/A | AB70: y2_n1: | AC70: {=INDEX(AB59:AI61,MATCH(AC66,AA59:AA61,1),IF(MATCH(AC63,AB58:AI58,1)<AE65,MATCH(AC63,AB58:AI58,1)+1,MATCH(AC66,AA59:AA61,1)))} -> 3100
B71: y1_n2: | C71: {=INDEX(B59:H61,IF(MATCH(C66,A59:A61,1)<E64,MATCH(C66,A59:A61,1)+1,MATCH(C66,A59:A61,1)),MATCH(C63,B58:H58,1))} -> 2200 | O71: y1_n2: | P71: {=INDEX(O59:U61,IF(MATCH(P66,N59:N61,1)<R64,MATCH(P66,N59:N61,1)+1,MATCH(P66,N59:N61,1)),MATCH(P63,O58:U58,1))} -> #N/A | AB71: y1_n2: | AC71: {=INDEX(AB59:AI61,IF(MATCH(AC66,AA59:AA61,1)<AE64,MATCH(AC66,AA59:AA61,1)+1,MATCH(AC66,AA59:AA61,1)),MATCH(AC63,AB58:AI58,1))} -> 1950
B72: y2_n2: | C72: {=INDEX(B59:H61,IF(MATCH(C66,A59:A61,1)<E64,MATCH(C66,A59:A61,1)+1,MATCH(C66,A59:A61,1)),IF(MATCH(C63,B58:H58,1)<E65,MATCH(C63,B58:H58,1)+1,MATCH(C63,B58:H58,1)))} -> 2700 | O72: y2_n2: | P72: {=INDEX(O59:U61,IF(MATCH(P66,N59:N61,1)<R64,MATCH(P66,N59:N61,1)+1,MATCH(P66,N59:N61,1)),IF(MATCH(P63,O58:U58,1)<R65,MATCH(P63,O58:U58,1)+1,MATCH(P63,O58:U58,1)))} -> #N/A | AB72: y2_n2: | AC72: {=INDEX(AB59:AI61,IF(MATCH(AC66,AA59:AA61,1)<AE64,MATCH(AC66,AA59:AA61,1)+1,MATCH(AC66,AA59:AA61,1)),IF(MATCH(AC63,AB58:AI58,1)<AE65,MATCH(AC63,AB58:AI58,1)+1,MATCH(AC63,AB58:AI58,1)))} -> 2300
B73: y_n1: | C73: =IFERROR(C69+(C63-C64)*(C70-C69)/(C65-C64),C69) -> 2770 | O73: y_n1: | P73: =IFERROR(P69+(P63-P64)*(P70-P69)/(P65-P64),P69) -> #N/A | AB73: y_n1: | AC73: =IFERROR(AC69+(AC63-AC64)*(AC70-AC69)/(AC65-AC64),AC69) -> 2828.8889
B74: y_n2: | C74: =IFERROR(C71+(C63-C64)*(C72-C71)/(C65-C64),C71) -> 2470 | O74: y_n2: | P74: =IFERROR(P71+(P63-P64)*(P72-P71)/(P65-P64),P71) -> #N/A | AB74: y_n2: | AC74: =IFERROR(AC71+(AC63-AC64)*(AC72-AC71)/(AC65-AC64),AC71) -> 2089.1358
B75: Distance | C75: =IFERROR(C73+(C66-C67)*(C74-C73)/(C68-C67),C73) -> 2770 | O75: Distance | P75: =IFERROR(P73+(P66-P67)*(P74-P73)/(P68-P67),P73) -> #N/A | AB75: Distance | AC75: =IFERROR(AC73+(AC66-AC67)*(AC74-AC73)/(AC68-AC67),AC73) -> 2828.8889

Sheet LTL_OEI CLIMB GRADIENT
B1: Pressure Alt | C1: x_n: | D1: =IF(Landing!$C$9="",Landing!$C$15,MAX(0,Landing!$C$15+30*(1013-Landing!$C$9))) -> 1010
B2: Temp in calc | C2: y_n: | D2: =Landing!C8 -> 13
B3: NET GRADIENT OF CLIMB - FLAPS UP
B4: Density altitude
A5: Temp/PA | B5: -500 | C5: 0 | D5: 1000 | E5: 2000 | F5: 3000 | G5: 4000
A6: -40 | B6: 790 | C6: 790 | D6: 780 | E6: 760 | F6: 750 | G6: -99
A7: -30 | B7: 790 | C7: 790 | D7: 780 | E7: 760 | F7: 750 | G7: -99
A8: -20 | B8: 770 | C8: 770 | D8: 760 | E8: 740 | F8: 730 | G8: -99
A9: -10 | B9: 760 | C9: 760 | D9: 740 | E9: 730 | F9: 710 | G9: -99
A10: 0 | B10: 740 | C10: 740 | D10: 725 | E10: 710 | F10: 690 | G10: -99
A11: 10 | B11: 720 | C11: 720 | D11: 710 | E11: 690 | F11: 670 | G11: -99
A12: 20 | B12: 700 | C12: 700 | D12: 690 | E12: 670 | F12: 650 | G12: -99
A13: 30 | B13: 680 | C13: 680 | D13: 670 | E13: 660 | F13: 620 | G13: -99
A14: 40 | B14: 665 | C14: 665 | D14: 620 | E14: 580 | F14: 530 | G14: -99
A15: 45 | B15: -99 | C15: -99 | D15: -99 | E15: -99 | F15: -99 | G15: -99
B17: x_n: | C17: =D1 -> 1010 | D17: Table size
B18: x1_n: | C18: {=INDEX(B5:G5,MATCH(C17,B5:G5,1))} -> 1000 | D18: Rows: | E18: =MATCH(MAX(A6:A15),A6:A15,1) -> 10
B19: x2_n: | C19: {=INDEX(B5:G5,IF(MATCH(C17,B5:G5,1)<E19,MATCH(C17,B5:G5,1)+1,MATCH(C17,B5:G5,1)))} -> 2000 | D19: Columns: | E19: =MATCH(MAX(B5:G5),B5:G5,0) -> 6
B20: y_n: | C20: =D2 -> 13
B21: n1: | C21: {=INDEX(A6:A15,MATCH(C20,A6:A15,1))} -> 10
B22: n2: | C22: {=INDEX(A6:A15,IF(MATCH(C20,A6:A15,1)<E18,MATCH(C20,A6:A15,1)+1,MATCH(C20,A6:A15,1)))} -> 20
B23: y1_n1: | C23: {=INDEX(B6:G15,MATCH(C20,A6:A15,1),MATCH(C17,B5:G5,1))} -> 710
B24: y2_n1: | C24: {=INDEX(B6:G15,MATCH(C20,A6:A15,1),IF(MATCH(C17,B5:G5,1)<E19,MATCH(C17,B5:G5,1)+1,MATCH(C20,A6:A15,1)))} -> 690
B25: y1_n2: | C25: {=INDEX(B6:G15,IF(MATCH(C20,A6:A15,1)<E18,MATCH(C20,A6:A15,1)+1,MATCH(C20,A6:A15,1)),MATCH(C17,B5:G5,1))} -> 690
B26: y2_n2: | C26: {=INDEX(B6:G15,IF(MATCH(C20,A6:A15,1)<E18,MATCH(C20,A6:A15,1)+1,MATCH(C20,A6:A15,1)),IF(MATCH(C17,B5:G5,1)<E19,MATCH(C17,B5:G5,1)+1,MATCH(C17,B5:G5,1)))} -> 670
B27: y_n1: | C27: =IFERROR(C23+(C17-C18)*(C24-C23)/(C19-C18),C23) -> 709.8
B28: y_n2: | C28: =IFERROR(C25+(C17-C18)*(C26-C25)/(C19-C18),C25) -> 689.8
B29: Distance | C29: =IFERROR(C27+(C20-C21)*(C28-C27)/(C22-C21),C27) -> 703.8
B31: ROC | O31: ROC->Gradient
A32: % | B32: 500 | C32: 600 | D32: 700 | E32: 800 | F32: 900 | P32: % | Q32: 440 | R32: 500 | S32: 550 | T32: 650 | U32: 760 | V32: 860 | W32: 960 | X32: 1060 | Y32: 1160 | Z32: 1200 | AA32: 1200
A33: 9000 | B33: 1050 | C33: 1150 | D33: 1200 | E33: 1200 | F33: -99 | P33: 1 | Q33: 3 | R33: 3.5 | S33: 4 | T33: 5 | U33: 6 | V33: 7 | W33: 8 | X33: 9 | Y33: 10 | Z33: 10.5 | AA33: 11
A34: 9500 | B34: 940 | C34: 1050 | D34: 1180 | E34: 1200 | F34: -99
A35: 10000 | B35: 860 | C35: 960 | D35: 1080 | E35: 1200 | F35: -99 | O35: x_n: | P35: =C55 -> 603.8 | Q35: Table size
A36: 10500 | B36: 775 | C36: 880 | D36: 950 | E36: 1100 | F36: -99 | O36: x1_n: | P36: {=INDEX(Q32:AA32,MATCH(P35,Q32:AA32,1))} -> 550 | Q36: Rows: | R36: =MATCH(MAX(P33),P33,1) -> 1
A37: 11000 | B37: 700 | C37: 800 | D37: 910 | E37: 1020 | F37: -99 | O37: x2_n: | P37: {=INDEX(Q32:AA32,IF(MATCH(P35,Q32:AA32,1)<R37,MATCH(P35,Q32:AA32,1)+1,MATCH(P35,Q32:AA32,1)))} -> 650 | Q37: Columns: | R37: =MATCH(MAX(Q32:AA32),Q32:AA32,0) -> 10
A38: 11500 | B38: 630 | C38: 725 | D38: 830 | E38: 940 | F38: -99 | O38: y_n: | P38: 1
A39: 12000 | B39: 560 | C39: 660 | D39: 760 | E39: 865 | F39: -99 | O39: n1: | P39: {=INDEX(P33,MATCH(P38,P33,1))} -> 1
A40: 12500 | B40: 500 | C40: 600 | D40: 700 | E40: 800 | F40: -99 | O40: n2: | P40: {=INDEX(P33,IF(MATCH(P38,P33,1)<R36,MATCH(P38,P33,1)+1,MATCH(P38,P33,1)))} -> 1
O41: y1_n1: | P41: {=INDEX(Q33:AA33,MATCH(P38,P33,1),MATCH(P35,Q32:AA32,1))} -> 4
B42: x_n: | C42: =C29 -> 703.8 | D42: Table size | O42: y2_n1: | P42: {=INDEX(Q33:AA33,MATCH(P38,P33,1),IF(MATCH(P35,Q32:AA32,1)<R37,MATCH(P35,Q32:AA32,1)+1,MATCH(P38,P33,1)))} -> 5
B43: x1_n: | C43: {=INDEX(B32:F32,MATCH(C42,B32:F32,1))} -> 700 | D43: Rows: | E43: =MATCH(MAX(A33:A40),A33:A40,1) -> 8 | O43: y1_n2: | P43: {=INDEX(Q33:AA33,IF(MATCH(P38,P33,1)<R36,MATCH(P38,P33,1)+1,MATCH(P38,P33,1)),MATCH(P35,Q32:AA32,1))} -> 4
B44: x2_n: | C44: {=INDEX(B32:F32,IF(MATCH(C42,B32:F32,1)<E44,MATCH(C42,B32:F32,1)+1,MATCH(C42,B32:F32,1)))} -> 800 | D44: Columns: | E44: =MATCH(MAX(B32:F32),B32:F32,0) -> 5 | O44: y2_n2: | P44: {=INDEX(Q33:AA33,IF(MATCH(P38,P33,1)<R36,MATCH(P38,P33,1)+1,MATCH(P38,P33,1)),IF(MATCH(P35,Q32:AA32,1)<R37,MATCH(P35,Q32:AA32,1)+1,MATCH(P35,Q32:AA32,1)))} -> 5
B45: y_n: | C45: =Landing!C11 -> 12500 | O45: y_n1: | P45: =IFERROR(P41+(P35-P36)*(P42-P41)/(P37-P36),P41) -> 4.538
B46: n1: | C46: {=INDEX(A33:A40,MATCH(C45,A33:A40,1))} -> 12500 | O46: y_n2: | P46: =IFERROR(P43+(P35-P36)*(P44-P43)/(P37-P36),P43) -> 4.538
B47: n2: | C47: {=INDEX(A33:A40,IF(MATCH(C45,A33:A40,1)<E43,MATCH(C45,A33:A40,1)+1,MATCH(C45,A33:A40,1)))} -> 12500 | O47: Distance | P47: =IFERROR(P45+(P38-P39)*(P46-P45)/(P40-P39),P45) -> 4.538
B48: y1_n1: | C48: {=INDEX(B33:F40,MATCH(C45,A33:A40,1),MATCH(C42,B32:F32,1))} -> 700
B49: y2_n1: | C49: {=INDEX(B33:F40,MATCH(C45,A33:A40,1),IF(MATCH(C42,B32:F32,1)<E44,MATCH(C42,B32:F32,1)+1,MATCH(C45,A33:A40,1)))} -> 800
B50: y1_n2: | C50: {=INDEX(B33:F40,IF(MATCH(C45,A33:A40,1)<E43,MATCH(C45,A33:A40,1)+1,MATCH(C45,A33:A40,1)),MATCH(C42,B32:F32,1))} -> 700
B51: y2_n2: | C51: {=INDEX(B33:F40,IF(MATCH(C45,A33:A40,1)<E43,MATCH(C45,A33:A40,1)+1,MATCH(C45,A33:A40,1)),IF(MATCH(C42,B32:F32,1)<E44,MATCH(C42,B32:F32,1)+1,MATCH(C42,B32:F32,1)))} -> 800
B52: y_n1: | C52: =IFERROR(C48+(C42-C43)*(C49-C48)/(C44-C43),C48) -> 703.8
B53: y_n2: | C53: =IFERROR(C50+(C42-C43)*(C51-C50)/(C44-C43),C50) -> 703.8
B54: Distance | C54: =IFERROR(C52+(C45-C46)*(C53-C52)/(C47-C46),C52) -> 703.8
B55: ICE VANE CORR | C55: =C54-100 -> 603.8

Sheet LTL_NET GRADIENT OF CLIMB
B1: Pressure Alt | C1: x_n: | D1: =IF('Take-off'!$C$9="",'Take-off'!$C$16,MAX(0,'Take-off'!$C$16+30*(1013-'Take-off'!$C$9)))+35 -> 235 | F1: 35 fot extra
B2: Temp in calc | C2: y_n: | D2: =IF('Take-off'!$C$13='Dropdown lists'!$B$30, 'Take-off'!$C$8+10, 'Take-off'!$C$8) -> 0 | E2: Includes ICE-Vane. Could be disregarded for us
B3: NET GRADIENT OF CLIMB - FLAPS UP | O3: NET GRADIENT OF CLIMB - FLAPS TAKEOFF | AB3: NET GRADIENT OF CLIMB - FLAPS APPROACH
B4: Density altitude | O4: Density altitude | AB4: Density altitude
A5: Temp/PA | B5: -500 | C5: 0 | D5: 1000 | E5: 2000 | F5: 3000 | G5: 4000 | N5: Temp/PA | O5: 0 | P5: 1000 | Q5: 2000 | R5: 3000 | S5: 4000 | AA5: Temp/PA | AB5: -500 | AC5: 0 | AD5: 1000 | AE5: 2000 | AF5: 3000 | AG5: 4000
A6: -40 | B6: 6 | C6: 6 | D6: 5.8 | E6: 5.6 | F6: 5.4 | G6: -99 | N6: -30 | S6: 99999 | AA6: -40 | AB6: 4.2 | AC6: 4.2 | AD6: 4 | AE6: 3.9 | AF6: 3.6 | AG6: -99
A7: -30 | B7: 6 | C7: 6 | D7: 5.8 | E7: 5.6 | F7: 5.4 | G7: -99 | AA7: -30 | AB7: 4.2 | AC7: 4.2 | AD7: 4 | AE7: 3.9 | AF7: 3.6 | AG7: -99
A8: -20 | B8: 6 | C8: 6 | D8: 5.8 | E8: 5.45 | F8: 5.2 | G8: -99 | N8: -20 | S8: 99999 | AA8: -20 | AB8: 4.2 | AC8: 4.2 | AD8: 4 | AE8: 3.9 | AF8: 3.6 | AG8: -99
A9: -10 | B9: 5.75 | C9: 5.75 | D9: 5.5 | E9: 5.2 | F9: 4.9 | G9: -99 | N9: -10 | S9: 99999 | AA9: -10 | AB9: 4.1 | AC9: 4.1 | AD9: 3.9 | AE9: 3.6 | AF9: 3.4 | AG9: -99
A10: 0 | B10: 5.5 | C10: 5.5 | D10: 5.2 | E10: 4.9 | F10: 4.6 | G10: -99 | N10: 0 | S10: 99999 | AA10: 0 | AB10: 3.8 | AC10: 3.8 | AD10: 3.6 | AE10: 3.4 | AF10: 3.2 | AG10: -99
A11: 10 | B11: 5.2 | C11: 5.2 | D11: 4.9 | E11: 4.6 | F11: 4.4 | G11: -99 | N11: 10 | S11: 99999 | AA11: 10 | AB11: 3.6 | AC11: 3.6 | AD11: 3.4 | AE11: 3.2 | AF11: 2.9 | AG11: -99
A12: 20 | B12: 4.95 | C12: 4.95 | D12: 4.65 | E12: 4.4 | F12: 4 | G12: -99 | N12: 20 | S12: 99999 | AA12: 20 | AB12: 3.4 | AC12: 3.4 | AD12: 3.2 | AE12: 3 | AF12: 2.5 | AG12: -99
A13: 30 | B13: 4.7 | C13: 4.7 | D13: 4.25 | E13: 3.9 | F13: 3.4 | G13: -99 | AA13: 30 | AB13: 3.2 | AC13: 3.2 | AD13: 2.8 | AE13: 2.4 | AF13: 2 | AG13: -99
A14: 40 | B14: 4 | C14: 4 | D14: 3.4 | E14: 3 | F14: 2.5 | G14: -99 | N14: 30 | S14: 99999 | AA14: 40 | AB14: 2.4 | AC14: 2.4 | AD14: 2 | AE14: 1.6 | AF14: 1 | AG14: -99
A15: 45 | B15: -99 | C15: -99 | D15: -99 | E15: -99 | F15: -99 | G15: -99 | N15: 35 | O15: 99999 | P15: 99999 | Q15: 99999 | R15: 99999 | S15: 99999 | AA15: 45 | AB15: -99 | AC15: -99 | AD15: -99 | AE15: -99 | AF15: -99 | AG15: -99
B17: x_n: | C17: =D1 -> 235 | D17: Table size | O17: x_n: | P17: =D1 -> 235 | Q17: Table size | AB17: x_n: | AC17: =D1 -> 235 | AD17: Table size
B18: x1_n: | C18: {=INDEX(B5:G5,MATCH(C17,B5:G5,1))} -> 0 | D18: Rows: | E18: =MATCH(MAX(A6:A15),A6:A15,1) -> 10 | O18: x1_n: | P18: {=INDEX(O5:S5,MATCH(P17,O5:S5,1))} -> 0 | Q18: Rows: | R18: =MATCH(MAX(N6:N15),N6:N15,1) -> 10 | AB18: x1_n: | AC18: {=INDEX(AB5:AG5,MATCH(AC17,AB5:AG5,1))} -> 0 | AD18: Rows: | AE18: =MATCH(MAX(AA6:AA15),AA6:AA15,1) -> 10
B19: x2_n: | C19: {=INDEX(B5:G5,IF(MATCH(C17,B5:G5,1)<E19,MATCH(C17,B5:G5,1)+1,MATCH(C17,B5:G5,1)))} -> 1000 | D19: Columns: | E19: =MATCH(MAX(B5:G5),B5:G5,0) -> 6 | O19: x2_n: | P19: {=INDEX(O5:S5,IF(MATCH(P17,O5:S5,1)<R19,MATCH(P17,O5:S5,1)+1,MATCH(P17,O5:S5,1)))} -> 1000 | Q19: Columns: | R19: =MATCH(MAX(O5:S5),O5:S5,0) -> 5 | AB19: x2_n: | AC19: {=INDEX(AB5:AG5,IF(MATCH(AC17,AB5:AG5,1)<AE19,MATCH(AC17,AB5:AG5,1)+1,MATCH(AC17,AB5:AG5,1)))} -> 1000 | AD19: Columns: | AE19: =MATCH(MAX(AB5:AG5),AB5:AG5,0) -> 6
B20: y_n: | C20: =D2 -> 0 | O20: y_n: | P20: =D2 -> 0 | AB20: y_n: | AC20: =D2 -> 0
B21: n1: | C21: {=INDEX(A6:A15,MATCH(C20,A6:A15,1))} -> 0 | O21: n1: | P21: {=INDEX(N6:N15,MATCH(P20,N6:N15,1))} -> 0 | AB21: n1: | AC21: {=INDEX(AA6:AA15,MATCH(AC20,AA6:AA15,1))} -> 0
B22: n2: | C22: {=INDEX(A6:A15,IF(MATCH(C20,A6:A15,1)<E18,MATCH(C20,A6:A15,1)+1,MATCH(C20,A6:A15,1)))} -> 10 | O22: n2: | P22: {=INDEX(N6:N15,IF(MATCH(P20,N6:N15,1)<R18,MATCH(P20,N6:N15,1)+1,MATCH(P20,N6:N15,1)))} -> 10 | AB22: n2: | AC22: {=INDEX(AA6:AA15,IF(MATCH(AC20,AA6:AA15,1)<AE18,MATCH(AC20,AA6:AA15,1)+1,MATCH(AC20,AA6:AA15,1)))} -> 10
B23: y1_n1: | C23: {=INDEX(B6:G15,MATCH(C20,A6:A15,1),MATCH(C17,B5:G5,1))} -> 5.5 | O23: y1_n1: | P23: =INDEX(O6:S15,MATCH(P20,N6:N15,1),MATCH(P17,O5:S5,1)) -> 0 | AB23: y1_n1: | AC23: {=INDEX(AB6:AG15,MATCH(AC20,AA6:AA15,1),MATCH(AC17,AB5:AG5,1))} -> 3.8
B24: y2_n1: | C24: {=INDEX(B6:G15,MATCH(C20,A6:A15,1),IF(MATCH(C17,B5:G5,1)<E19,MATCH(C17,B5:G5,1)+1,MATCH(C20,A6:A15,1)))} -> 5.2 | O24: y2_n1: | P24: =INDEX(O6:S15,MATCH(P20,N6:N15,1),IF(MATCH(P17,O5:S5,1)<R19,MATCH(P17,O5:S5,1)+1,MATCH(P20,N6:N15,1))) -> 0 | AB24: y2_n1: | AC24: {=INDEX(AB6:AG15,MATCH(AC20,AA6:AA15,1),IF(MATCH(AC17,AB5:AG5,1)<AE19,MATCH(AC17,AB5:AG5,1)+1,MATCH(AC20,AA6:AA15,1)))} -> 3.6
B25: y1_n2: | C25: {=INDEX(B6:G15,IF(MATCH(C20,A6:A15,1)<E18,MATCH(C20,A6:A15,1)+1,MATCH(C20,A6:A15,1)),MATCH(C17,B5:G5,1))} -> 5.2 | O25: y1_n2: | P25: =INDEX(O6:S15,IF(MATCH(P20,N6:N15,1)<R18,MATCH(P20,N6:N15,1)+1,MATCH(P20,N6:N15,1)),MATCH(P17,O5:S5,1)) -> 0 | AB25: y1_n2: | AC25: {=INDEX(AB6:AG15,IF(MATCH(AC20,AA6:AA15,1)<AE18,MATCH(AC20,AA6:AA15,1)+1,MATCH(AC20,AA6:AA15,1)),MATCH(AC17,AB5:AG5,1))} -> 3.6
B26: y2_n2: | C26: {=INDEX(B6:G15,IF(MATCH(C20,A6:A15,1)<E18,MATCH(C20,A6:A15,1)+1,MATCH(C20,A6:A15,1)),IF(MATCH(C17,B5:G5,1)<E19,MATCH(C17,B5:G5,1)+1,MATCH(C17,B5:G5,1)))} -> 4.9 | O26: y2_n2: | P26: =INDEX(O6:S15,IF(MATCH(P20,N6:N15,1)<R18,MATCH(P20,N6:N15,1)+1,MATCH(P20,N6:N15,1)),IF(MATCH(P17,O5:S5,1)<R19,MATCH(P17,O5:S5,1)+1,MATCH(P17,O5:S5,1))) -> 0 | AB26: y2_n2: | AC26: {=INDEX(AB6:AG15,IF(MATCH(AC20,AA6:AA15,1)<AE18,MATCH(AC20,AA6:AA15,1)+1,MATCH(AC20,AA6:AA15,1)),IF(MATCH(AC17,AB5:AG5,1)<AE19,MATCH(AC17,AB5:AG5,1)+1,MATCH(AC17,AB5:AG5,1)))} -> 3.4
B27: y_n1: | C27: =IFERROR(C23+(C17-C18)*(C24-C23)/(C19-C18),C23) -> 5.4295 | O27: y_n1: | P27: =IFERROR(P23+(P17-P18)*(P24-P23)/(P19-P18),P23) -> 0 | AB27: y_n1: | AC27: =IFERROR(AC23+(AC17-AC18)*(AC24-AC23)/(AC19-AC18),AC23) -> 3.753
B28: y_n2: | C28: =IFERROR(C25+(C17-C18)*(C26-C25)/(C19-C18),C25) -> 5.1295 | O28: y_n2: | P28: =IFERROR(P25+(P17-P18)*(P26-P25)/(P19-P18),P25) -> 0 | AB28: y_n2: | AC28: =IFERROR(AC25+(AC17-AC18)*(AC26-AC25)/(AC19-AC18),AC25) -> 3.553
B29: Distance | C29: =IFERROR(C27+(C20-C21)*(C28-C27)/(C22-C21),C27) -> 5.4295 | O29: Distance | P29: =IFERROR(P27+(P20-P21)*(P28-P27)/(P22-P21),P27) -> 0 | AB29: Distance | AC29: =IFERROR(AC27+(AC20-AC21)*(AC28-AC27)/(AC22-AC21),AC27) -> 3.753
B31: Gradient | O31: Vikt | AB31: Vikt
A32: % | B32: 2 | C32: 3 | D32: 4 | E32: 5 | F32: 6 | G32: 7 | O32: % | P32: 1 | Q32: 2 | R32: 3 | S32: 4 | T32: 5 | AA32: % | AB32: 0.3 | AC32: 1.2 | AD32: 2.2 | AE32: 3.5 | AF32: 4.7 | AG32: 5
A33: 9000 | B33: 7.2 | C33: 8.6 | D33: 10 | E33: 10.2 | F33: 10.2 | G33: -99 | O33: 10000 | T33: 99999 | AA33: 9000 | AB33: 4.2 | AC33: 5.5 | AD33: 7 | AE33: 8.7 | AF33: 10 | AG33: -99
A34: 9500 | B34: 6.4 | C34: 7.8 | D34: 9 | E34: 10.2 | F34: 10.2 | G34: -99 | O34: 11000 | T34: 99999 | AA34: 9500 | AB34: 3.4 | AC34: 4.6 | AD34: 6.1 | AE34: 7.6 | AF34: 9 | AG34: -99
A35: 10000 | B35: 5.7 | C35: 6.9 | D35: 8.1 | E35: 9.4 | F35: 10.2 | G35: -99 | O35: 12000 | T35: 99999 | AA35: 10000 | AB35: 2.8 | AC35: 4 | AD35: 5.35 | AE35: 6.8 | AF35: 8.2 | AG35: -99
A36: 10500 | B36: 4.9 | C36: 6.1 | D36: 7.2 | E36: 8.4 | F36: 9.6 | G36: -99 | O36: 13000 | T36: 99999 | AA36: 10500 | AB36: 2.2 | AC36: 3.3 | AD36: 4.6 | AE36: 6 | AF36: 7.4 | AG36: -99
A37: 11000 | B37: 4.2 | C37: 5.3 | D37: 6.4 | E37: 7.5 | F37: 8.6 | G37: -99 | O37: 14000 | T37: 99999 | AA37: 11000 | AB37: 1.6 | AC37: 2.8 | AD37: 4 | AE37: 5.3 | AF37: 6.6 | AG37: -99
A38: 11500 | B38: 3.4 | C38: 4.5 | D38: 5.6 | E38: 6.6 | F38: 7.7 | G38: -99 | O38: 15000 | T38: 99999 | AA38: 11500 | AB38: 1.2 | AC38: 2.2 | AD38: 3.4 | AE38: 4.6 | AF38: 6 | AG38: -99
A39: 12000 | B39: 2.8 | C39: 3.75 | D39: 4.8 | E39: 5.8 | F39: 6.8 | G39: -99 | O39: 16000 | T39: 99999 | AA39: 12000 | AB39: 0.7 | AC39: 1.7 | AD39: 2.8 | AE39: 4 | AF39: 5.3 | AG39: -99
A40: 12500 | B40: 2 | C40: 3 | D40: 4 | E40: 5 | F40: 6 | G40: -99 | O40: 16600 | T40: 99999 | AA40: 12500 | AB40: 0.3 | AC40: 1.2 | AD40: 2.2 | AE40: 3.5 | AF40: 4.7 | AG40: -99
A41: 12600 | B41: -99 | C41: -99 | D41: -99 | E41: -99 | F41: -99 | G41: -99 | O41: 16700 | P41: 99999 | Q41: 99999 | R41: 99999 | S41: 99999 | T41: 99999 | AA41: 12600 | AB41: -99 | AC41: -99 | AD41: -99 | AE41: -99 | AF41: -99 | AG41: -99
B43: x_n: | C43: =C29 -> 5.4295 | D43: Table size | O43: x_n: | P43: =P29 -> 0 | Q43: Table size | AB43: x_n: | AC43: =AC29 -> 3.753 | AD43: Table size
B44: x1_n: | C44: {=INDEX(B32:G32,MATCH(C43,B32:G32,1))} -> 5 | D44: Rows: | E44: =MATCH(MAX(A33:A41),A33:A41,1) -> 9 | O44: x1_n: | P44: {=INDEX(P32:T32,MATCH(P43,P32:T32,1))} -> #N/A | Q44: Rows: | R44: =MATCH(MAX(O33:O41),O33:O41,1) -> 9 | AB44: x1_n: | AC44: {=INDEX(AB32:AG32,MATCH(AC43,AB32:AG32,1))} -> 3.5 | AD44: Rows: | AE44: =MATCH(MAX(AA33:AA41),AA33:AA41,1) -> 9
B45: x2_n: | C45: {=INDEX(B32:G32,IF(MATCH(C43,B32:G32,1)<E45,MATCH(C43,B32:G32,1)+1,MATCH(C43,B32:G32,1)))} -> 6 | D45: Columns: | E45: =MATCH(MAX(B32:G32),B32:G32,0) -> 6 | O45: x2_n: | P45: {=INDEX(P32:T32,IF(MATCH(P43,P32:T32,1)<R45,MATCH(P43,P32:T32,1)+1,MATCH(P43,P32:T32,1)))} -> #N/A | Q45: Columns: | R45: =MATCH(MAX(P32:T32),P32:T32,0) -> 5 | AB45: x2_n: | AC45: {=INDEX(AB32:AG32,IF(MATCH(AC43,AB32:AG32,1)<AE45,MATCH(AC43,AB32:AG32,1)+1,MATCH(AC43,AB32:AG32,1)))} -> 4.7 | AD45: Columns: | AE45: =MATCH(MAX(AB32:AG32),AB32:AG32,0) -> 6
B46: y_n: | C46: ='Take-off'!$C$14 -> 9000 | O46: y_n: | P46: ='Take-off'!$C$14 -> 9000 | AB46: y_n: | AC46: ='Take-off'!$C$14 -> 9000
B47: n1: | C47: {=INDEX(A33:A41,MATCH(C46,A33:A41,1))} -> 9000 | O47: n1: | P47: {=INDEX(O33:O41,MATCH(P46,O33:O41,1))} -> #N/A | AB47: n1: | AC47: {=INDEX(AA33:AA41,MATCH(AC46,AA33:AA41,1))} -> 9000
B48: n2: | C48: {=INDEX(A33:A41,IF(MATCH(C46,A33:A41,1)<E44,MATCH(C46,A33:A41,1)+1,MATCH(C46,A33:A41,1)))} -> 9500 | O48: n2: | P48: {=INDEX(O33:O41,IF(MATCH(P46,O33:O41,1)<R44,MATCH(P46,O33:O41,1)+1,MATCH(P46,O33:O41,1)))} -> #N/A | AB48: n2: | AC48: {=INDEX(AA33:AA41,IF(MATCH(AC46,AA33:AA41,1)<AE44,MATCH(AC46,AA33:AA41,1)+1,MATCH(AC46,AA33:AA41,1)))} -> 9500
B49: y1_n1: | C49: {=INDEX(B33:G41,MATCH(C46,A33:A41,1),MATCH(C43,B32:G32,1))} -> 10.2 | O49: y1_n1: | P49: {=INDEX(P33:T41,MATCH(P46,O33:O41,1),MATCH(P43,P32:T32,1))} -> #N/A | AB49: y1_n1: | AC49: {=INDEX(AB33:AG41,MATCH(AC46,AA33:AA41,1),MATCH(AC43,AB32:AG32,1))} -> 8.7
B50: y2_n1: | C50: {=INDEX(B33:G41,MATCH(C46,A33:A41,1),IF(MATCH(C43,B32:G32,1)<E45,MATCH(C43,B32:G32,1)+1,MATCH(C46,A33:A41,1)))} -> 10.2 | O50: y2_n1: | P50: {=INDEX(P33:T41,MATCH(P46,O33:O41,1),IF(MATCH(P43,P32:T32,1)<R45,MATCH(P43,P32:T32,1)+1,MATCH(P46,O33:O41,1)))} -> #N/A | AB50: y2_n1: | AC50: {=INDEX(AB33:AG41,MATCH(AC46,AA33:AA41,1),IF(MATCH(AC43,AB32:AG32,1)<AE45,MATCH(AC43,AB32:AG32,1)+1,MATCH(AC46,AA33:AA41,1)))} -> 10
B51: y1_n2: | C51: {=INDEX(B33:G41,IF(MATCH(C46,A33:A41,1)<E44,MATCH(C46,A33:A41,1)+1,MATCH(C46,A33:A41,1)),MATCH(C43,B32:G32,1))} -> 10.2 | O51: y1_n2: | P51: {=INDEX(P33:T41,IF(MATCH(P46,O33:O41,1)<R44,MATCH(P46,O33:O41,1)+1,MATCH(P46,O33:O41,1)),MATCH(P43,P32:T32,1))} -> #N/A | AB51: y1_n2: | AC51: {=INDEX(AB33:AG41,IF(MATCH(AC46,AA33:AA41,1)<AE44,MATCH(AC46,AA33:AA41,1)+1,MATCH(AC46,AA33:AA41,1)),MATCH(AC43,AB32:AG32,1))} -> 7.6
B52: y2_n2: | C52: {=INDEX(B33:G41,IF(MATCH(C46,A33:A41,1)<E44,MATCH(C46,A33:A41,1)+1,MATCH(C46,A33:A41,1)),IF(MATCH(C43,B32:G32,1)<E45,MATCH(C43,B32:G32,1)+1,MATCH(C43,B32:G32,1)))} -> 10.2 | O52: y2_n2: | P52: {=INDEX(P33:T41,IF(MATCH(P46,O33:O41,1)<R44,MATCH(P46,O33:O41,1)+1,MATCH(P46,O33:O41,1)),IF(MATCH(P43,P32:T32,1)<R45,MATCH(P43,P32:T32,1)+1,MATCH(P43,P32:T32,1)))} -> #N/A | AB52: y2_n2: | AC52: {=INDEX(AB33:AG41,IF(MATCH(AC46,AA33:AA41,1)<AE44,MATCH(AC46,AA33:AA41,1)+1,MATCH(AC46,AA33:AA41,1)),IF(MATCH(AC43,AB32:AG32,1)<AE45,MATCH(AC43,AB32:AG32,1)+1,MATCH(AC43,AB32:AG32,1)))} -> 9
B53: y_n1: | C53: =IFERROR(C49+(C43-C44)*(C50-C49)/(C45-C44),C49) -> 10.2 | O53: y_n1: | P53: =IFERROR(P49+(P43-P44)*(P50-P49)/(P45-P44),P49) -> #N/A | AB53: y_n1: | AC53: =IFERROR(AC49+(AC43-AC44)*(AC50-AC49)/(AC45-AC44),AC49) -> 8.9740833
B54: y_n2: | C54: =IFERROR(C51+(C43-C44)*(C52-C51)/(C45-C44),C51) -> 10.2 | O54: y_n2: | P54: =IFERROR(P51+(P43-P44)*(P52-P51)/(P45-P44),P51) -> #N/A | AB54: y_n2: | AC54: =IFERROR(AC51+(AC43-AC44)*(AC52-AC51)/(AC45-AC44),AC51) -> 7.8951667
B55: Distance | C55: =IFERROR(C53+(C46-C47)*(C54-C53)/(C48-C47),C53) -> 10.2 | O55: Distance | P55: =IFERROR(P53+(P46-P47)*(P54-P53)/(P48-P47),P53) -> #N/A | AB55: Distance | AC55: =IFERROR(AC53+(AC46-AC47)*(AC54-AC53)/(AC48-AC47),AC53) -> 8.9740833

Sheet LTL_Takeoff distance (2)
B1: Pressure Alt | C1: x_n: | D1: =IF('Take-off'!$C$9="",'Take-off'!$C$16,MAX(0,'Take-off'!$C$16+30*(1013-'Take-off'!$C$9))) -> 200
B2: Temp in calc | C2: y_n: | D2: =IF('Take-off'!$C$13='Dropdown lists'!$B$30, 'Take-off'!$C$8+10, 'Take-off'!$C$8) -> 0 | E2: Includes ICE-Vane. Could be disregarded for us
B3: TAKE OFF DISTANCE - FLAPS UP | O3: TAKE OFF DISTANCE - FLAPS TAKEOFF | AB3: TAKE OFF DISTANCE - FLAPS APPROACH
B4: Density altitude | O4: Density altitude | AB4: Density altitude
A5: Temp/PA | B5: -500 | C5: 0 | D5: 1000 | E5: 2000 | F5: 3000 | G5: 4000 | N5: Temp/PA | O5: 0 | P5: 1000 | Q5: 2000 | R5: 3000 | S5: 4000 | AA5: Temp/PA | AB5: -500 | AC5: 0 | AD5: 1000 | AE5: 2000 | AF5: 3000 | AG5: 4000
A6: -40 | B6: 1400 | C6: 1400 | D6: 1490 | E6: 1550 | F6: 1600 | G6: 99999 | N6: -30 | S6: 99999 | AA6: -40 | AB6: 1550 | AC6: 1550 | AD6: =AVERAGE(AB6,AE6) -> 1625 | AE6: 1700 | AF6: 1800 | AG6: 99999
A7: -30 | B7: 1400 | C7: 1400 | D7: 1490 | E7: 1550 | F7: 1600 | G7: 99999 | AA7: -30 | AB7: 1550 | AC7: 1550 | AD7: 1625 | AE7: 1700 | AF7: 1800 | AG7: 99999
A8: -20 | B8: 1450 | C8: 1450 | D8: 1550 | E8: 1600 | F8: 1700 | G8: 99999 | N8: -20 | S8: 99999 | AA8: -20 | AB8: 1550 | AC8: 1550 | AD8: =AVERAGE(AB8,AE8) -> 1625 | AE8: 1700 | AF8: 1800 | AG8: 99999
A9: -10 | B9: 1550 | C9: 1550 | D9: 1600 | E9: 1700 | F9: 1800 | G9: 99999 | N9: -10 | S9: 99999 | AA9: -10 | AB9: 1600 | AC9: 1600 | AD9: =AVERAGE(AB9,AE9) -> 1700 | AE9: 1800 | AF9: 1900 | AG9: 99999
A10: 0 | B10: 1610 | C10: 1610 | D10: 1700 | E10: 1800 | F10: 1900 | G10: 99999 | N10: 0 | S10: 99999 | AA10: 0 | AB10: 1700 | AC10: 1700 | AD10: =AVERAGE(AB10,AE10) -> 1795 | AE10: 1890 | AF10: 2000 | AG10: 99999
A11: 10 | B11: 1700 | C11: 1700 | D11: 1800 | E11: 1900 | F11: 2015 | G11: 99999 | N11: 10 | S11: 99999 | AA11: 10 | AB11: 1800 | AC11: 1800 | AD11: =AVERAGE(AB11,AE11) -> 1900 | AE11: 2000 | AF11: 2110 | AG11: 99999
A12: 20 | B12: 1780 | C12: 1780 | D12: 1900 | E12: 2000 | F12: 2150 | G12: 99999 | N12: 20 | S12: 99999 | AA12: 20 | AB12: 1900 | AC12: 1900 | AD12: =AVERAGE(AB12,AE12) -> 2025 | AE12: 2150 | AF12: 2300 | AG12: 99999
A13: 30 | B13: 1880 | C13: 1880 | D13: 2000 | E13: 2130 | F13: 2320 | G13: 99999 | AA13: 30 | AB13: 2050 | AC13: 2050 | AD13: =AVERAGE(AB13,AE13) -> 2185 | AE13: 2320 | AF13: 2500 | AG13: 99999
A14: 40 | B14: 2075 | C14: 2075 | D14: 2200 | E14: 2380 | F14: 2600 | G14: 99999 | N14: 30 | S14: 99999 | AA14: 40 | AB14: 2220 | AC14: 2220 | AD14: =AVERAGE(AB14,AE14) -> 2385 | AE14: 2550 | AF14: 2800 | AG14: 99999
A15: 45 | B15: 99999 | C15: 99999 | D15: 99999 | E15: 99999 | F15: 99999 | G15: 99999 | N15: 35 | O15: 99999 | P15: 99999 | Q15: 99999 | R15: 99999 | S15: 99999 | AA15: 45 | AB15: 99999 | AC15: 99999 | AD15: 99999 | AE15: 99999 | AF15: 99999 | AG15: 99999
B17: x_n: | C17: =D1 -> 200 | D17: Table size | O17: x_n: | P17: =D1 -> 200 | Q17: Table size | AB17: x_n: | AC17: =D1 -> 200 | AD17: Table size
B18: x1_n: | C18: {=INDEX(B5:G5,MATCH(C17,B5:G5,1))} -> 0 | D18: Rows: | E18: =MATCH(MAX(A6:A15),A6:A15,1) -> 10 | O18: x1_n: | P18: {=INDEX(O5:S5,MATCH(P17,O5:S5,1))} -> 0 | Q18: Rows: | R18: =MATCH(MAX(N6:N15),N6:N15,1) -> 10 | AB18: x1_n: | AC18: {=INDEX(AB5:AG5,MATCH(AC17,AB5:AG5,1))} -> 0 | AD18: Rows: | AE18: =MATCH(MAX(AA6:AA15),AA6:AA15,1) -> 10
B19: x2_n: | C19: {=INDEX(B5:G5,IF(MATCH(C17,B5:G5,1)<E19,MATCH(C17,B5:G5,1)+1,MATCH(C17,B5:G5,1)))} -> 1000 | D19: Columns: | E19: =MATCH(MAX(B5:G5),B5:G5,0) -> 6 | O19: x2_n: | P19: {=INDEX(O5:S5,IF(MATCH(P17,O5:S5,1)<R19,MATCH(P17,O5:S5,1)+1,MATCH(P17,O5:S5,1)))} -> 1000 | Q19: Columns: | R19: =MATCH(MAX(O5:S5),O5:S5,0) -> 5 | AB19: x2_n: | AC19: {=INDEX(AB5:AG5,IF(MATCH(AC17,AB5:AG5,1)<AE19,MATCH(AC17,AB5:AG5,1)+1,MATCH(AC17,AB5:AG5,1)))} -> 1000 | AD19: Columns: | AE19: =MATCH(MAX(AB5:AG5),AB5:AG5,0) -> 6
B20: y_n: | C20: =D2 -> 0 | O20: y_n: | P20: =D2 -> 0 | AB20: y_n: | AC20: =D2 -> 0
B21: n1: | C21: {=INDEX(A6:A15,MATCH(C20,A6:A15,1))} -> 0 | O21: n1: | P21: {=INDEX(N6:N15,MATCH(P20,N6:N15,1))} -> 0 | AB21: n1: | AC21: {=INDEX(AA6:AA15,MATCH(AC20,AA6:AA15,1))} -> 0
B22: n2: | C22: {=INDEX(A6:A15,IF(MATCH(C20,A6:A15,1)<E18,MATCH(C20,A6:A15,1)+1,MATCH(C20,A6:A15,1)))} -> 10 | O22: n2: | P22: {=INDEX(N6:N15,IF(MATCH(P20,N6:N15,1)<R18,MATCH(P20,N6:N15,1)+1,MATCH(P20,N6:N15,1)))} -> 10 | AB22: n2: | AC22: {=INDEX(AA6:AA15,IF(MATCH(AC20,AA6:AA15,1)<AE18,MATCH(AC20,AA6:AA15,1)+1,MATCH(AC20,AA6:AA15,1)))} -> 10
B23: y1_n1: | C23: {=INDEX(B6:G15,MATCH(C20,A6:A15,1),MATCH(C17,B5:G5,1))} -> 1610 | O23: y1_n1: | P23: =INDEX(O6:S15,MATCH(P20,N6:N15,1),MATCH(P17,O5:S5,1)) -> 0 | AB23: y1_n1: | AC23: {=INDEX(AB6:AG15,MATCH(AC20,AA6:AA15,1),MATCH(AC17,AB5:AG5,1))} -> 1700
B24: y2_n1: | C24: {=INDEX(B6:G15,MATCH(C20,A6:A15,1),IF(MATCH(C17,B5:G5,1)<E19,MATCH(C17,B5:G5,1)+1,MATCH(C20,A6:A15,1)))} -> 1700 | O24: y2_n1: | P24: =INDEX(O6:S15,MATCH(P20,N6:N15,1),IF(MATCH(P17,O5:S5,1)<R19,MATCH(P17,O5:S5,1)+1,MATCH(P20,N6:N15,1))) -> 0 | AB24: y2_n1: | AC24: {=INDEX(AB6:AG15,MATCH(AC20,AA6:AA15,1),IF(MATCH(AC17,AB5:AG5,1)<AE19,MATCH(AC17,AB5:AG5,1)+1,MATCH(AC20,AA6:AA15,1)))} -> 1795
B25: y1_n2: | C25: {=INDEX(B6:G15,IF(MATCH(C20,A6:A15,1)<E18,MATCH(C20,A6:A15,1)+1,MATCH(C20,A6:A15,1)),MATCH(C17,B5:G5,1))} -> 1700 | O25: y1_n2: | P25: =INDEX(O6:S15,IF(MATCH(P20,N6:N15,1)<R18,MATCH(P20,N6:N15,1)+1,MATCH(P20,N6:N15,1)),MATCH(P17,O5:S5,1)) -> 0 | AB25: y1_n2: | AC25: {=INDEX(AB6:AG15,IF(MATCH(AC20,AA6:AA15,1)<AE18,MATCH(AC20,AA6:AA15,1)+1,MATCH(AC20,AA6:AA15,1)),MATCH(AC17,AB5:AG5,1))} -> 1800
B26: y2_n2: | C26: {=INDEX(B6:G15,IF(MATCH(C20,A6:A15,1)<E18,MATCH(C20,A6:A15,1)+1,MATCH(C20,A6:A15,1)),IF(MATCH(C17,B5:G5,1)<E19,MATCH(C17,B5:G5,1)+1,MATCH(C17,B5:G5,1)))} -> 1800 | O26: y2_n2: | P26: =INDEX(O6:S15,IF(MATCH(P20,N6:N15,1)<R18,MATCH(P20,N6:N15,1)+1,MATCH(P20,N6:N15,1)),IF(MATCH(P17,O5:S5,1)<R19,MATCH(P17,O5:S5,1)+1,MATCH(P17,O5:S5,1))) -> 0 | AB26: y2_n2: | AC26: {=INDEX(AB6:AG15,IF(MATCH(AC20,AA6:AA15,1)<AE18,MATCH(AC20,AA6:AA15,1)+1,MATCH(AC20,AA6:AA15,1)),IF(MATCH(AC17,AB5:AG5,1)<AE19,MATCH(AC17,AB5:AG5,1)+1,MATCH(AC17,AB5:AG5,1)))} -> 1900
B27: y_n1: | C27: =IFERROR(C23+(C17-C18)*(C24-C23)/(C19-C18),C23) -> 1628 | O27: y_n1: | P27: =IFERROR(P23+(P17-P18)*(P24-P23)/(P19-P18),P23) -> 0 | AB27: y_n1: | AC27: =IFERROR(AC23+(AC17-AC18)*(AC24-AC23)/(AC19-AC18),AC23) -> 1719
B28: y_n2: | C28: =IFERROR(C25+(C17-C18)*(C26-C25)/(C19-C18),C25) -> 1720 | O28: y_n2: | P28: =IFERROR(P25+(P17-P18)*(P26-P25)/(P19-P18),P25) -> 0 | AB28: y_n2: | AC28: =IFERROR(AC25+(AC17-AC18)*(AC26-AC25)/(AC19-AC18),AC25) -> 1820
B29: Distance | C29: =IFERROR(C27+(C20-C21)*(C28-C27)/(C22-C21),C27) -> 1628 | O29: Distance | P29: =IFERROR(P27+(P20-P21)*(P28-P27)/(P22-P21),P27) -> 0 | AB29: Distance | AC29: =IFERROR(AC27+(AC20-AC21)*(AC28-AC27)/(AC22-AC21),AC27) -> 1719
B31: Vikt | O31: Vikt | AB31: Vikt
A32: % | B32: 1000 | C32: 1500 | D32: 2000 | E32: 2500 | F32: 3000 | G32: 3500 | O32: % | P32: 1900 | Q32: 2350 | R32: 2850 | S32: 3350 | T32: 4500 | AB32: % | AC32: 1550 | AD32: 2000 | AE32: 2500 | AF32: 3050 | AG32: 3500
A33: 9000 | B33: 875 | C33: 1250 | D33: 1600 | E33: 1890 | F33: 2150 | G33: 99999 | O33: 10000 | T33: 99999 | AB33: 9000 | AC33: 1200 | AD33: 1500 | AE33: 1850 | AF33: 2200 | AG33: 99999
A34: 9500 | B34: 890 | C34: 1300 | D34: 1650 | E34: 1950 | F34: 2250 | G34: 99999 | O34: 11000 | T34: 99999 | AB34: 9500 | AC34: 1210 | AD34: 1550 | AE34: 1950 | AF34: 2300 | AG34: 99999
A35: 10000 | B35: 900 | C35: 1330 | D35: 1700 | E35: 2050 | F35: 2350 | G35: 99999 | O35: 12000 | T35: 99999 | AB35: 10000 | AC35: 1290 | AD35: 1650 | AE35: 2050 | AF35: 2400 | AG35: 99999
A36: 10500 | B36: 910 | C36: 1360 | D36: 1775 | E36: 2150 | F36: 2450 | G36: 99999 | O36: 13000 | T36: 99999 | AB36: 10500 | AC36: 1350 | AD36: 1700 | AE36: 2150 | AF36: 2550 | AG36: 99999
A37: 11000 | B37: 940 | C37: 1400 | D37: 1820 | E37: 2250 | F37: 2600 | G37: 99999 | O37: 14000 | T37: 99999 | AB37: 11000 | AC37: 1400 | AD37: 1800 | AE37: 2250 | AF37: 2650 | AG37: 99999
A38: 11500 | B38: 960 | C38: 1440 | D38: 1900 | E38: 2320 | F38: 2700 | G38: 99999 | O38: 15000 | T38: 99999 | AB38: 11500 | AC38: 1450 | AD38: 1850 | AE38: 2300 | AF38: 2800 | AG38: 99999
A39: 12000 | B39: 990 | C39: 1460 | D39: 1950 | E39: 2400 | F39: 2850 | G39: 99999 | O39: 16000 | T39: 99999 | AB39: 12000 | AC39: 1500 | AD39: 1950 | AE39: 2400 | AF39: 2900 | AG39: 99999
A40: 12500 | B40: 1000 | C40: 1500 | D40: 2000 | E40: 2500 | F40: 3000 | G40: 99999 | O40: 16600 | T40: 99999 | AB40: 12500 | AC40: 1550 | AD40: 2000 | AE40: 2500 | AF40: 3050 | AG40: 99999
A41: 12600 | B41: 99999 | C41: 99999 | D41: 99999 | E41: 99999 | F41: 99999 | G41: 99999 | O41: 16700 | P41: 99999 | Q41: 99999 | R41: 99999 | S41: 99999 | T41: 99999 | AB41: 12600 | AC41: 99999 | AD41: 99999 | AE41: 99999 | AF41: 99999 | AG41: 99999
B43: x_n: | C43: =C29 -> 1628 | D43: Table size | O43: x_n: | P43: =P29 -> 0 | Q43: Table size | AB43: x_n: | AC43: =AC29 -> 1719 | AD43: Table size
B44: x1_n: | C44: {=INDEX(B32:G32,MATCH(C43,B32:G32,1))} -> 1500 | D44: Rows: | E44: =MATCH(MAX(A33:A41),A33:A41,1) -> 9 | O44: x1_n: | P44: {=INDEX(P32:T32,MATCH(P43,P32:T32,1))} -> #N/A | Q44: Rows: | R44: =MATCH(MAX(O33:O41),O33:O41,1) -> 9 | AB44: x1_n: | AC44: {=INDEX(AC32:AG32,MATCH(AC43,AC32:AG32,1))} -> 1550 | AD44: Rows: | AE44: =MATCH(MAX(AB33:AB41),AB33:AB41,1) -> 9
B45: x2_n: | C45: {=INDEX(B32:G32,IF(MATCH(C43,B32:G32,1)<E45,MATCH(C43,B32:G32,1)+1,MATCH(C43,B32:G32,1)))} -> 2000 | D45: Columns: | E45: =MATCH(MAX(B32:G32),B32:G32,0) -> 6 | O45: x2_n: | P45: {=INDEX(P32:T32,IF(MATCH(P43,P32:T32,1)<R45,MATCH(P43,P32:T32,1)+1,MATCH(P43,P32:T32,1)))} -> #N/A | Q45: Columns: | R45: =MATCH(MAX(P32:T32),P32:T32,0) -> 5 | AB45: x2_n: | AC45: {=INDEX(AC32:AG32,IF(MATCH(AC43,AC32:AG32,1)<AE45,MATCH(AC43,AC32:AG32,1)+1,MATCH(AC43,AC32:AG32,1)))} -> 2000 | AD45: Columns: | AE45: =MATCH(MAX(AC32:AG32),AC32:AG32,0) -> 5
B46: y_n: | C46: ='Take-off'!$C$14 -> 9000 | O46: y_n: | P46: ='Take-off'!$C$14 -> 9000 | AB46: y_n: | AC46: ='Take-off'!$C$14 -> 9000
B47: n1: | C47: {=INDEX(A33:A41,MATCH(C46,A33:A41,1))} -> 9000 | O47: n1: | P47: {=INDEX(O33:O41,MATCH(P46,O33:O41,1))} -> #N/A | AB47: n1: | AC47: {=INDEX(AB33:AB41,MATCH(AC46,AB33:AB41,1))} -> 9000
B48: n2: | C48: {=INDEX(A33:A41,IF(MATCH(C46,A33:A41,1)<E44,MATCH(C46,A33:A41,1)+1,MATCH(C46,A33:A41,1)))} -> 9500 | O48: n2: | P48: {=INDEX(O33:O41,IF(MATCH(P46,O33:O41,1)<R44,MATCH(P46,O33:O41,1)+1,MATCH(P46,O33:O41,1)))} -> #N/A | AB48: n2: | AC48: {=INDEX(AB33:AB41,IF(MATCH(AC46,AB33:AB41,1)<AE44,MATCH(AC46,AB33:AB41,1)+1,MATCH(AC46,AB33:AB41,1)))} -> 9500
B49: y1_n1: | C49: {=INDEX(B33:G41,MATCH(C46,A33:A41,1),MATCH(C43,B32:G32,1))} -> 1250 | O49: y1_n1: | P49: {=INDEX(P33:T41,MATCH(P46,O33:O41,1),MATCH(P43,P32:T32,1))} -> #N/A | AB49: y1_n1: | AC49: {=INDEX(AC33:AG41,MATCH(AC46,AB33:AB41,1),MATCH(AC43,AC32:AG32,1))} -> 1200
B50: y2_n1: | C50: {=INDEX(B33:G41,MATCH(C46,A33:A41,1),IF(MATCH(C43,B32:G32,1)<E45,MATCH(C43,B32:G32,1)+1,MATCH(C46,A33:A41,1)))} -> 1600 | O50: y2_n1: | P50: {=INDEX(P33:T41,MATCH(P46,O33:O41,1),IF(MATCH(P43,P32:T32,1)<R45,MATCH(P43,P32:T32,1)+1,MATCH(P46,O33:O41,1)))} -> #N/A | AB50: y2_n1: | AC50: {=INDEX(AC33:AG41,MATCH(AC46,AB33:AB41,1),IF(MATCH(AC43,AC32:AG32,1)<AE45,MATCH(AC43,AC32:AG32,1)+1,MATCH(AC46,AB33:AB41,1)))} -> 1500
B51: y1_n2: | C51: {=INDEX(B33:G41,IF(MATCH(C46,A33:A41,1)<E44,MATCH(C46,A33:A41,1)+1,MATCH(C46,A33:A41,1)),MATCH(C43,B32:G32,1))} -> 1300 | O51: y1_n2: | P51: {=INDEX(P33:T41,IF(MATCH(P46,O33:O41,1)<R44,MATCH(P46,O33:O41,1)+1,MATCH(P46,O33:O41,1)),MATCH(P43,P32:T32,1))} -> #N/A | AB51: y1_n2: | AC51: {=INDEX(AC33:AG41,IF(MATCH(AC46,AB33:AB41,1)<AE44,MATCH(AC46,AB33:AB41,1)+1,MATCH(AC46,AB33:AB41,1)),MATCH(AC43,AC32:AG32,1))} -> 1210
B52: y2_n2: | C52: {=INDEX(B33:G41,IF(MATCH(C46,A33:A41,1)<E44,MATCH(C46,A33:A41,1)+1,MATCH(C46,A33:A41,1)),IF(MATCH(C43,B32:G32,1)<E45,MATCH(C43,B32:G32,1)+1,MATCH(C43,B32:G32,1)))} -> 1650 | O52: y2_n2: | P52: {=INDEX(P33:T41,IF(MATCH(P46,O33:O41,1)<R44,MATCH(P46,O33:O41,1)+1,MATCH(P46,O33:O41,1)),IF(MATCH(P43,P32:T32,1)<R45,MATCH(P43,P32:T32,1)+1,MATCH(P43,P32:T32,1)))} -> #N/A | AB52: y2_n2: | AC52: {=INDEX(AC33:AG41,IF(MATCH(AC46,AB33:AB41,1)<AE44,MATCH(AC46,AB33:AB41,1)+1,MATCH(AC46,AB33:AB41,1)),IF(MATCH(AC43,AC32:AG32,1)<AE45,MATCH(AC43,AC32:AG32,1)+1,MATCH(AC43,AC32:AG32,1)))} -> 1550
B53: y_n1: | C53: =IFERROR(C49+(C43-C44)*(C50-C49)/(C45-C44),C49) -> 1339.6 | O53: y_n1: | P53: =IFERROR(P49+(P43-P44)*(P50-P49)/(P45-P44),P49) -> #N/A | AB53: y_n1: | AC53: =IFERROR(AC49+(AC43-AC44)*(AC50-AC49)/(AC45-AC44),AC49) -> 1312.6667
B54: y_n2: | C54: =IFERROR(C51+(C43-C44)*(C52-C51)/(C45-C44),C51) -> 1389.6 | O54: y_n2: | P54: =IFERROR(P51+(P43-P44)*(P52-P51)/(P45-P44),P51) -> #N/A | AB54: y_n2: | AC54: =IFERROR(AC51+(AC43-AC44)*(AC52-AC51)/(AC45-AC44),AC51) -> 1337.6889
B55: Distance | C55: =IFERROR(C53+(C46-C47)*(C54-C53)/(C48-C47),C53) -> 1339.6 | O55: Distance | P55: =IFERROR(P53+(P46-P47)*(P54-P53)/(P48-P47),P53) -> #N/A | AB55: Distance | AC55: =IFERROR(AC53+(AC46-AC47)*(AC54-AC53)/(AC48-AC47),AC53) -> 1312.6667
B57: Vind | O57: Vind | AB57: Vind
A58: Kt | B58: 1000 | C58: 1500 | D58: 2000 | E58: 2500 | F58: 3000 | G58: 3500 | H58: 4000 | N58: Kt | O58: 1000 | P58: 1200 | Q58: 1500 | R58: 2000 | S58: 2500 | T58: 3000 | U58: 3500 | V58: 5000 | AA58: Kt | AB58: 950 | AC58: 1400 | AD58: 1850 | AE58: 2350 | AF58: 2850 | AG58: 3300 | AH58: 3500
A59: -10 | B59: 1130 | C59: 1700 | D59: 2250 | E59: 2800 | F59: 3350 | G59: 3900 | H59: 99999 | N59: -10 | V59: 99999 | AA59: -10 | AB59: 1200 | AC59: 1750 | AD59: 2300 | AE59: 2900 | AF59: 3400 | AG59: 3950 | AH59: 99999
A60: 0 | B60: 1000 | C60: 1500 | D60: 2000 | E60: 2500 | F60: 3000 | G60: 3500 | H60: 99999 | N60: 0 | V60: 99999 | AA60: 0 | AB60: 950 | AC60: 1400 | AD60: 1850 | AE60: 2350 | AF60: 2850 | AG60: 3300 | AH60: 99999
A61: 30 | B61: 1000 | C61: 1300 | D61: 1800 | E61: 2250 | F61: 2730 | G61: 3130 | H61: 99999 | N61: 30 | V61: 99999 | AA61: 30 | AB61: 750 | AC61: 1100 | AD61: 1450 | AE61: 1850 | AF61: 2250 | AG61: 2700 | AH61: 99999
B63: x_n: | C63: =MAX(C55,B58) -> 1339.6 | D63: Table size | O63: x_n: | P63: =P55 -> #N/A | Q63: Table size | AB63: x_n: | AC63: =AC55 -> 1312.6667 | AD63: Table size
B64: x1_n: | C64: {=INDEX($B58:$H58,MATCH(C63,$B58:$H58,1))} -> 1000 | D64: Rows: | E64: =MATCH(MAX($A59:$A61),$A59:$A61,1) -> 3 | O64: x1_n: | P64: {=INDEX($O58:$V58,MATCH(P63,$O58:$V58,1))} -> #N/A | Q64: Rows: | R64: =MATCH(MAX($N59:$N61),$N59:$N61,1) -> 3 | AB64: x1_n: | AC64: {=INDEX($AB58:$AH58,MATCH(AC63,$AB58:$AH58,1))} -> 950 | AD64: Rows: | AE64: =MATCH(MAX($AA59:$AA61),$AA59:$AA61,1) -> 3
B65: x2_n: | C65: {=INDEX($B58:$H58,IF(MATCH(C63,$B58:$H58,1)<E65,MATCH(C63,$B58:$H58,1)+1,MATCH(C63,$B58:$H58,1)))} -> 1500 | D65: Columns: | E65: =MATCH(MAX($B58:$H58),$B58:$H58,0) -> 7 | O65: x2_n: | P65: {=INDEX($O58:$V58,IF(MATCH(P63,$O58:$V58,1)<R65,MATCH(P63,$O58:$V58,1)+1,MATCH(P63,$O58:$V58,1)))} -> #N/A | Q65: Columns: | R65: =MATCH(MAX($O58:$V58),$O58:$V58,0) -> 8 | AB65: x2_n: | AC65: {=INDEX($AB58:$AH58,IF(MATCH(AC63,$AB58:$AH58,1)<AE65,MATCH(AC63,$AB58:$AH58,1)+1,MATCH(AC63,$AB58:$AH58,1)))} -> 1400 | AD65: Columns: | AE65: =MATCH(MAX($AB58:$AH58),$AB58:$AH58,0) -> 7
B66: y_n: | C66: ='Take-off'!$C$24 -> 0 | O66: y_n: | P66: ='Take-off'!$C$24 -> 0 | AB66: y_n: | AC66: ='Take-off'!$C$24 -> 0
B67: n1: | C67: {=INDEX($A59:$A61,MATCH(C66,$A59:$A61,1))} -> 0 | O67: n1: | P67: {=INDEX($N59:$N61,MATCH(P66,$N59:$N61,1))} -> 0 | AB67: n1: | AC67: {=INDEX($AA59:$AA61,MATCH(AC66,$AA59:$AA61,1))} -> 0
B68: n2: | C68: {=INDEX($A59:$A61,IF(MATCH(C66,$A59:$A61,1)<E64,MATCH(C66,$A59:$A61,1)+1,MATCH(C66,$A59:$A61,1)))} -> 30 | O68: n2: | P68: {=INDEX($N59:$N61,IF(MATCH(P66,$N59:$N61,1)<R64,MATCH(P66,$N59:$N61,1)+1,MATCH(P66,$N59:$N61,1)))} -> 30 | AB68: n2: | AC68: {=INDEX($AA59:$AA61,IF(MATCH(AC66,$AA59:$AA61,1)<AE64,MATCH(AC66,$AA59:$AA61,1)+1,MATCH(AC66,$AA59:$AA61,1)))} -> 30
B69: y1_n1: | C69: {=INDEX($B59:$H61,MATCH(C66,$A59:$A61,1),MATCH(C63,$B58:$H58,1))} -> 1000 | O69: y1_n1: | P69: {=INDEX($O59:$V61,MATCH(P66,$N59:$N61,1),MATCH(P63,$O58:$V58,1))} -> #N/A | AB69: y1_n1: | AC69: {=INDEX($AB59:$AH61,MATCH(AC66,$AA59:$AA61,1),MATCH(AC63,$AB58:$AH58,1))} -> 950
B70: y2_n1: | C70: {=INDEX($B59:$H61,MATCH(C66,$A59:$A61,1),IF(MATCH(C63,$B58:$H58,1)<E65,MATCH(C63,$B58:$H58,1)+1,MATCH(C66,$A59:$A61,1)))} -> 1500 | O70: y2_n1: | P70: {=INDEX($O59:$V61,MATCH(P66,$N59:$N61,1),IF(MATCH(P63,$O58:$V58,1)<R65,MATCH(P63,$O58:$V58,1)+1,MATCH(P66,$N59:$N61,1)))} -> #N/A | AB70: y2_n1: | AC70: {=INDEX($AB59:$AH61,MATCH(AC66,$AA59:$AA61,1),IF(MATCH(AC63,$AB58:$AH58,1)<AE65,MATCH(AC63,$AB58:$AH58,1)+1,MATCH(AC66,$AB59:$AH61,1)))} -> 1400
B71: y1_n2: | C71: {=INDEX($B59:$H61,IF(MATCH(C66,$A59:$A61,1)<E64,MATCH(C66,$A59:$A61,1)+1,MATCH(C66,$A59:$A61,1)),MATCH(C63,$B58:$H58,1))} -> 1000 | O71: y1_n2: | P71: {=INDEX($O59:$V61,IF(MATCH(P66,$N59:$N61,1)<R64,MATCH(P66,$N59:$N61,1)+1,MATCH(P66,$N59:$N61,1)),MATCH(P63,$O58:$V58,1))} -> #N/A | AB71: y1_n2: | AC71: {=INDEX($AB59:$AH61,IF(MATCH(AC66,$AA59:$AA61,1)<AE64,MATCH(AC66,$AA59:$AA61,1)+1,MATCH(AC66,$AA59:$AA61,1)),MATCH(AC63,$AB58:$AH58,1))} -> 750
B72: y2_n2: | C72: {=INDEX($B59:$H61,IF(MATCH(C66,$A59:$A61,1)<E64,MATCH(C66,$A59:$A61,1)+1,MATCH(C66,$A59:$A61,1)),IF(MATCH(C63,$B58:$H58,1)<E65,MATCH(C63,$B58:$H58,1)+1,MATCH(C63,$B58:$H58,1)))} -> 1300 | O72: y2_n2: | P72: {=INDEX($O59:$V61,IF(MATCH(P66,$N59:$N61,1)<R64,MATCH(P66,$N59:$N61,1)+1,MATCH(P66,$N59:$N61,1)),IF(MATCH(P63,$O58:$V58,1)<R65,MATCH(P63,$O58:$V58,1)+1,MATCH(P63,$O58:$V58,1)))} -> #N/A | AB72: y2_n2: | AC72: {=INDEX($AB59:$AH61,IF(MATCH(AC66,$AA59:$AA61,1)<AE64,MATCH(AC66,$AA59:$AA61,1)+1,MATCH(AC66,$AA59:$AA61,1)),IF(MATCH(AC63,$AB58:$AH58,1)<AE65,MATCH(AC63,$AB58:$AH58,1)+1,MATCH(AC63,$AB58:$AH58,1)))} -> 1100
B73: y_n1: | C73: =IFERROR(C69+(C63-C64)*(C70-C69)/(C65-C64),C69) -> 1339.6 | O73: y_n1: | P73: =IFERROR(P69+(P63-P64)*(P70-P69)/(P65-P64),P69) -> #N/A | AB73: y_n1: | AC73: =IFERROR(AC69+(AC63-AC64)*(AC70-AC69)/(AC65-AC64),AC69) -> 1312.6667
B74: y_n2: | C74: =IFERROR(C71+(C63-C64)*(C72-C71)/(C65-C64),C71) -> 1203.76 | O74: y_n2: | P74: =IFERROR(P71+(P63-P64)*(P72-P71)/(P65-P64),P71) -> #N/A | AB74: y_n2: | AC74: =IFERROR(AC71+(AC63-AC64)*(AC72-AC71)/(AC65-AC64),AC71) -> 1032.0741
B75: Distance | C75: =IFERROR(C73+(C66-C67)*(C74-C73)/(C68-C67),C73) -> 1339.6 | O75: Distance | P75: =IFERROR(P73+(P66-P67)*(P74-P73)/(P68-P67),P73) -> #N/A | AB75: Distance | AC75: =IFERROR(AC73+(AC66-AC67)*(AC74-AC73)/(AC68-AC67),AC73) -> 1312.6667
B77: Obstacle height | O77: Obstacle height | AB77: Obstacle height
A78: ft | B78: 1000 | C78: 1500 | D78: 2000 | E78: 2500 | F78: 3000 | G78: 3500 | H78: 4000 | N78: ft | O78: 1000 | P78: 1600 | Q78: 2200 | R78: 2800 | S78: 3400 | T78: 4000 | U78: 4600 | V78: 5000 | AA78: ft | AB78: 750 | AC78: 1100 | AD78: 1450 | AE78: 1850 | AF78: 2200 | AG78: 2600 | AH78: 2950 | AI78: 3300 | AJ78: 3700 | AK78: 4100 | AL78: 4500
A79: 0 | B79: 1000 | C79: 1500 | D79: 2000 | E79: 2500 | F79: 3000 | G79: 3500 | H79: 99999 | N79: 0 | V79: 99999 | AA79: 0 | AB79: 750 | AC79: 1100 | AD79: 1450 | AE79: 1850 | AF79: 2200 | AG79: 2600 | AH79: 2950 | AI79: 3300 | AJ79: 3700 | AK79: 4100 | AL79: 99999
A80: 50 | B80: 1200 | C80: 1900 | D80: 2550 | E80: 3230 | F80: 3900 | G80: 4650 | H80: 99999 | N80: 50 | V80: 99999 | AA80: 50 | AB80: 1150 | AC80: 1600 | AD80: 2100 | AE80: 2600 | AF80: 3100 | AG80: 3650 | AH80: 4150 | AI80: 4700 | AJ80: 5250 | AK80: 5800 | AL80: 99999
B82: x_n: | C82: =C75 -> 1339.6 | D82: Table size | O82: x_n: | P82: =P75 -> #N/A | Q82: Table size | AB82: x_n: | AC82: =AC75 -> 1312.6667 | AD82: Table size
B83: x1_n: | C83: {=INDEX($B78:$H78,MATCH(C82,$B78:$H78,1))} -> 1000 | D83: Rows: | E83: =MATCH(MAX($A79:$A80),$A79:$A80,1) -> 2 | O83: x1_n: | P83: {=INDEX($O78:$V78,MATCH(P82,$O78:$V78,1))} -> #N/A | Q83: Rows: | R83: =MATCH(MAX($N79:$N80),$N79:$N80,1) -> 2 | AB83: x1_n: | AC83: {=INDEX($AB78:$AL78,MATCH(AC82,$AB78:$AL78,1))} -> 1100 | AD83: Rows: | AE83: =MATCH(MAX($AA79:$AA80),$AA79:$AA80,1) -> 2
B84: x2_n: | C84: {=INDEX($B78:$H78,IF(MATCH(C82,$B78:$H78,1)<E84,MATCH(C82,$B78:$H78,1)+1,MATCH(C82,$B78:$H78,1)))} -> 1500 | D84: Columns: | E84: =MATCH(MAX($B78:$H78),$B78:$H78,0) -> 7 | O84: x2_n: | P84: {=INDEX($O78:$V78,IF(MATCH(P82,$O78:$V78,1)<R84,MATCH(P82,$O78:$V78,1)+1,MATCH(P82,$O78:$V78,1)))} -> #N/A | Q84: Columns: | R84: =MATCH(MAX($O78:$V78),$O78:$V78,0) -> 8 | AB84: x2_n: | AC84: {=INDEX($AB78:$AL78,IF(MATCH(AC82,$AB78:$AL78,1)<AE84,MATCH(AC82,$AB78:$AL78,1)+1,MATCH(AC82,$AB78:$AL78,1)))} -> 1450 | AD84: Columns: | AE84: =MATCH(MAX($AB78:$AL78),$AB78:$AL78,0) -> 11
B85: y_n: | C85: 50 | O85: y_n: | P85: 50 | AB85: y_n: | AC85: 50
B86: n1: | C86: {=INDEX($A79:$A80,MATCH(C85,$A79:$A80,1))} -> 50 | O86: n1: | P86: {=INDEX($N79:$N80,MATCH(P85,$N79:$N80,1))} -> 50 | AB86: n1: | AC86: {=INDEX($AA79:$AA80,MATCH(AC85,$AA79:$AA80,1))} -> 50
B87: n2: | C87: {=INDEX($A79:$A80,IF(MATCH(C85,$A79:$A80,1)<E83,MATCH(C85,$A79:$A80,1)+1,MATCH(C85,$A79:$A80,1)))} -> 50 | O87: n2: | P87: {=INDEX($N79:$N80,IF(MATCH(P85,$N79:$N80,1)<R83,MATCH(P85,$N79:$N80,1)+1,MATCH(P85,$N79:$N80,1)))} -> 50 | AB87: n2: | AC87: {=INDEX($AA79:$AA80,IF(MATCH(AC85,$AA79:$AA80,1)<AE83,MATCH(AC85,$AA79:$AA80,1)+1,MATCH(AC85,$AA79:$AA80,1)))} -> 50
B88: y1_n1: | C88: {=INDEX($B79:$H80,MATCH(C85,$A79:$A80,1),MATCH(C82,$B78:$H78,1))} -> 1200 | O88: y1_n1: | P88: {=INDEX($O79:$V80,MATCH(P85,$N79:$N80,1),MATCH(P82,$O78:$V78,1))} -> #N/A | AB88: y1_n1: | AC88: {=INDEX($AB79:$AL80,MATCH(AC85,$AA79:$AA80,1),MATCH(AC82,$AB78:$AL78,1))} -> 1600
B89: y2_n1: | C89: {=INDEX($B79:$H80,MATCH(C85,$A79:$A80,1),IF(MATCH(C82,$B78:$H78,1)<E84,MATCH(C82,$B78:$H78,1)+1,MATCH(C85,$A79:$A80,1)))} -> 1900 | O89: y2_n1: | P89: {=INDEX($O79:$V80,MATCH(P85,$N79:$N80,1),IF(MATCH(P82,$O78:$V78,1)<R84,MATCH(P82,$O78:$V78,1)+1,MATCH(P85,$N79:$N80,1)))} -> #N/A | AB89: y2_n1: | AC89: {=INDEX($AB79:$AL80,MATCH(AC85,$AA79:$AA80,1),IF(MATCH(AC82,$AB78:$AL78,1)<AE84,MATCH(AC82,$AB78:$AL78,1)+1,MATCH(AC85,$AA79:$AA80,1)))} -> 2100
B90: y1_n2: | C90: {=INDEX($B79:$H80,IF(MATCH(C85,$A79:$A80,1)<E83,MATCH(C85,$A79:$A80,1)+1,MATCH(C85,$A79:$A80,1)),MATCH(C82,$B78:$H78,1))} -> 1200 | O90: y1_n2: | P90: {=INDEX($O79:$V80,IF(MATCH(P85,$N79:$N80,1)<R83,MATCH(P85,$N79:$N80,1)+1,MATCH(P85,$N79:$N80,1)),MATCH(P82,$O78:$V78,1))} -> #N/A | AB90: y1_n2: | AC90: {=INDEX($AB79:$AL80,IF(MATCH(AC85,$AA79:$AA80,1)<AE83,MATCH(AC85,$AA79:$AA80,1)+1,MATCH(AC85,$AA79:$AA80,1)),MATCH(AC82,$AB78:$AL78,1))} -> 1600
B91: y2_n2: | C91: {=INDEX($B79:$H80,IF(MATCH(C85,$A79:$A80,1)<E83,MATCH(C85,$A79:$A80,1)+1,MATCH(C85,$A79:$A80,1)),IF(MATCH(C82,$B78:$H78,1)<E84,MATCH(C82,$B78:$H78,1)+1,MATCH(C82,$B78:$H78,1)))} -> 1900 | O91: y2_n2: | P91: {=INDEX($O79:$V80,IF(MATCH(P85,$N79:$N80,1)<R83,MATCH(P85,$N79:$N80,1)+1,MATCH(P85,$N79:$N80,1)),IF(MATCH(P82,$O78:$V78,1)<R84,MATCH(P82,$O78:$V78,1)+1,MATCH(P82,$O78:$V78,1)))} -> #N/A | AB91: y2_n2: | AC91: {=INDEX($AB79:$AL80,IF(MATCH(AC85,$AA79:$AA80,1)<AE83,MATCH(AC85,$AA79:$AA80,1)+1,MATCH(AC85,$AA79:$AA80,1)),IF(MATCH(AC82,$AB78:$AL78,1)<AE84,MATCH(AC82,$AB78:$AL78,1)+1,MATCH(AC82,$AB78:$AL78,1)))} -> 2100
B92: y_n1: | C92: =IFERROR(C88+(C82-C83)*(C89-C88)/(C84-C83),C88) -> 1675.44 | O92: y_n1: | P92: =IFERROR(P88+(P82-P83)*(P89-P88)/(P84-P83),P88) -> #N/A | AB92: y_n1: | AC92: =IFERROR(AC88+(AC82-AC83)*(AC89-AC88)/(AC84-AC83),AC88) -> 1903.8095
B93: y_n2: | C93: =IFERROR(C90+(C82-C83)*(C91-C90)/(C84-C83),C90) -> 1675.44 | O93: y_n2: | P93: =IFERROR(P90+(P82-P83)*(P91-P90)/(P84-P83),P90) -> #N/A | AB93: y_n2: | AC93: =IFERROR(AC90+(AC82-AC83)*(AC91-AC90)/(AC84-AC83),AC90) -> 1903.8095
B94: Distance | C94: =IFERROR(C92+(C85-C86)*(C93-C92)/(C87-C86),C92) -> 1675.44 | O94: Distance | P94: =IFERROR(P92+(P85-P86)*(P93-P92)/(P87-P86),P92) -> #N/A | AB94: Distance | AC94: =IFERROR(AC92+(AC85-AC86)*(AC93-AC92)/(AC87-AC86),AC92) -> 1903.8095
